elapsed_s,brachioradialis_thickness_normalized_1,biceps_semg_normalized_1,wrist_contact_force_normalized_1
0.0,-0.0440508628519527,-0.0014544767779893087,-0.0045753638208302794
0.005015373229980469,-0.0440508628519527,-0.0016633932930696666,-0.0069104317248039095
0.04197573661804199,-0.0440508628519527,-0.0018305265051339085,-0.0069104317248039095
0.04797244071960449,-0.0440508628519527,-0.0018723098081499503,-0.005294174864015845
0.05197024345397949,-0.0440508628519527,-0.0019558764141821084,-0.0045753638208302794
0.08497023582458496,-0.0440508628519527,-0.0019140931111660665,-0.00694044776304766
0.08994936943054199,-0.0440508628519527,-0.0018305265051339085,-0.0031096368297365336
0.12193131446838379,-0.0440508628519527,-0.0017469598991017505,-0.0031096368297365336
0.12694668769836426,-0.0440508628519527,-0.0024990593533909503,-0.005155898732780586
0.15891098976135254,-0.0440508628519527,-0.0027079758684712338,-0.005155898732780586
0.1639082431793213,-0.0440508628519527,-0.00262440926243915,-0.0038590260092603032
0.16990447044372559,-0.0440508628519527,-0.0027079758684712338,-0.006190046806953877
0.2059032917022705,-0.0440508628519527,-0.0026661925654551917,-0.0038590260092603032
0.2118818759918213,-0.0440508628519527,-0.0032093755046640336,-0.004399651956504499
0.24686241149902344,-0.0440508628519527,-0.002916892383551592,-0.0048633828844276234
0.2778453826904297,-0.0440508628519527,-0.0030004589895837497,-0.001780612095213581
0.28484153747558594,-0.0440508628519527,-0.0030004589895837497,-0.004320283705567838
0.3218216896057129,-0.0440508628519527,-0.00312580889863195,-0.003246788764782888
0.3278176784515381,-0.0440508628519527,-0.0021230096262463503,-0.006076165733017847
0.36479783058166504,-0.0440508628519527,-0.0014126934749732667,-0.004320283705567838
0.39877867698669434,-0.0440508628519527,-0.0015380433840214668,-0.004320283705567838
0.40477514266967773,-0.0440508628519527,-0.00036811089957162536,-0.006076165733017847
0.44475317001342773,-0.0440508628519527,-0.0002427609905234254,-0.006076165733017847
0.4497499465942383,-0.0440508628519527,0.0004257718577336162,-0.006649955467834727
0.48273158073425293,-0.0440508628519527,-0.00015919438449126736,-0.0031062642411698203
0.5137193202972412,-0.0440508628519527,-3.3844475443067426e-05,-0.0009108215038581346
0.5187125205993652,-0.0440508628519527,-7.562777845918355e-05,-0.0031062642411698203
0.5237092971801758,-0.0440508628519527,0.00017507203963721633,-0.0015303660235634292
0.5567054748535156,-0.0440508628519527,0.0005093384637657743,-0.0015303660235634292
0.5617029666900635,-0.0440508628519527,0.0007600382818621,-0.0015303660235634292
0.5656862258911133,-0.0440508628519527,0.000592905069797858,-0.0015303660235634292
0.5976684093475342,-0.0440508628519527,0.0017628375542476993,-0.0003170210768787541
0.6346473693847656,-0.0440508628519527,0.0019299707663119412,-0.0003170210768787541
0.6406443119049072,-0.0440508628519527,0.001971754069327983,-2.248167538576334e-05
0.6446418762207031,-0.0440508628519527,0.0023895870994886993,0.0037390787726888433
0.6776242256164551,-0.0440508628519527,0.002306020493456541,-0.0008076202937166974
0.6826212406158447,-0.0440508628519527,0.001971754069327983,-0.0008076202937166974
0.6876189708709717,-0.0440508628519527,0.0013032212210710157,-0.00022764747986084278
0.720599889755249,-0.0440508628519527,0.0011778713120228158,0.0009847981098727089
0.725597620010376,-0.0440508628519527,0.0005511217667818161,0.001696751556305957
0.7575995922088623,-0.0440508628519527,0.0003004219486854163,0.001696751556305957
0.7625770568847656,-0.0440508628519527,-0.00040989420258766724,-0.0011252057170822313
0.8005564212799072,-0.0440508628519527,-0.00028454429353946733,0.004465197091102289
0.8305397033691406,-0.0440508628519527,-7.562777845918355e-05,0.0017154132130417724
0.8355369567871094,-0.0440508628519527,-0.00015919438449126736,0.0035218840689924856
0.869518518447876,-0.0440508628519527,-7.562777845918355e-05,0.0025314672265675815
0.8765149116516113,-0.0440508628519527,-7.562777845918355e-05,0.005377482298398327
0.8805129528045654,-0.0440508628519527,0.00017507203963721633,0.00768590675269492
0.9144933223724365,-0.0440508628519527,0.0003004219486854163,0.007266806413471305
0.9205136299133301,-0.0440508628519527,-3.3844475443067426e-05,0.0062787503830431
0.953472375869751,-0.0440508628519527,-0.00011741108147522546,0.0062787503830431
0.9584698677062988,0.04677565849227978,0.0006346883728139741,0.007259499138243425
0.9934501647949219,0.04677565849227978,0.0005511217667818161,0.007259499138243425
0.9984467029571533,0.04677565849227978,0.000592905069797858,0.007024879393619047
1.0034444332122803,0.04677565849227978,0.00017507203963721633,0.00849780124032178
1.034426212310791,0.04677565849227978,0.0003004219486854163,0.0057959081199085985
1.0694084167480469,0.04677565849227978,0.0003839885547175743,0.008623936052716871
1.0734238624572754,0.04677565849227978,0.00046755516074965814,0.009128812561153903
1.106386423110962,0.04677565849227978,0.00025863864566937436,0.011226450230030893
1.1103837490081787,0.04677565849227978,0.00025863864566937436,0.011226450230030893
1.1153812408447266,0.04677565849227978,0.000592905069797858,0.010638270783996035
1.1203782558441162,0.04677565849227978,0.0014285711301191416,0.01574796730180497
1.155360460281372,0.04677565849227978,0.0015957043421834577,0.014132834637205813
1.1603562831878662,0.04677565849227978,0.002431370402504741,0.02084316168877704
1.192357063293457,0.04677565849227978,0.002264237190440499,0.02241883506714565
1.1973350048065186,0.04677565849227978,0.002306020493456541,0.02241883506714565
1.2033336162567139,0.04677565849227978,0.002807420129649341,0.040519967583173284
1.2363133430480957,0.04677565849227978,0.0029327700386975407,0.040519967583173284
1.2413108348846436,0.04677565849227978,0.0023895870994886993,0.04133141239232459
1.2463266849517822,0.04677565849227978,0.002306020493456541,0.044313680042250565
1.2513236999511719,0.04677565849227978,0.004938368583468666,0.053992334711005355
1.3172681331634521,-0.0440508628519527,0.009074915582059116,0.06349235460534321
1.3562474250793457,-0.0440508628519527,0.009618098521267956,0.06389425474287658
1.364241361618042,-0.0440508628519527,0.019102908305914663,0.0803267428557132
1.4192111492156982,-0.0440508628519527,0.02186060630497499,0.08570388564686253
1.4302046298980713,-0.0440508628519527,0.03147076599866997,0.09085023096042975
1.4641859531402588,-0.0440508628519527,0.033727064361537495,0.09271336130430126
1.4691832065582275,-0.0440508628519527,0.036526545663613866,0.09938501600697416
1.47517991065979,-0.0440508628519527,0.05457693256655391,0.106274315091819
1.511160135269165,-0.0440508628519527,0.07250196956044584,0.11821518975150641
1.5471408367156982,-0.13487738419618517,0.11344960651618961,0.13329661888451755
1.5811209678649902,-0.13487738419618517,0.12698739669339468,0.13773269704593488
1.5901157855987549,-0.13487738419618517,0.1293272616622943,0.13786917446326788
1.5951128005981445,-0.13487738419618517,0.16028868919719857,0.13957491734069274
1.6271088123321533,-0.13487738419618517,0.165093769044046,0.13810536808255675
1.6321055889129639,-0.13487738419618517,0.16810216686120277,0.13810536808255675
1.637089490890503,-0.13487738419618517,0.19225291600448838,0.14596777138851735
1.6670725345611572,-0.22570390554041764,0.20625032251487005,0.14687218722249104
1.6720829010009766,-0.22570390554041764,0.2189106633287378,0.14687218722249104
1.677067756652832,-0.22570390554041764,0.23299163644515172,0.1567114895266403
1.7100486755371094,-0.22570390554041764,0.24907820810633682,0.16059851026939664
1.7420310974121094,-0.22570390554041764,0.2711397920988191,0.16060210769720115
1.7510263919830322,-0.22570390554041764,0.2830480334583977,0.16060210769720115
1.7560234069824219,-0.22570390554041764,0.3677010053689455,0.16441347003644421
1.7890055179595947,-0.22570390554041764,0.39064003872476516,0.17420027237857164
1.8279826641082764,-0.22570390554041764,0.39502728554145206,0.1751252610028023
1.8329801559448242,-0.22570390554041764,0.39891313272194606,0.17716432805023735
1.8379766941070557,-0.22570390554041764,0.40977679150612306,0.1813788271428216
1.8759558200836182,-0.22570390554041764,0.3381602101365875,0.18314966097958404
1.907938003540039,-0.22570390554041764,0.27891148645980723,0.18617262453154837
1.9419195652008057,-0.3165304268846501,0.266543628767052,0.18617262453154837
1.94791579246521,-0.3165304268846501,0.20136167606199054,0.18167055605384233
1.9838955402374268,-0.3165304268846501,0.19475991418545222,0.17869199825133975
1.9888927936553955,-0.3165304268846501,0.15293482786637103,0.18588842773499328
2.021874189376831,-0.3165304268846501,0.14888184747381283,0.183426775340149
2.0268712043762207,-0.3165304268846501,0.14198760247616213,0.18737113008853948
2.061851739883423,-0.3165304268846501,0.14775369829237903,0.18737113008853948
2.065849781036377,-0.3165304268846501,0.20641745572693437,0.2039568461419238
2.097831964492798,-0.3165304268846501,0.21736468111714344,0.20853434818390532
2.1018478870391846,-0.3165304268846501,0.23144565423355734,0.2122725253512507
2.106846332550049,-0.3165304268846501,0.28484471548808843,0.21788631144016446
2.139810562133789,-0.22570390554041764,0.34309063989248323,0.22096391092690953
2.175788164138794,-0.22570390554041764,0.34789571973933064,0.2238898563477714
2.180785655975342,-0.22570390554041764,0.34931635204187694,0.22358733515333717
2.1857826709747314,-0.22570390554041764,0.33285373065354723,0.2302932778397717
2.218783140182495,-0.22570390554041764,0.32817400071574804,0.2302932778397717
2.223762273788452,-0.22570390554041764,0.3234524874749327,0.22592217821807303
2.2287588119506836,-0.22570390554041764,0.29315959278828546,0.22512096359424077
2.260758638381958,-0.22570390554041764,0.29395347554559065,0.22705536797648881
2.265756607055664,-0.22570390554041764,0.3437591727407402,0.2303037328643285
2.2957208156585693,-0.22570390554041764,0.3469764870729773,0.2303037328643285
2.3007185459136963,-0.22570390554041764,0.3535364656464995,0.2303037328643285
2.309731960296631,-0.22570390554041764,0.40016663181242806,0.23353377335428904
2.346693754196167,-0.22570390554041764,0.4195123011088662,0.23531764786684276
2.351691484451294,-0.22570390554041764,0.50027942583892,0.2540830679108941
2.4186525344848633,-0.22570390554041764,0.5076750704727635,0.2503994142587106
2.423650026321411,-0.22570390554041764,0.6498218673334168,0.2491481839004598
2.4556334018707275,-0.13487738419618517,0.6631089576925255,0.2491481839004598
2.4606287479400635,-0.13487738419618517,0.6648220731161841,0.24412752372081212
2.4886138439178467,-0.0440508628519527,0.6590141939969512,0.24167711328785688
2.5006253719329834,-0.0440508628519527,0.6245847523117135,0.23459557665470937
2.53358793258667,-0.0440508628519527,0.624877235432826,0.2371178232241356
2.5435829162597656,-0.0440508628519527,0.5774949698126082,0.23421447414667074
2.559573173522949,-0.0440508628519527,0.4714907300608512,0.23488505717335229
2.579562187194824,-0.0440508628519527,0.4528971602187022,0.23399368201516987
2.584559679031372,-0.0440508628519527,0.33903765949992487,0.2345976002078494
2.6185591220855713,-0.0440508628519527,0.33022138256353517,0.23582061324175865
2.623555898666382,-0.0440508628519527,0.2913629107585947,0.23953046066514366
2.6575183868408203,-0.0440508628519527,0.2249692422660672,0.24038451250985443
2.6895010471343994,-0.0440508628519527,0.2192031464498503,0.24162405122774058
2.6944985389709473,-0.0440508628519527,0.21402201687585815,0.24162405122774058
2.6994974613189697,-0.0440508628519527,0.17073451495121483,0.24451582108445974
2.7374935150146484,-0.0440508628519527,0.15473150989606196,0.2501282581379468
2.769458055496216,-0.0440508628519527,0.16605478501341547,0.2504620319864326
2.774453639984131,-0.0440508628519527,0.17361756285932328,0.2504620319864326
2.7804501056671143,-0.0440508628519527,0.28338229988252617,0.2520609762259115
2.813431739807129,0.04677565849227978,0.30068058733117714,0.25166020028456704
2.8184287548065186,0.04677565849227978,0.3659043233392547,0.25383844282018847
2.836418390274048,0.04677565849227978,0.4600421050344493,0.2547308297549409
2.858408212661743,0.04677565849227978,0.6570503787551961,0.25607503113801405
2.898385524749756,0.04677565849227978,0.6664934052368268,0.25607503113801405
2.90438175201416,0.04677565849227978,0.6526631319385092,0.2544794594871018
2.970343828201294,0.04677565849227978,0.607537164681159,0.2551653315819525
2.9863345623016357,0.04677565849227978,0.5305305372225512,0.2531198566162407
3.0073232650756836,0.04677565849227978,0.5081346868059402,0.25662172774467834
3.0113391876220703,0.04677565849227978,0.4811844563605782,0.25407182594900507
3.017317533493042,0.04677565849227978,0.3588011618265236,0.25561219956704206
3.049299478530884,0.04677565849227978,0.34175357419596913,0.25561219956704206
3.0533156394958496,0.04677565849227978,0.32361962068699685,0.25561219956704206
3.0583131313323975,0.04677565849227978,0.22547064190226002,0.25758280306657283
3.0912764072418213,0.04677565849227978,0.21707219799603092,0.25461425061015147
3.096273899078369,0.04677565849227978,0.1498010801401662,0.25943705226055197
3.132272481918335,0.04677565849227978,0.14645841589888106,0.25857164603433325
3.1372697353363037,0.04677565849227978,0.13789283878058764,0.2605313448308317
3.147244453430176,0.04677565849227978,0.14357536799077245,0.2607922707662764
3.1742300987243652,0.04677565849227978,0.15368692732066025,0.2607922707662764
3.1792304515838623,0.04677565849227978,0.1645088028018211,0.25915971306074925
3.1842241287231445,0.04677565849227978,0.4642204353360559,0.2617580677121643
3.2431914806365967,0.04677565849227978,0.49493116305286367,0.2628781043751699
3.2481887340545654,0.04677565849227978,0.5462828424596076,0.2647265077489668
3.253204107284546,0.04677565849227978,0.713541404432916,0.2690814189455452
3.2871663570404053,0.13760217983651224,0.749558611632764,0.2697101818739995
3.2961647510528564,0.13760217983651224,0.7875396340743673,0.2738158587754978
3.3291430473327637,0.13760217983651224,0.7848237193783231,0.2758728005423364
3.3341596126556396,0.13760217983651224,0.7432075495743223,0.2782781307081166
3.351130247116089,0.13760217983651224,0.588233278687737,0.2765708139560273
3.375135660171509,0.13760217983651224,0.549165890367716,0.2778710592681143
3.380114793777466,0.13760217983651224,0.3971164506922553,0.27867362292737324
3.4131157398223877,0.13760217983651224,0.36594610664227084,0.27867362292737324
3.418093681335449,0.13760217983651224,0.28196166757998,0.28107985245010453
3.4510762691497803,0.13760217983651224,0.2701787761294496,0.28013451587485466
3.486062526702881,0.13760217983651224,0.32336892086890046,0.2775633667712111
3.525033712387085,0.13760217983651224,0.3364053114099128,0.27844023979855664
3.5320301055908203,0.13760217983651224,0.37108545291324674,0.2758768476486165
3.564011573791504,0.13760217983651224,0.3675756554598973,0.2758768476486165
3.569009304046631,0.13760217983651224,0.36364802497638726,0.27844023979855664
3.5740060806274414,0.13760217983651224,0.3508205509504552,0.2807782306126214
3.5909972190856934,0.13760217983651224,0.3633973251582909,0.2791928891470282
3.61098575592041,0.13760217983651224,0.3639405080974996,0.2791928891470282
3.6169824600219727,0.13760217983651224,0.3220736384754025,0.2819261473411118
3.6489644050598145,0.13760217983651224,0.31484512705362316,0.2819261473411118
3.654961109161377,0.13760217983651224,0.25998365019352976,0.28505377355826317
3.688943386077881,0.13760217983651224,0.25597245310398753,0.28505377355826317
3.693939685821533,0.13760217983651224,0.20992725318028382,0.2893293165039049
3.724921703338623,0.13760217983651224,0.19964856063833186,0.28541835038232494
3.729919910430908,0.13760217983651224,0.19229469930750434,0.28541835038232494
3.7349159717559814,0.13760217983651224,0.18602720385509464,0.2845359687936537
3.7399137020111084,0.13760217983651224,0.15368692732066025,0.28631410990564404
3.7718958854675293,0.22842870118074474,0.1725311969809056,0.28742031895552617
3.802896499633789,0.22842870118074474,0.1741189624955161,0.28617515925669545
3.807893991470337,0.22842870118074474,0.2198298959950913,0.28096507201921733
3.839858055114746,0.22842870118074474,0.24017836456391492,0.28096507201921733
3.8488526344299316,0.22842870118074474,0.30435751799659094,0.2806112874785691
3.883852005004883,0.22842870118074474,0.3091208145404224,0.28171850830502115
3.8888299465179443,0.22842870118074474,0.3134662780540931,0.28171850830502115
3.893827199935913,0.22842870118074474,0.31275596190282,0.27251842395388304
3.929807424545288,0.22842870118074474,0.3033129354211892,0.2738561049990606
3.9627890586853027,0.22842870118074474,0.260735749647819,0.2745235402764132
3.997770309448242,0.22842870118074474,0.2528387053777827,0.2745235402764132
4.002767086029053,0.22842870118074474,0.23048463826418786,0.27453478223830224
4.036747694015503,0.22842870118074474,0.22797764008322402,0.27453478223830224
4.042743921279907,0.22842870118074474,0.19028910076273328,0.2721526105140135
4.078723907470703,0.22842870118074474,0.1906651504898779,0.2721526105140135
4.083721399307251,0.22842870118074474,0.1967237294272073,0.2787209515869261
4.117702484130859,0.22842870118074474,0.20002461036547647,0.2752736039736503
4.12569785118103,0.22842870118074474,0.2012781094559583,0.2752736039736503
4.130695104598999,0.22842870118074474,0.21347883393664938,0.2747163399228103
4.162677526473999,0.22842870118074474,0.22902222265862557,0.2727533809573641
4.178668260574341,0.22842870118074474,0.24774114240982276,0.2687279716637536
4.197657823562622,0.22842870118074474,0.2495378244395135,0.2636143404592835
4.202654838562012,0.22842870118074474,0.2537997213471522,0.2636143404592835
4.209652423858643,0.22842870118074474,0.3394972758331015,0.26051167139752585
4.273615121841431,0.22842870118074474,0.35545849758523845,0.26075629648823145
4.290605783462524,0.22842870118074474,0.3763083657902549,0.26402129947966696
4.310595273971558,0.22842870118074474,0.38132236215218274,0.26399656716351105
4.315592288970947,0.22842870118074474,0.3835786605150502,0.26399656716351105
4.320589065551758,0.22842870118074474,0.3982445998736891,0.2647343771222891
4.352589845657349,0.22842870118074474,0.40112764778179755,0.26677614224057755
4.357568264007568,0.22842870118074474,0.4160025036555168,0.2702695818975984
4.3845720291137695,0.22842870118074474,0.41804988550330396,0.2655046763509265
4.39554762840271,0.22842870118074474,0.42628119619746874,0.264251085180679
4.414537191390991,0.22842870118074474,0.4972710280217632,0.2668827160392857
4.444519519805908,0.22842870118074474,0.5952946568974519,0.26017497463894895
4.477519989013672,0.22842870118074474,0.6283034662801433,0.26202214139693797
4.482517242431641,0.22842870118074474,0.6519528157872362,0.2576535150068549
4.487514495849609,0.22842870118074474,0.7656033999909331,0.24904891737697954
4.522491216659546,0.22842870118074474,0.8147823476408417,0.24472064963007817
4.555458068847656,0.22842870118074474,0.7582913219631218,0.2412484572810276
4.5904381275177,0.22842870118074474,0.7421211836959046,0.2412484572810276
4.595454216003418,0.22842870118074474,0.7123296886454502,0.23831104505903888
4.601451873779297,0.22842870118074474,0.6397938746095612,0.24282132016892394
4.636413097381592,0.22842870118074474,0.6915633870464658,0.24939753061515885
4.67140007019043,0.22842870118074474,0.70192564619445,0.24939753061515885
4.676408529281616,0.22842870118074474,0.7147113369173658,0.25228783901683244
4.681387424468994,0.22842870118074474,0.8645880448359912,0.26352035765789106
4.712388515472412,0.22842870118074474,0.8956748222799435,0.26330215117762473
4.717385530471802,0.22842870118074474,0.9606478584699247,0.26572085927805283
4.72737979888916,0.22842870118074474,1.0254537614478418,0.27157387431596547
4.755346298217773,0.22842870118074474,1.0246598786905365,0.28003592386908777
4.789326906204224,0.22842870118074474,1.012709854027942,0.28003592386908777
4.795323133468628,0.22842870118074474,1.0027654279101184,0.2818371110029506
4.800320386886597,0.22842870118074474,0.8853961297379918,0.2808799703677173
4.837300539016724,0.22842870118074474,0.8600754481102563,0.2808799703677173
4.842297554016113,0.22842870118074474,0.6576353449974209,0.28683258918796684
4.9022815227508545,0.3192552225249772,0.646061370061971,0.28683258918796684
4.907261371612549,0.3192552225249772,0.6292644822495128,0.28891617440448253
4.915257215499878,0.3192552225249772,0.5549319861839331,0.29050455119978574
4.9472386837005615,0.3192552225249772,0.543901194187692,0.29050455119978574
4.952236175537109,0.3192552225249772,0.5198757949534544,0.29050455119978574
4.958235263824463,0.3192552225249772,0.41821701871536815,0.29161289622242675
4.99221396446228,0.3192552225249772,0.32896788347305317,0.29254586663959864
5.027193784713745,0.3192552225249772,0.30987291399471145,0.2912304446789614
5.03618860244751,0.3192552225249772,0.28476114888205634,0.2904194495482857
5.053179502487183,0.3192552225249772,0.28033211876235353,0.2858552130213332
5.074167490005493,0.3192552225249772,0.28196166757998,0.2858552130213332
5.079164743423462,0.3192552225249772,0.2817945343679157,0.28488559380840306
5.113146066665649,0.3192552225249772,0.2820452341860121,0.28488559380840306
5.117161750793457,0.3192552225249772,0.292198576818916,0.28150817119807714
5.149139165878296,0.3192552225249772,0.29228214342494807,0.28007864332426613
5.154124021530151,0.3192552225249772,0.2999702711799041,0.2821303013690169
5.185123682022095,0.3192552225249772,0.3013491201794341,0.2821303013690169
5.1911022663116455,0.3192552225249772,0.3767261988204156,0.27829724204332795
5.228082895278931,0.3192552225249772,0.39038933890666877,0.2817373948009948
5.234079360961914,0.3192552225249772,0.40384356247784187,0.2817373948009948
5.238075494766235,0.3192552225249772,0.5078004203818117,0.284886718004592
5.271057605743408,0.3192552225249772,0.5174523633785226,0.284886718004592
5.276054620742798,0.3192552225249772,0.608205697529416,0.2862265350225284
5.309054613113403,0.3192552225249772,0.6237490862513922,0.2862265350225284
5.314052104949951,0.3192552225249772,0.6309775976731715,0.2862265350225284
5.319049596786499,0.3192552225249772,0.6463120698800673,0.28452764974185585
5.350013256072998,0.3192552225249772,0.6382061090949507,0.28452764974185585
5.355010509490967,0.3192552225249772,0.5339149847668524,0.2804703132764805
5.3949902057647705,0.3192552225249772,0.4524793271885415,0.27509069725371554
5.425990104675293,0.3192552225249772,0.44078000234404335,0.2758733626404309
5.430970191955566,0.3192552225249772,0.3351518123194308,0.27571496339741425
5.469946384429932,0.3192552225249772,0.32825756732178013,0.27571496339741425
5.474944591522217,0.3192552225249772,0.2913211274555786,0.2760499738617078
5.507925271987915,0.3192552225249772,0.2876441967901648,0.2760499738617078
5.5129234790802,0.3192552225249772,0.25204482262047734,0.2712424612794764
5.54990291595459,0.3192552225249772,0.2121417682401353,0.28120553758402406
5.583882570266724,0.3192552225249772,0.20014996027452467,0.27974621851120707
5.616864204406738,0.3192552225249772,0.2037851076369223,0.2771794537727002
5.624859809875488,0.3192552225249772,0.20583248948470947,0.2789669257130584
5.629856824874878,0.3192552225249772,0.22563777511432434,0.2749447765883957
5.661857604980469,0.3192552225249772,0.22956540559783434,0.2718291792704657
5.6668548583984375,0.3192552225249772,0.23445405205071398,0.2718291792704657
5.671833276748657,0.3192552225249772,0.23946804841264185,0.27071420149031017
5.676831007003784,0.3192552225249772,0.2493706912274492,0.26996751038163974
5.7258031368255615,0.3192552225249772,0.23403621902055344,0.2677800494372693
5.739795446395874,0.3192552225249772,0.22806120668925609,0.2677800494372693
5.744792699813843,0.3192552225249772,0.20854840418075377,0.265812031588973
5.761783123016357,0.3192552225249772,0.18184887355348806,0.26665922583693147
5.785769701004028,0.3192552225249772,0.1578652576222668,0.2646687240648571
5.819751024246216,0.3192552225249772,0.1637567033475319,0.26671307483438
5.831744194030762,0.3192552225249772,0.17775410985791373,0.26708304780014847
5.858729124069214,0.3192552225249772,0.1794672252815724,0.26708304780014847
5.862726926803589,0.3192552225249772,0.1804282412509419,0.2678037699768552
5.8677239418029785,0.3192552225249772,0.18293523943190576,0.27470903264758245
5.9007062911987305,0.3192552225249772,0.18439765503746802,0.27377752368545616
5.907701730728149,0.3192552225249772,0.19881289457801057,0.2721432796856456
5.91269850730896,0.3192552225249772,0.40593272762864496,0.2835144117167962
5.982660293579102,0.3192552225249772,0.5606562986971341,0.2825148888852412
6.022638320922852,0.3192552225249772,0.6034424009855845,0.2825400708798726
6.039628505706787,0.3192552225249772,0.61209154470991,0.2833026131548066
6.059616327285767,0.3192552225249772,0.5662970446043027,0.28495079718735955
6.09259819984436,0.3192552225249772,0.5631632968780979,0.28495079718735955
6.097594976425171,0.3192552225249772,0.5603220322730054,0.28567017032863956
6.102592706680298,0.3192552225249772,0.5577314674860094,0.28567017032863956
6.1075897216796875,0.3192552225249772,0.497103894809699,0.2847191003528263
6.13959002494812,0.3192552225249772,0.48682520226774695,0.2825400708798726
6.144587993621826,0.3192552225249772,0.4739141616357829,0.2833026131548066
6.149565935134888,0.3192552225249772,0.4225206989260229,0.28600664224797867
6.211531162261963,0.3192552225249772,0.4196794343209304,0.28600664224797867
6.216528415679932,0.3192552225249772,0.4174649192610791,0.28600664224797867
6.221526384353638,0.3192552225249772,0.4022557969632314,0.2837969222190679
6.254507780075073,0.3192552225249772,0.3995816655702032,0.28360580886695413
6.259504556655884,0.3192552225249772,0.3973671505103517,0.28360580886695413
6.264502286911011,0.3192552225249772,0.3763919323962871,0.2821259170038802
6.295484781265259,0.3192552225249772,0.36398229140051575,0.283987698312325
6.300482273101807,0.3192552225249772,0.33724097747023407,0.2837969222190679
6.33246374130249,0.3192552225249772,0.3270458515343142,0.28217785486780755
6.340478420257568,0.3192552225249772,0.2585212345879675,0.2801182150301156
6.377439260482788,0.3192552225249772,0.24389707853234466,0.2801182150301156
6.3834357261657715,0.3192552225249772,0.20900802051393044,0.27847924940631164
6.422413110733032,0.3192552225249772,0.20157059257707083,0.2759170938721793
6.448417663574219,0.3192552225249772,0.2012781094559583,0.2792036814304417
6.453396558761597,0.3192552225249772,0.20094384303182983,0.27481009788496497
6.4613938331604,0.3192552225249772,0.22367395987256924,0.27403013056910297
6.495373487472534,0.3192552225249772,0.30853584829819736,0.2760852736220394
6.531353235244751,0.3192552225249772,0.3235778373839807,0.2760852736220394
6.543346643447876,0.3192552225249772,0.32508203629255916,0.2720364810476997
6.5733301639556885,0.3192552225249772,0.3441352224678848,0.2731420155798684
6.611308574676514,0.3192552225249772,0.3409179081356479,0.2731420155798684
6.615306377410889,0.3192552225249772,0.3372827607732502,0.2740879142532127
6.620303630828857,0.3192552225249772,0.30707343269263504,0.27215946811076586
6.653284549713135,0.3192552225249772,0.3045246512086551,0.2785971775865277
6.658281564712524,0.3192552225249772,0.2916971771827232,0.2819620091995379
6.689265012741089,0.3192552225249772,0.2907361612133537,0.2814030588544146
6.694261312484741,0.3192552225249772,0.29019297827414475,0.2814030588544146
6.700258255004883,0.3192552225249772,0.3377423771064269,0.2814525234867264
6.732240915298462,0.3192552225249772,0.3516980003137926,0.2827121853163939
6.737238168716431,0.3192552225249772,0.510599901683888,0.2806478238547085
6.794205904006958,0.3192552225249772,0.554263453335676,0.2776419480848155
6.810197114944458,0.3192552225249772,0.5625365473328569,0.2763978001625549
6.8161938190460205,0.3192552225249772,0.5744865719954515,0.2760285017144997
6.848193645477295,0.3192552225249772,0.5622858475147605,0.2754704507263275
6.853191137313843,0.3192552225249772,0.5397228638860854,0.2754704507263275
6.8581702709198,0.3192552225249772,0.4062252107497575,0.276673677907312
6.890153884887695,0.3192552225249772,0.3856260423628375,0.2722755975770797
6.89514946937561,0.3192552225249772,0.29441309187876746,0.26980259080072744
6.930129528045654,0.3192552225249772,0.2771983710361485,0.26975829747088464
6.936126708984375,0.3192552225249772,0.22576312502337254,0.26998291186942774
6.975105285644531,0.3192552225249772,0.21882709672270573,0.27104775049955815
6.980101823806763,0.3192552225249772,0.19292144885274534,0.2649941788615449
7.012084484100342,0.3192552225249772,0.19175151636829557,0.2649941788615449
7.017081260681152,0.3192552225249772,0.22099982847954108,0.25617969380320105
7.0520617961883545,0.3192552225249772,0.23930091520057753,0.25087551134471164
7.084043979644775,0.3192552225249772,0.24264357944186282,0.25087551134471164
7.089041471481323,0.3192552225249772,0.24586089377409975,0.2482863751020456
7.094038486480713,0.3192552225249772,0.2525044389536542,0.24867928167006773
7.099035024642944,0.3192552225249772,0.2611117993749636,0.24867928167006773
7.104032516479492,0.3192552225249772,0.30310401890610894,0.24688045534820158
7.1400134563446045,0.3192552225249772,0.34246389034724223,0.24384861064634492
7.172994375228882,0.3192552225249772,0.34768680322425033,0.2413696456301915
7.177992820739746,0.3192552225249772,0.35579276400936694,0.2413696456301915
7.18298864364624,0.3192552225249772,0.3642747745216281,0.2404518518615698
7.188004016876221,0.3192552225249772,0.3745952503665962,0.24540730866226104
7.1930012702941895,0.3192552225249772,0.393648436541922,0.24540730866226104
7.197998762130737,0.3192552225249772,0.40309146302355264,0.24506903802901966
7.202977418899536,0.3192552225249772,0.41403868841376174,0.24910074282128805
7.207974195480347,0.3192552225249772,0.42494413050095464,0.24910074282128805
7.212971925735474,0.3192552225249772,0.5915759429290222,0.26213725908668184
7.309918165206909,0.22842870118074474,0.7011735467401609,0.2665089208064749
7.335904121398926,0.22842870118074474,0.7215220153089844,0.2665089208064749
7.340900421142578,0.22842870118074474,0.7721633785644553,0.26637323032647414
7.345897674560547,0.22842870118074474,0.9447702033238202,0.2699373819237771
7.376880407333374,0.22842870118074474,1.0051888594850502,0.2704713751135068
7.407862186431885,0.22842870118074474,1.0182670333290786,0.2704713751135068
7.412859916687012,0.22842870118074474,1.0326404895666048,0.27288862175888934
7.4178571701049805,0.22842870118074474,1.0318048235062838,0.2743208477035537
7.44983983039856,0.22842870118074474,1.0102864224530101,0.277788206008992
7.455836057662964,0.22842870118074474,0.6272171004017257,0.27379315001248195
7.523798704147339,0.22842870118074474,0.4569083573082445,0.27778191051033413
7.557780504226685,0.22842870118074474,0.4306266597111395,0.27778191051033413
7.562777280807495,0.22842870118074474,0.3124634787817075,0.27573340021491227
7.596757173538208,0.22842870118074474,0.2997613546648238,0.27573340021491227
7.601754426956177,0.22842870118074474,0.25446825419540914,0.27698226976116636
7.633736610412598,0.22842870118074474,0.25547105346779475,0.27407318728313806
7.640733242034912,0.22842870118074474,0.2558471031949393,0.2738751039146531
7.647729158401489,0.22842870118074474,0.2583958846789193,0.2714612298578372
7.65372633934021,0.22842870118074474,0.268465660705791,0.2676146801778814
7.685707092285156,0.3192552225249772,0.2628666981016382,0.26515392713998825
7.719688415527344,0.3192552225249772,0.26328453113179895,0.262740502761648
7.7246856689453125,0.3192552225249772,0.30017918769498436,0.25855905503701754
7.757680892944336,0.3192552225249772,0.3050260508448479,0.261113903295922
7.762678146362305,0.3192552225249772,0.30836871508613317,0.261113903295922
7.767676115036011,0.3192552225249772,0.3092879477524865,0.2587126202364219
7.800657033920288,0.3192552225249772,0.3094550809645509,0.25940771074002156
7.805658578872681,0.3192552225249772,0.30978934738867936,0.26014878086774745
7.810657024383545,0.3192552225249772,0.3229510878387399,0.25886393704344846
7.870623588562012,0.3192552225249772,0.31430194411441437,0.2595619504571393
7.875600814819336,0.3192552225249772,0.2634934476468792,0.26158460424021635
7.905603408813477,0.3192552225249772,0.2809170850045784,0.26049019925031774
7.9195780754089355,0.3192552225249772,0.2880620298203255,0.25959623844090085
7.924573659896851,0.3192552225249772,0.34125217455977636,0.2623452353816292
7.959554433822632,0.3192552225249772,0.4050970615683237,0.26084848057572163
7.995534420013428,0.3192552225249772,0.41784096898822354,0.26376914227449566
8.00153136253357,0.3192552225249772,0.4233981482893603,0.26376914227449566
8.006528615951538,0.3192552225249772,0.43660167204243683,0.26123407986851593
8.039510250091553,0.22842870118074474,0.42636476280350083,0.26123407986851593
8.044507026672363,0.22842870118074474,0.4058073777195968,0.258473391287423
8.050503492355347,0.22842870118074474,0.24790827562188691,0.26303313102961984
8.118465185165405,0.22842870118074474,0.1744114456166286,0.26695252862261665
8.152446985244751,0.22842870118074474,0.16897961622454002,0.26676400092173735
8.158443212509155,0.22842870118074474,0.1302047110256317,0.2693815793279827
8.191448450088501,0.3192552225249772,0.12339403263401308,0.2693815793279827
8.19643497467041,0.3192552225249772,0.10546899564012116,0.2687996953806057
8.230402946472168,0.22842870118074474,0.10914592630553492,0.2687996953806057
8.236399173736572,0.22842870118074474,0.11273929036491653,0.2713618509147381
8.2413969039917,0.22842870118074474,0.12443861520941472,0.26843039693255055
8.251410245895386,0.22842870118074474,0.15544182604733503,0.27210528185446065
8.279394149780273,0.3192552225249772,0.1902055341567012,0.2727601261344975
8.318371772766113,0.3192552225249772,0.1970579958513358,0.2727601261344975
8.32336950302124,0.3192552225249772,0.20825592105964125,0.2738626253369562
8.328348398208618,0.3192552225249772,0.24410599504742508,0.27684523024573887
8.387321949005127,0.3192552225249772,0.24840967525807972,0.27689019809329507
8.392332553863525,0.3192552225249772,0.2543429042863609,0.2743206228643159
8.397311210632324,0.3192552225249772,0.27581952203661847,0.27174396519934674
8.430291175842285,0.3192552225249772,0.274858506067249,0.2744858797040849
8.435288429260254,0.3192552225249772,0.24067976420010773,0.2755113714676036
8.468270063400269,0.3192552225249772,0.23466296856579444,0.2755113714676036
8.47426700592041,0.3192552225249772,0.18627790367319103,0.27517658584254784
8.519260883331299,0.3192552225249772,0.19279609894369715,0.2794005281831189
8.554222583770752,0.3192552225249772,0.19605519657895018,0.27682791762442976
8.559218883514404,0.3192552225249772,0.2444820447745697,0.2746532725166128
8.593200445175171,0.3192552225249772,0.2601507834055941,0.2753985021702376
8.59819769859314,0.3192552225249772,0.2830898167614138,0.2772262203341586
8.603194952011108,0.3192552225249772,0.4298745602568503,0.27911003588790595
8.635194778442383,0.3192552225249772,0.4437048335551678,0.27911003588790595
8.640194177627563,0.3192552225249772,0.4572008404293568,0.2757426186236613
8.645171165466309,0.3192552225249772,0.5669655774525598,0.26229003734875395
8.696142196655273,0.3192552225249772,0.6925244030158353,0.25767712312682195
8.713132858276367,0.3192552225249772,0.7264942283678961,0.25767712312682195
8.718130111694336,0.3192552225249772,0.7612161531742462,0.25767712312682195
8.724127054214478,0.3192552225249772,0.9676256700736077,0.23808575614278243
8.78311276435852,0.3192552225249772,0.9751048813134834,0.23808575614278243
8.790108680725098,0.3192552225249772,0.9910243197626042,0.23973888663856655
8.795086860656738,0.3192552225249772,0.9498677662917802,0.22968351382690985
8.827088356018066,0.3192552225249772,0.9135580759708196,0.22588114505717802
8.833080053329468,0.3192552225249772,0.8955076890678795,0.22588114505717802
8.838081359863281,0.3192552225249772,0.8056735875833396,0.21207095697458014
8.87004542350769,0.22842870118074474,0.8123171327628939,0.21220923310581538
8.879040002822876,0.22842870118074474,0.8398941127534967,0.20854266723570322
8.915020227432251,0.22842870118074474,0.8365514485122115,0.1876737637025926
8.953998804092407,0.22842870118074474,0.7100733902825825,0.16627648796069683
8.98598051071167,0.22842870118074474,0.6623986415412524,0.15996974734094233
8.992976665496826,0.22842870118074474,0.6168548412537415,0.15597930054880677
8.996976375579834,0.22842870118074474,0.5830521491137448,0.15597930054880677
9.00497031211853,0.22842870118074474,0.21707219799603092,0.10618168132585326
9.06793737411499,0.22842870118074474,0.1954702303367253,0.10116990229609792
9.074931144714355,0.22842870118074474,0.11842181957510135,0.07490699302900439
9.108911991119385,0.22842870118074474,0.07049637101567471,0.057094554094287445
9.14389181137085,0.13760217983651224,0.06598377428993966,0.05869900689509201
9.148889303207397,0.13760217983651224,0.042417991388879035,0.043905371986440435
9.179871559143066,0.22842870118074474,0.04028704293505971,0.043905371986440435
9.184869289398193,0.22842870118074474,0.03782182805711183,0.037704643067299634
9.189866781234741,0.22842870118074474,0.0353148298761479,0.033676648122454654
9.19486379623413,0.22842870118074474,0.02106672354766975,0.017912831902778453
9.227845191955566,0.22842870118074474,0.019437174730043222,0.017912831902778453
9.232842683792114,0.22842870118074474,0.017515142791304256,0.017500476740688265
9.237849712371826,0.22842870118074474,0.016470560215902614,0.01313511051955303
9.242836713790894,0.13760217983651224,0.005397984916645349,0.009053154157640627
9.303821802139282,0.13760217983651224,0.005147285098548949,0.007804509450624349
9.309799194335938,0.13760217983651224,0.0031834698567939405,0.009358598262165991
9.331788301467896,0.04677565849227978,0.002473153705520783,0.0073169455634964475
9.3477783203125,0.04677565849227978,0.002306020493456541,0.006289879925313256
9.352776288986206,0.04677565849227978,0.0006346883728139741,0.008544005703685758
9.385757207870483,0.04677565849227978,0.000592905069797858,0.008544005703685758
9.391753673553467,0.04677565849227978,0.0003839885547175743,0.008397747779509277
9.396769285202026,0.04677565849227978,-0.0007859439297322671,0.01421400160204472
9.426752090454102,-0.0440508628519527,-0.000827727232748309,0.011111782218762628
9.4317307472229,-0.0440508628519527,-0.000911293838780467,0.009978480040727957
9.441725969314575,-0.0440508628519527,-0.0017051765960857084,0.012968167385500703
9.47470736503601,-0.0440508628519527,-0.0016216099900535504,0.018308661380891742
9.509687185287476,-0.0440508628519527,-0.0014962600810053506,0.018242558644984155
9.514703750610352,-0.0440508628519527,-0.0012873435659250668,0.020904093122215667
9.536672830581665,-0.0440508628519527,-0.001120210353860825,0.01805998918390606
9.581647872924805,-0.0440508628519527,-0.0009530771417965089,0.01805998918390606
9.587644815444946,-0.0440508628519527,-0.0006188107176680252,0.022288765568089394
9.62262487411499,-0.0440508628519527,-0.0005770274146519834,0.020493649093646617
9.633618831634521,-0.0440508628519527,-0.0006605940206840671,0.023348095636894148
9.659603595733643,-0.0440508628519527,-0.00040989420258766724,0.023531339615685588
9.668598890304565,-0.0440508628519527,-0.0004516775056037834,0.022274600696109197
9.673596143722534,-0.0440508628519527,-0.0004934608086198253,0.02094647531853737
9.678593158721924,-0.0440508628519527,-0.0008695105357644251,0.022348572805339115
9.710575342178345,-0.0440508628519527,-0.0013291268689411087,0.020280951174705877
9.742557048797607,-0.0440508628519527,-0.001245560262909025,0.02103877182564643
9.75355076789856,-0.0440508628519527,-0.0006605940206840671,0.01970558756522453
9.780536413192749,-0.0440508628519527,-0.0006188107176680252,0.01970558756522453
9.785533428192139,-0.0440508628519527,-0.0012037769598929088,0.021182331678969542
9.790530443191528,-0.0440508628519527,-0.001078427050844709,0.021182331678969542
9.795527935028076,-0.0440508628519527,-0.0006605940206840671,0.014321924436179558
9.866487979888916,-0.0440508628519527,-0.0006188107176680252,0.014168359236775195
9.897472143173218,-0.0440508628519527,-0.0007859439297322671,0.01218550199878536
9.902468204498291,-0.0440508628519527,-0.0007859439297322671,0.010926627106450051
9.909466028213501,-0.0440508628519527,-0.00028454429353946733,0.01674895158840558
9.940466165542603,-0.0440508628519527,-0.00020097768750738349,0.012135475268379107
9.974428176879883,-0.0440508628519527,-0.00015919438449126736,0.011907713120507047
9.97944450378418,-0.0440508628519527,-0.00040989420258766724,0.010734277138528482
10.017406463623047,-0.0440508628519527,-0.0007441606267162251,0.010734277138528482
10.024400472640991,-0.0440508628519527,-0.0006605940206840671,0.011372932993445155
10.030396938323975,-0.0440508628519527,-0.0019976597171981504,0.014725398448377398
10.08236813545227,-0.0440508628519527,-0.0024572760503749082,0.013125892110804012
10.118348598480225,-0.0440508628519527,-0.00224835953529455,0.012035084548709931
10.135358095169067,-0.0440508628519527,-0.0023319261413267084,0.012035084548709931
10.140336275100708,-0.0440508628519527,-0.0019558764141821084,0.015856564653653153
10.145333766937256,-0.0440508628519527,-0.000702377323700109,0.01528524815045186
10.176316499710083,0.04677565849227978,-0.000827727232748309,0.01528524815045186
10.181313514709473,0.04677565849227978,-0.0006188107176680252,0.0158913023158903
10.18631100654602,0.04677565849227978,-0.000827727232748309,0.014052791868555809
10.21829342842102,0.04677565849227978,-0.0004934608086198253,0.012151551273880443
10.224289655685425,0.04677565849227978,-0.001120210353860825,0.0163364840066965
10.28725552558899,0.04677565849227978,-0.0012037769598929088,0.0163364840066965
10.292252540588379,0.04677565849227978,-0.0013291268689411087,0.014508878262394383
10.297268390655518,0.04677565849227978,-0.000827727232748309,0.015312678537461133
10.32923173904419,0.04677565849227978,-0.000827727232748309,0.014266389144447672
10.334229230880737,0.04677565849227978,-0.00036811089957162536,0.014851420841153597
10.365211963653564,0.04677565849227978,-0.0004934608086198253,0.014851420841153597
10.369209289550781,0.04677565849227978,-0.000702377323700109,0.014851420841153597
10.375225067138672,0.04677565849227978,-0.0004516775056037834,0.013759713922108395
10.402190923690796,0.04677565849227978,-0.0004934608086198253,0.015469616325432206
10.413185596466064,0.04677565849227978,-0.00020097768750738349,0.014851420841153597
10.451164484024048,0.04677565849227978,-0.00015919438449126736,0.01801367230092319
10.456161975860596,0.04677565849227978,0.00046755516074965814,0.016134465951550353
10.492141485214233,0.04677565849227978,0.0006346883728139741,0.016134465951550353
10.497140645980835,0.04677565849227978,0.000718254978846058,0.015469616325432206
10.502136468887329,0.04677565849227978,-0.00015919438449126736,0.014697630802511456
10.566100597381592,0.04677565849227978,-0.0006188107176680252,0.014913364051162238
10.606080055236816,0.04677565849227978,-0.0007859439297322671,0.012492632397594081
10.612075805664062,0.04677565849227978,-0.001078427050844709,0.013215265707821923
10.648056745529175,0.04677565849227978,-0.001036643747828667,0.01558147384622821
10.654052257537842,0.04677565849227978,-0.001120210353860825,0.01521835847721204
10.68903398513794,0.04677565849227978,-0.001078427050844709,0.014681779636247902
10.694031000137329,0.04677565849227978,-0.0008695105357644251,0.016817077877453193
10.726012468338013,0.04677565849227978,-0.000994860444812625,0.016817077877453193
10.731028318405151,0.04677565849227978,-0.001078427050844709,0.016817077877453193
10.7360258102417,0.04677565849227978,-0.0014544767779893087,0.014399831232070642
10.757014036178589,0.04677565849227978,-0.0013709101719571507,0.013725763197203476
10.774004459381104,0.04677565849227978,-0.0015798266870375086,0.013725763197203476
10.779001474380493,0.04677565849227978,-0.0012037769598929088,0.015333138908099194
10.84095048904419,0.04677565849227978,-0.0013291268689411087,0.015333138908099194
10.844947338104248,0.04677565849227978,-0.0012873435659250668,0.012976598856917487
10.853941202163696,0.04677565849227978,-0.001161993656876867,0.012976598856917487
10.883926630020142,0.04677565849227978,-0.0012873435659250668,0.014984862928776566
10.890921592712402,0.04677565849227978,-0.0013291268689411087,0.016416639194965395
10.923921823501587,0.04677565849227978,-0.0015798266870375086,0.014066507062060444
10.92991828918457,0.04677565849227978,-0.0021647929292623923,0.014647604072105204
10.962899684906006,0.04677565849227978,-0.0020812263232303082,0.012985592426428725
10.967878580093384,0.04677565849227978,-0.0021230096262463503,0.012985592426428725
10.972875595092773,0.04677565849227978,-0.0018723098081499503,0.016567056645040823
11.00885558128357,0.04677565849227978,-0.0019558764141821084,0.01588377020142464
11.01485300064087,0.04677565849227978,-0.0016633932930696666,0.012091519197392939
11.089810848236084,0.04677565849227978,-0.0019976597171981504,0.01442894791336327
11.105801343917847,0.04677565849227978,-0.00224835953529455,0.015031517070616106
11.127789497375488,0.04677565849227978,-0.002290142838310592,0.01385515817854639
11.133785963058472,0.04677565849227978,-0.002791542474503392,0.013166025914747904
11.164768695831299,0.04677565849227978,-0.002290142838310592,0.013166025914747904
11.169765710830688,0.04677565849227978,-0.0014962600810053506,0.012652268256418527
11.201747417449951,0.04677565849227978,-0.001161993656876867,0.013344323430308164
11.207746028900146,0.04677565849227978,-0.001120210353860825,0.013953750184313319
11.21274209022522,0.04677565849227978,-0.0005770274146519834,0.014266501564066563
11.246722936630249,0.04677565849227978,-3.3844475443067426e-05,0.01083972674104773
11.282702922821045,0.04677565849227978,-0.0002427609905234254,0.01214098382970474
11.314685344696045,0.04677565849227978,-0.00028454429353946733,0.01214098382970474
11.318701267242432,0.04677565849227978,-7.562777845918355e-05,0.013572760095893569
11.324697256088257,0.04677565849227978,-0.0003263275965555834,0.013572760095893569
11.329695224761963,0.04677565849227978,-0.00020097768750738349,0.014647379232867422
11.360659122467041,0.04677565849227978,-0.00020097768750738349,0.01720897266890532
11.365674495697021,0.04677565849227978,4.972213058901639e-05,0.01231186165041823
11.3706533908844,0.04677565849227978,0.0005093384637657743,0.01604239428367907
11.40263557434082,0.04677565849227978,0.000592905069797858,0.01604239428367907
11.408632755279541,0.04677565849227978,0.0005093384637657743,0.01626183737975324
11.442632913589478,0.04677565849227978,0.000927171493926416,0.01626183737975324
11.448610305786133,0.04677565849227978,0.0006764716758300161,0.013679783573077281
11.457623958587646,0.04677565849227978,0.000843604887894258,0.015187218242779384
11.48458981513977,0.04677565849227978,0.000592905069797858,0.0157205369147957
11.490586280822754,0.04677565849227978,0.000718254978846058,0.0157205369147957
11.494584083557129,0.04677565849227978,0.000843604887894258,0.01543600285938396
11.526566505432129,0.04677565849227978,0.0011778713120228158,0.01796892929260479
11.562546014785767,0.04677565849227978,0.00025863864566937436,0.013856282374735294
11.596526861190796,0.04677565849227978,4.972213058901639e-05,0.013856282374735294
11.601524591445923,0.04677565849227978,-0.00015919438449126736,0.013582090924261476
11.64350152015686,0.04677565849227978,-0.00020097768750738349,0.016135365308501477
11.675482749938965,0.04677565849227978,-0.00028454429353946733,0.01434766852890547
11.680480241775513,0.04677565849227978,-0.0004934608086198253,0.01434766852890547
11.685478210449219,0.04677565849227978,-0.00028454429353946733,0.014068080936724911
11.718459129333496,0.04677565849227978,-0.0004934608086198253,0.014068080936724911
11.723456144332886,0.04677565849227978,-0.00036811089957162536,0.013603338232231772
11.757437467575073,0.04677565849227978,-0.00028454429353946733,0.014147336768042681
11.76145315170288,0.04677565849227978,-0.00040989420258766724,0.012737707166775272
11.794435262680054,0.04677565849227978,-0.0006188107176680252,0.018161279260526356
11.799414157867432,0.04677565849227978,-0.00040989420258766724,0.014319563624182857
11.808411121368408,0.04677565849227978,-7.562777845918355e-05,0.014620398524333713
11.869375228881836,0.04677565849227978,-0.00020097768750738349,0.014620398524333713
11.874372005462646,0.04677565849227978,-0.0005352441116358671,0.01711307873399176
11.906354188919067,0.04677565849227978,-0.00040989420258766724,0.017101499513246042
11.911369323730469,0.04677565849227978,-0.0006605940206840671,0.01656166050333408
11.916383504867554,0.04677565849227978,-0.00028454429353946733,0.016352335172960055
11.932358980178833,0.04677565849227978,-0.0005770274146519834,0.01563116331777779
11.953346252441406,0.04677565849227978,-0.0005352441116358671,0.01563116331777779
11.958324909210205,0.04677565849227978,-0.000702377323700109,0.014054365743220274
11.991314888000488,0.04677565849227978,-0.0003263275965555834,0.018147564067021723
12.000301599502563,0.04677565849227978,7.938827572974482e-06,0.017628747525842276
12.03328275680542,0.04677565849227978,0.0003004219486854163,0.015387325164404393
12.039279222488403,0.04677565849227978,0.0003004219486854163,0.014054365743220274
12.045275926589966,0.04677565849227978,0.00034220525170145817,0.017901027842794955
12.07825779914856,0.04677565849227978,-0.00011741108147522546,0.017901027842794955
12.084254264831543,0.04677565849227978,-0.000994860444812625,0.01788180408796469
12.14721965789795,0.04677565849227978,-0.000911293838780467,0.01788180408796469
12.152216672897339,0.04677565849227978,-0.0009530771417965089,0.01788180408796469
12.158214569091797,0.04677565849227978,-0.0013291268689411087,0.0181843252823989
12.191195964813232,0.04677565849227978,-0.000911293838780467,0.01838510672173725
12.201188802719116,0.04677565849227978,-0.0008695105357644251,0.015345167807320474
12.233171463012695,0.04677565849227978,-0.0005770274146519834,0.017851338371245376
12.269150733947754,0.04677565849227978,-0.0007859439297322671,0.018081124072257464
12.274158239364624,0.04677565849227978,-0.000911293838780467,0.018081124072257464
12.27914571762085,0.04677565849227978,-0.001078427050844709,0.018079437777974106
12.311127424240112,0.04677565849227978,-0.001078427050844709,0.018079437777974106
12.31612515449524,0.04677565849227978,-0.0014126934749732667,0.018079437777974106
12.32112193107605,0.04677565849227978,-0.0012037769598929088,0.01913393380316657
12.352104902267456,0.04677565849227978,-0.001245560262909025,0.01913393380316657
12.357101917266846,0.04677565849227978,-0.0012037769598929088,0.019856904372251082
12.3930823802948,0.04677565849227978,-0.001245560262909025,0.021204928022366523
12.399080276489258,0.04677565849227978,-0.000911293838780467,0.021204928022366523
12.403078079223633,0.04677565849227978,-0.0016216099900535504,0.018709437322236216
12.434058904647827,0.04677565849227978,-0.0017887432021178667,0.022506072691404644
12.467040061950684,-0.0440508628519527,-0.0019558764141821084,0.022793754496145315
12.496024370193481,-0.0440508628519527,-0.0015380433840214668,0.021017187258819462
12.506020545959473,-0.0440508628519527,-0.0016216099900535504,0.022793754496145315
12.510030269622803,-0.0440508628519527,-0.0015380433840214668,0.022793754496145315
12.515032529830933,-0.0440508628519527,-0.0013291268689411087,0.019989222263685148
12.547996044158936,-0.0440508628519527,-0.0012037769598929088,0.021568043391382692
12.556994915008545,-0.0440508628519527,-3.3844475443067426e-05,0.02587495141069489
12.592970609664917,-0.0440508628519527,-0.00015919438449126736,0.0476662579168017
12.63195013999939,-0.0440508628519527,4.972213058901639e-05,0.05151606776570531
12.637945652008057,-0.0440508628519527,0.015300627731452774,0.06660435449546877
12.670926809310913,-0.0440508628519527,0.025119703940228038,0.06768099718558265
12.675923585891724,-0.0440508628519527,0.15234986162414615,0.0980691443678614
12.710903882980347,-0.0440508628519527,0.2760284385516988,0.15273273437486934
12.74088740348816,-0.0440508628519527,0.3042321680875427,0.15273273437486934
12.747884511947632,-0.0440508628519527,0.3448455386191579,0.1747624828926428
12.760876417160034,0.04677565849227978,0.43455429019464964,0.20808646842224576
12.789860010147095,0.04677565849227978,0.4270750789547739,0.24581752785159233
12.823840856552124,0.04677565849227978,0.421935732683798,0.25551720498907965
12.828838586807251,0.04677565849227978,0.3780632645169297,0.2884595259125495
12.861838102340698,0.04677565849227978,0.3710436696102308,0.29919987146210575
12.866817235946655,0.04677565849227978,0.3677845719749777,0.29919987146210575
12.871814489364624,0.04677565849227978,0.4064759105678539,0.3468218338006723
12.904796123504639,0.13760217983651224,0.4113227737177174,0.3468218338006723
12.909811735153198,0.13760217983651224,0.41804988550330396,0.3552415011574729
12.914790391921997,0.13760217983651224,0.5184969459539244,0.3809816591967258
12.947771549224854,0.22842870118074474,0.7175108182194422,0.39311612044014255
12.971757650375366,0.22842870118074474,0.833626617301087,0.4027584635719957
12.987749576568604,0.22842870118074474,0.9879741386424314,0.43562759932356787
13.018750429153442,0.41008174386920965,1.0087404402414157,0.44114492937947364
13.024729013442993,0.41008174386920965,1.0446322975322158,0.44114492937947364
13.03072714805603,0.41008174386920965,1.1828096806063426,0.4560672847517548
13.061707973480225,0.41008174386920965,1.1981859361162548,0.4561668885340917
13.068704843521118,0.41008174386920965,1.0996609076043735,0.4650466893910109
13.102684736251831,0.41008174386920965,1.0793960056415817,0.4650466893910109
13.108683586120605,0.41008174386920965,1.022988546569894,0.47617375842955034
13.148659944534302,0.5009082652134421,0.9508287822611495,0.4824101243678794
13.185638427734375,0.5009082652134421,0.956302394956254,0.4823680794304144
13.191635847091675,0.5009082652134421,0.9843389912800337,0.4935859835210173
13.221619367599487,0.5009082652134421,0.9985453143054959,0.4935859835210173
13.226615905761719,0.5009082652134421,1.020439765085914,0.4976346636757381
13.231613159179688,0.5009082652134421,1.0555795229224245,0.5030121437257441
13.242607593536377,0.5009082652134421,1.1131986977815784,0.5060285869398128
13.267611503601074,0.5009082652134421,1.1609987964319568,0.49655048887115855
13.299593448638916,0.5917347865576746,1.0771397072787143,0.49089128525621306
13.335554361343384,0.5917347865576746,1.0440473312899907,0.48661866522066244
13.341551303863525,0.5917347865576746,0.8584041159896137,0.47966978373780567
13.37755036354065,0.5917347865576746,0.8209662764872194,0.4780167656616404
13.382529735565186,0.5917347865576746,0.8011192075545884,0.48291196554660637
13.390524625778198,0.5917347865576746,0.7593776878415395,0.48090572502788737
13.396520853042603,0.5917347865576746,0.5659627781801743,0.47354201515132477
13.453489303588867,0.5917347865576746,0.5680101600279615,0.47354201515132477
13.458486557006836,0.5917347865576746,0.5751968881467246,0.47389703630778085
13.463501691818237,0.5917347865576746,0.6098352463470426,0.47290032396669807
13.479493379592896,0.5917347865576746,0.6132196938913439,0.47749423927303764
13.5014808177948,0.5917347865576746,0.61209154470991,0.48052439768061095
13.507458448410034,0.5917347865576746,0.5666730943314473,0.47706007470488265
13.551434516906738,0.5917347865576746,0.5056694719279923,0.47626077121457155
13.584415197372437,0.5917347865576746,0.48206190572391566,0.47928868122976703
13.591411828994751,0.5917347865576746,0.368662021338315,0.47372278589850064
13.624393463134766,0.5917347865576746,0.3580908456752505,0.47727029939220783
13.629390716552734,0.5917347865576746,0.3547899647369815,0.4701669533529956
13.634387969970703,0.5917347865576746,0.4616716538520759,0.4743775177589187
13.6693696975708,0.5917347865576746,0.5495419400948607,0.47326186546104976
13.701351165771484,0.5917347865576746,0.5647510623927083,0.46913966287557457
13.706348180770874,0.5917347865576746,0.5817568667202468,0.46913966287557457
13.711345434188843,0.5917347865576746,0.7518566932986477,0.47048959765921117
13.74732494354248,0.5917347865576746,0.7795590231982988,0.4713858068610059
13.751322269439697,0.5917347865576746,0.8040858220687289,0.4713858068610059
13.756319046020508,0.5917347865576746,0.9406754396282456,0.4811065064672257
13.819284439086914,0.5917347865576746,0.9573887608346718,0.48031417299328577
13.851266145706177,0.682561307901907,0.9487396171103464,0.4805421599803956
13.856263637542725,0.682561307901907,0.9358703597813983,0.4805421599803956
13.861267566680908,0.682561307901907,0.8731954052573008,0.48529953341260185
13.895243167877197,0.682561307901907,0.7536115920253225,0.48500207110101773
13.928223609924316,0.682561307901907,0.739864885333037,0.4825652634419482
13.933220624923706,0.682561307901907,0.7174690349164262,0.48404762853663774
13.942214965820312,0.682561307901907,0.7065218095262171,0.48404762853663774
13.947212934494019,0.682561307901907,0.7623443023556801,0.4930214121949494
14.006180047988892,0.682561307901907,0.7741689771092265,0.4930214121949494
14.01117730140686,0.682561307901907,0.9533357804421135,0.4966910133947716
14.039161205291748,0.682561307901907,1.0464289795619066,0.4917614131064252
14.050155401229858,0.682561307901907,1.073713476431397,0.48979519397203114
14.055152177810669,0.682561307901907,1.0982820586048432,0.4935317972647121
14.060150146484375,0.682561307901907,1.2067932965375643,0.4940113793588987
14.097129106521606,0.682561307901907,1.2117655095964759,0.4962644933607012
14.102126836776733,0.682561307901907,1.1632550947948244,0.49280691556210643
14.139106273651123,0.682561307901907,0.9287254149656512,0.4920332437449023
14.174086093902588,0.682561307901907,0.9032793834288675,0.4886419935214529
14.18008279800415,0.682561307901907,0.7307561252755348,0.4880551631108447
14.214063167572021,0.682561307901907,0.5807958507508774,0.48532404088951997
14.247063398361206,0.682561307901907,0.5691383092093952,0.48799333232045494
14.252060890197754,0.682561307901907,0.5182462461358279,0.4886991026878492
14.284024715423584,0.682561307901907,0.5144021822583499,0.4886991026878492
14.288043737411499,0.682561307901907,0.511184867926113,0.4872104420945018
14.2940194606781,0.682561307901907,0.507382587351651,0.48454115066356684
14.29901647567749,0.682561307901907,0.45456849233934477,0.48633042131782733
14.335996866226196,0.682561307901907,0.48661628575266663,0.48205083126590553
14.370975732803345,0.682561307901907,0.49413728029555837,0.48205083126590553
14.374973773956299,0.682561307901907,0.5505447393672462,0.4871580545520989
14.405956506729126,0.682561307901907,0.5569793680317203,0.48756546325095784
14.410953521728516,0.682561307901907,0.5602384656669733,0.48524174972849216
14.415950536727905,0.682561307901907,0.5629961636660336,0.48524174972849216
14.420947790145874,0.682561307901907,0.6790701794446624,0.4915233083536152
14.451944351196289,0.682561307901907,0.7018838628914339,0.48938868463012325
14.456941843032837,0.682561307901907,0.8536826027487984,0.4910837476437535
14.490909337997437,0.682561307901907,1.1008308400888231,0.4917061026539311
14.53088641166687,0.7733878292461396,1.1291181362306992,0.4917061026539311
14.534883975982666,0.7733878292461396,1.148296672315073,0.4917061026539311
14.540899753570557,0.7733878292461396,1.2530474129763483,0.4852502936195279
14.576862335205078,0.7733878292461396,1.275359696786927,0.4884695418260749
14.6128408908844,0.7733878292461396,1.2450250187972638,0.4891388882369487
14.646840810775757,0.7733878292461396,1.1948432718749695,0.48842907076327435
14.657815933227539,0.7733878292461396,1.1011651065129515,0.48198900047551574
14.6867995262146,0.7733878292461396,1.0775575403088749,0.48198900047551574
14.691796064376831,0.7733878292461396,0.9523329811697279,0.4862236226798814
14.724778413772583,0.864214350590372,0.6920647866826587,0.48438848482111363
14.76277494430542,0.864214350590372,0.6820785772618191,0.48474845244080084
14.767767906188965,0.864214350590372,0.675017199052104,0.4870103351728768
14.772753238677979,0.864214350590372,0.6735130001435257,0.4913935761134156
14.807731866836548,0.864214350590372,0.6801983286260961,0.4913935761134156
14.811743259429932,0.864214350590372,0.685880857836281,0.4884832570195795
14.816726922988892,0.864214350590372,0.7165498022500727,0.49650079939960895
14.8487229347229,0.864214350590372,0.7644334675064833,0.49496649644099205
14.875712156295776,0.864214350590372,0.7943085291629698,0.49930971599720586
14.88768744468689,0.864214350590372,0.7992389589188654,0.49513377683390103
14.893683910369873,0.864214350590372,0.6727609006892366,0.49422092952851054
14.96166467666626,0.864214350590372,0.6186097399804161,0.4922607810535366
14.981634378433228,0.9550408719346045,0.5518818050637604,0.49415819938116967
14.997644424438477,0.9550408719346045,0.5405585299464066,0.49565293063393717
15.00362229347229,0.9550408719346045,0.5236780755279163,0.49565293063393717
15.009652376174927,0.9550408719346045,0.5435669277635633,0.49463913051078306
15.041619062423706,0.9550408719346045,0.546449975671672,0.49463913051078306
15.047597408294678,0.9550408719346045,0.5743612220864034,0.490529069244148
15.08559513092041,0.864214350590372,0.6984576320441166,0.49499347714952574
15.118559837341309,0.864214350590372,0.7211877488848559,0.4903658359575191
15.124554872512817,0.864214350590372,0.7656869665969653,0.4965450927294518
15.140545845031738,0.864214350590372,0.7885424333467528,0.49953095780718226
15.168530225753784,0.864214350590372,0.796439477616789,0.49953095780718226
15.173545837402344,0.864214350590372,0.8508831214467221,0.49309358559027705
15.231494665145874,0.9550408719346045,0.8447827592063765,0.49309358559027705
15.236492156982422,0.9550408719346045,0.8352561661187136,0.48965466944841807
15.241490125656128,0.9550408719346045,0.8142809480046488,0.48710881475902484
15.25150179862976,0.9550408719346045,0.728875876639812,0.476038630047644
15.277469396591187,0.9550408719346045,0.7132907046148197,0.476038630047644
15.283484697341919,0.9550408719346045,0.7107837064338558,0.4736173362959814
15.3174467086792,0.9550408719346045,0.8299914699386894,0.4757843368697138
15.354426383972168,0.9550408719346045,0.8482925566597258,0.4750599048455837
15.359423398971558,0.9550408719346045,0.8815938491635298,0.47188180221955056
15.36543893814087,0.9550408719346045,1.0796049221566622,0.47384397424766456
15.39940094947815,0.9550408719346045,1.102042555876289,0.47384397424766456
15.405397653579712,0.9550408719346045,1.1335889496534182,0.4725722835187757
15.409413576126099,0.9550408719346045,1.1581575318268644,0.4736186853314081
15.439392566680908,0.9550408719346045,1.1649682102184828,0.47095051809666205
15.444393873214722,0.9550408719346045,1.110399216479502,0.47466935908955826
15.475371837615967,0.9550408719346045,1.103337838269787,0.472472454897201
15.480355262756348,0.9550408719346045,1.094897611060542,0.47435031221114715
15.490349769592285,0.9550408719346045,1.062139501495947,0.47584504346391465
15.520352602005005,0.9550408719346045,0.9840047248559053,0.47973251388514654
15.552334547042847,0.9550408719346045,0.9660796878620134,0.4799993980603925
15.558311700820923,0.9550408719346045,0.9062877812460243,0.48302550936168576
15.591294050216675,0.9550408719346045,0.9113017776079521,0.48253221207399444
15.598289728164673,0.9550408719346045,0.8661340270475856,0.4874658594686209
15.626273393630981,0.9550408719346045,0.8136541984594078,0.4867027550955925
15.640267372131348,0.9550408719346045,0.7107419231308397,0.48315659063731203
15.675246715545654,0.9550408719346045,0.7027195289517552,0.48315659063731203
15.681244134902954,0.9550408719346045,0.6527049152415253,0.4897832774924287
15.717223405838013,0.9550408719346045,0.6434290219719588,0.4912006640473996
15.723219871520996,0.9550408719346045,0.6244176190996493,0.49261962447703495
15.739210367202759,0.9550408719346045,0.60306635125844,0.4941282957625448
15.760199308395386,0.9550408719346045,0.5986791044417532,0.4941282957625448
15.765196561813354,0.9550408719346045,0.5769935701764154,0.4936968292652433
15.800176620483398,1.045867393278837,0.5294859546471494,0.49665054233197103
15.834158182144165,1.045867393278837,0.48139337287565853,0.49370672219170564
15.846151113510132,1.045867393278837,0.38399649354521087,0.49234239769685106
15.874136447906494,1.045867393278837,0.37300748485198587,0.49234239769685106
15.879132747650146,1.045867393278837,0.37643371569930306,0.48936080456463843
15.950093030929565,1.045867393278837,0.37814683112296177,0.48987905900772344
15.955090284347534,1.045867393278837,0.38027777957678116,0.4903734804916036
15.960087537765503,1.045867393278837,0.3945258859052592,0.49371324252960125
15.993069410324097,1.045867393278837,0.3990384826309943,0.49371324252960125
15.999066829681396,1.045867393278837,0.45331499324886276,0.4962024377310737
16.02005434036255,0.9550408719346045,0.466309600486859,0.4934522041745376
16.03604555130005,0.9550408719346045,0.4773821757861163,0.4976117300734844
16.040045022964478,0.9550408719346045,0.6835827761703974,0.49748896784965607
16.109004497528076,0.9550408719346045,0.7127893049786268,0.49349649750438046
16.116000413894653,0.9550408719346045,0.8378049476026935,0.4933831785285389
16.185961723327637,0.9550408719346045,0.8485850397808384,0.48989299904046585
16.19195818901062,0.9550408719346045,0.8616214303218507,0.48989299904046585
16.197954416275024,0.9550408719346045,0.8652565776842481,0.48792318247826727
16.23093605041504,0.9550408719346045,0.8677635758652121,0.49063946530989844
16.235933303833008,0.9550408719346045,0.8724015224999956,0.49063946530989844
16.240930557250977,0.9550408719346045,0.9076666302455543,0.4891825070490782
16.27391219139099,0.9550408719346045,1.0059409589393393,0.4910614885592132
16.308894634246826,1.045867393278837,1.0137962199063595,0.4910614885592132
16.313904523849487,1.045867393278837,1.0285039425680145,0.49070444384961714
16.31888723373413,1.045867393278837,1.0600921196481596,0.48791396406951826
16.383850812911987,1.045867393278837,1.0474735621373081,0.4844937095843951
16.388847827911377,1.045867393278837,0.9604389419548446,0.487168172317799
16.419849395751953,1.045867393278837,0.9293521645108922,0.487168172317799
16.424845933914185,1.045867393278837,0.8869838952526021,0.4874766517520344
16.429843425750732,1.045867393278837,0.8595322651710472,0.48672928612565064
16.43483591079712,1.045867393278837,0.8317881519683803,0.48672928612565064
16.439818859100342,1.045867393278837,0.5925787422014077,0.4839142988686337
16.473800659179688,1.045867393278837,0.5604473821820536,0.4839142988686337
16.478816270828247,1.045867393278837,0.49171384872062657,0.4844937095843951
16.51077914237976,1.045867393278837,0.5436504943695956,0.48408630088553606
16.546760082244873,0.9550408719346045,0.549082323761684,0.48408630088553606
16.55075764656067,0.9550408719346045,0.9534611303511616,0.48687812970106165
16.586755990982056,0.9550408719346045,1.022403580327669,0.48687812970106165
16.591734409332275,0.9550408719346045,1.0927248793037065,0.48564983294506453
16.596731901168823,0.9550408719346045,1.8453257332290705,0.4877439856057559
16.65369939804077,0.9550408719346045,1.966330178763595,0.48744360038408063
16.668691396713257,0.9550408719346045,2.007444948931403,0.4889147235168811
16.70267367362976,0.9550408719346045,1.926636040898333,0.4854450043994461
16.708670377731323,0.9550408719346045,1.5155719058262849,0.4848514288117045
16.741650581359863,0.9550408719346045,1.2057487139621623,0.4823066983185002
16.778629779815674,0.9550408719346045,1.183060380424439,0.4800801153467558
16.783627033233643,0.9550408719346045,1.1618762457952942,0.4800801153467558
16.788625478744507,0.9550408719346045,1.0568748053159227,0.48252726561076326
16.80361580848694,0.9550408719346045,0.9514973151094065,0.48500499401110886
16.823623180389404,0.9550408719346045,0.942806388082065,0.48500499401110886
16.828602075576782,0.9550408719346045,0.9338229779336111,0.4833443314008591
16.83359932899475,0.9550408719346045,0.9242546015429323,0.48530403019735746
16.83859634399414,0.9550408719346045,0.861245380594706,0.488979477217362
16.87757396697998,0.9550408719346045,0.7891273995889778,0.48933899515857365
16.902565479278564,0.9550408719346045,0.7722887284735035,0.489785076206331
16.9125554561615,0.9550408719346045,0.7592105546294752,0.4957316243671605
16.94553780555725,0.9550408719346045,0.766815115778399,0.4925573440081696
16.950533390045166,0.9550408719346045,0.8745324709538147,0.494284109354327
16.97951865196228,0.9550408719346045,1.0625991178291236,0.49401947357145887
17.01749563217163,0.9550408719346045,1.0759279914912483,0.4935599021694347
17.022493362426758,0.9550408719346045,1.1198004596581168,0.4931171937102441
17.037485122680664,0.9550408719346045,1.1353020650770766,0.4938303837724851
17.058473348617554,0.9550408719346045,1.136806263985655,0.4938303837724851
17.0634708404541,0.9550408719346045,1.1318340509267433,0.49079505406244284
17.070467472076416,0.9550408719346045,0.9437674040514347,0.488557678807285
17.11044478416443,0.9550408719346045,0.7566199898424791,0.4878602274916886
17.146424055099487,0.9550408719346045,0.7493079118146677,0.4878602274916886
17.151422262191772,0.9550408719346045,0.7413273009385993,0.4874579900952986
17.157418727874756,0.9550408719346045,0.6998364810436467,0.4917829976732522
17.19040060043335,0.9550408719346045,0.6954074509239437,0.48949256035797806
17.195396661758423,0.9550408719346045,0.6879282396840682,0.48949256035797806
17.200394868850708,0.9550408719346045,0.6784852132024375,0.48949256035797806
17.205391883850098,0.9550408719346045,0.5980941381995282,0.48967153239125166
17.25536584854126,0.9550408719346045,0.5859769803248693,0.4903860714889194
17.272354125976562,0.9550408719346045,0.504750239261639,0.49468342384062586
17.309333086013794,0.9550408719346045,0.4941790635985745,0.49315878896923354
17.31533193588257,0.9550408719346045,0.4846524705109116,0.491650792201437
17.32432508468628,0.9550408719346045,0.4687330320617908,0.4905182769607345
17.37931251525879,0.9550408719346045,0.46522323460844134,0.4893576568153095
17.38430953025818,0.9550408719346045,0.4677720160924213,0.49284446371481583
17.419289588928223,0.9550408719346045,0.4675213162743249,0.49119077112093723
17.424282550811768,0.9550408719346045,0.4338857573463925,0.4907644759261046
17.45825171470642,0.9550408719346045,0.42966564374177,0.49000519382011853
17.463247299194336,0.9550408719346045,0.4330083079830553,0.48883265719509106
17.49522876739502,0.9550408719346045,0.44834278018995105,0.4868605922405147
17.529210090637207,0.9550408719346045,0.4537328262790235,0.4868605922405147
17.534207582473755,0.9550408719346045,0.46559928433558595,0.4881160945442833
17.539204835891724,0.9550408719346045,0.5441101107027723,0.48960205706677734
17.571204662322998,0.9550408719346045,0.5621187143026963,0.49380655081328034
17.576202630996704,0.9550408719346045,0.5994729871990584,0.4963596003582826
17.61218237876892,0.9550408719346045,0.6074118147721108,0.4936774930907941
17.617174863815308,0.9550408719346045,0.6183590401623199,0.49364758947216925
17.62215828895569,0.9550408719346045,0.630601547946027,0.49364758947216925
17.62815523147583,0.9550408719346045,0.6726355507801884,0.493185994517005
17.66613483428955,0.9550408719346045,0.7157977027957835,0.49584157075443536
17.725100994110107,0.9550408719346045,0.7322603241841132,0.493869505799859
17.73209857940674,0.9550408719346045,0.752734142661985,0.493869505799859
17.738094329833984,0.9550408719346045,0.7401573684541495,0.4937694523390465
17.771074771881104,0.9550408719346045,0.7340152229107879,0.4937694523390465
17.776092290878296,0.9550408719346045,0.7137921042510125,0.4892362436269078
17.81306552886963,0.9550408719346045,0.7110761895549682,0.4892362436269078
17.817049264907837,0.9550408719346045,0.6960759837722009,0.49144753753048304
17.822046279907227,0.9550408719346045,0.587648312445512,0.4831203915200293
17.854028463363647,0.9550408719346045,0.5742358721773552,0.485135175929784
17.85902690887451,0.9550408719346045,0.5557676522442544,0.4809243866846232
17.898003816604614,0.9550408719346045,0.5557676522442544,0.4809243866846232
17.904000282287598,0.9550408719346045,0.5383022315835392,0.4778814124404963
17.93698239326477,0.9550408719346045,0.5720213571175037,0.4779230076994858
17.95197319984436,0.9550408719346045,0.6449750041835532,0.4768210705951216
17.971962690353394,0.9550408719346045,0.6540001976350233,0.4780630825446233
17.976959943771362,0.9550408719346045,0.7001707474677752,0.4716261600061937
18.006961584091187,0.9550408719346045,0.7107419231308397,0.47041967265626133
18.011940240859985,0.9550408719346045,0.7492661285116518,0.47309953153137196
18.02793288230896,0.9550408719346045,0.8101861843090745,0.4696140736672923
18.04892110824585,0.9550408719346045,0.7890020496799296,0.4663754892862961
18.084898948669434,0.9550408719346045,0.7786815738349615,0.4637633070217575
18.090895891189575,0.9550408719346045,0.7660212330210938,0.464336422238861
18.09789204597473,0.9550408719346045,0.728959443245844,0.4626375369581885
18.12987470626831,0.9550408719346045,0.7099898236765505,0.46080779524112747
18.134880542755127,0.9550408719346045,0.6935689855912369,0.46080779524112747
18.13986873626709,0.9550408719346045,0.45055729524980254,0.457809564005319
18.206831216812134,0.9550408719346045,0.43919223682943287,0.457809564005319
18.212828397750854,0.9550408719346045,0.4262394128944526,0.45545774557813073
18.217827320098877,0.9550408719346045,0.28283911694331737,0.458212925597898
18.254804611206055,0.9550408719346045,0.20612497260582185,0.4632151489600476
18.28778648376465,0.9550408719346045,0.17094343146629512,0.46241696966592544
18.319767713546753,0.864214350590372,0.16918853273962048,0.46241696966592544
18.324765920639038,0.864214350590372,0.16643083474056006,0.45974655403880155
18.32976269721985,0.864214350590372,0.16429988628674083,0.46465434492108326
18.334759950637817,0.864214350590372,0.1622942877419696,0.46679436478628195
18.365742444992065,0.864214350590372,0.1642581029837247,0.46679436478628195
18.370758771896362,0.864214350590372,0.16897961622454002,0.46793879650658676
18.38075280189514,0.864214350590372,0.1963476797000627,0.4704207968524502
18.40674924850464,0.864214350590372,0.20946763684710712,0.4704207968524502
18.41171622276306,0.864214350590372,0.3166418090833141,0.4722676263515826
18.45369291305542,0.864214350590372,0.41775740238219145,0.4753384806611943
18.486674785614014,0.864214350590372,0.5271043063752338,0.4738327322857755
18.518664836883545,0.864214350590372,0.5350013506452701,0.4739199699100345
18.523653984069824,0.864214350590372,0.5609905651212626,0.4781521188827845
18.555649995803833,0.864214350590372,0.5554333858201259,0.4781521188827845
18.560646772384644,0.864214350590372,0.5496672900039089,0.4809913887774819
18.565630674362183,0.864214350590372,0.5376336987352821,0.48416679333266166
18.576643228530884,0.864214350590372,0.5116862675623057,0.4887449698923565
18.604610443115234,0.864214350590372,0.508552519836101,0.4854231949933814
18.611607551574707,0.864214350590372,0.4895411169637912,0.48604060354032774
18.647584915161133,0.864214350590372,0.5804615843267489,0.4852037518973072
18.682565212249756,0.864214350590372,0.5968406391090464,0.4852037518973072
18.687562227249146,0.864214350590372,0.6932347191671084,0.4860174450988363
18.7265408039093,0.864214350590372,0.7066471594352653,0.4871672729608479
18.732537031173706,0.864214350590372,0.7262435285497998,0.48868179006654006
18.764519691467285,0.864214350590372,0.7245721964291572,0.4881914156889399
18.769516706466675,0.864214350590372,0.6716327515078028,0.49053941184908595
18.805495977401733,0.864214350590372,0.6438050716991034,0.49384387412675196
18.83747887611389,0.864214350590372,0.6388746419432079,0.49355315699230123
18.843476057052612,0.864214350590372,0.6259636013112437,0.48804302179200454
18.877456665039062,0.9550408719346045,0.6360333773381154,0.48804302179200454
18.881471872329712,0.9550408719346045,0.7389038693636675,0.4934803090792602
18.914435863494873,0.9550408719346045,0.763639584749178,0.49685289764597385
18.919432640075684,0.9550408719346045,0.7902137654673955,0.49685289764597385
18.925429344177246,0.9550408719346045,0.8103115342181227,0.4948866785115798
18.930426597595215,0.9550408719346045,0.9045746658223655,0.495942523572199
18.960423946380615,0.9550408719346045,0.9055774650947511,0.495942523572199
18.965407133102417,0.9550408719346045,0.9064549144580885,0.49984078627684436
18.970404148101807,0.9550408719346045,0.8991846197332932,0.4955731127045249
19.002386331558228,0.9550408719346045,0.7798097230163952,0.49399136866673626
19.038365840911865,0.9550408719346045,0.7629292685979049,0.49399136866673626
19.044363975524902,0.9550408719346045,0.7457563310583023,0.49176321182032745
19.049360036849976,0.9550408719346045,0.5840131650831143,0.4898453331220563
19.083340644836426,0.9550408719346045,0.5390961143408444,0.48767900706603723
19.119330406188965,0.864214350590372,0.5182880294388439,0.4892677211201971
19.15330219268799,0.864214350590372,0.5147364486824785,0.48973156446773913
19.159299850463867,0.864214350590372,0.513190466470884,0.4905576238273462
19.165295839309692,0.864214350590372,0.50930461929039,0.4888135458598797
19.198277473449707,0.864214350590372,0.5101402853507114,0.48949705714273367
19.205275297164917,0.864214350590372,0.461755220458108,0.4877340926792936
19.242252349853516,0.864214350590372,0.41098850729358893,0.49124001091401126
19.276233673095703,0.864214350590372,0.3927709871785846,0.49124001091401126
19.281230211257935,0.864214350590372,0.3828683443637771,0.49161346888796537
19.28622794151306,0.864214350590372,0.3196919902034867,0.4938447734837031
19.318228721618652,0.864214350590372,0.2747331561582008,0.49582493265083954
19.35120987892151,0.864214350590372,0.2733125238556545,0.49619951482098257
19.356188535690308,0.864214350590372,0.2955830243632172,0.49928296012790996
19.38917088508606,0.864214350590372,0.3104578802369363,0.49737609855229004
19.394185781478882,0.864214350590372,0.34212962392311375,0.49737609855229004
19.40016508102417,0.9550408719346045,0.45502810867252147,0.4963766881403539
19.43617868423462,0.9550408719346045,0.46284158633652567,0.4970464842297032
19.441154956817627,0.9550408719346045,0.5424805618851456,0.4979186356330554
19.474140644073486,0.9550408719346045,0.5488316239435875,0.4979186356330554
19.479120016098022,0.9550408719346045,0.5771189200854636,0.4976895244497566
19.512101650238037,0.9550408719346045,0.5816733001142148,0.4976895244497566
19.51809811592102,0.9550408719346045,0.5798766180845238,0.4954937444535883
19.52309513092041,0.9550408719346045,0.564500362574612,0.49495570415757856
19.556077003479004,0.9550408719346045,0.5744030053894194,0.4942708438392979
19.562074899673462,0.9550408719346045,0.5866037298701103,0.4942708438392979
19.5660719871521,0.9550408719346045,0.6771481475059234,0.4931311337429865
19.628036737442017,0.9550408719346045,0.6805325950502247,0.4942607260735978
19.634035110473633,0.9550408719346045,0.677565980536084,0.4942607260735978
19.63903260231018,0.9550408719346045,0.6497800840304008,0.49532354115058813
19.668014764785767,0.9550408719346045,0.6416741232452842,0.4926423332400508
19.675010919570923,0.9550408719346045,0.6286377327042718,0.49817607656031454
19.67900824546814,0.9550408719346045,0.5425641284911779,0.4900575813625215
19.713988780975342,0.9550408719346045,0.47270244584831705,0.491223822488891
19.747972011566162,0.9550408719346045,0.4606688545796903,0.490279722529449
19.75496816635132,0.9550408719346045,0.43777160452688657,0.4951600830247214
19.761962890625,0.9550408719346045,0.34221319052914584,0.49089735591563316
19.798942804336548,0.9550408719346045,0.33101526532084036,0.49089735591563316
19.803938388824463,0.9550408719346045,0.2661675790399074,0.4903800008294993
19.834941387176514,0.9550408719346045,0.27519277249137747,0.4923172157022196
19.839938640594482,0.9550408719346045,0.3774782982747048,0.4898876028987591
19.873918056488037,0.9550408719346045,0.46576641754765025,0.4922173870806449
19.905900478363037,0.9550408719346045,0.4835243213294779,0.49535906575015753
19.910897493362427,0.9550408719346045,0.496477145264458,0.49356372443647695
19.915894985198975,0.9550408719346045,0.6644042400860235,0.4931770009474938
19.949859142303467,0.9550408719346045,0.7420376170898724,0.4935828357716883
19.964848279953003,0.9550408719346045,0.7657287498999813,0.4959782730110061
19.988837242126465,0.9550408719346045,0.7688624976261861,0.4959782730110061
19.99385166168213,0.9550408719346045,0.7718291121403268,0.4947279420097065
19.998848915100098,0.9550408719346045,0.7646841673245797,0.4973171906719914
20.03081202507019,0.9550408719346045,0.7624696522647282,0.5024266623505627
20.034828186035156,0.9550408719346045,0.7639320678702906,0.5024266623505627
20.039825916290283,0.9550408719346045,0.7391545691817639,0.5077333180406676
20.071789264678955,0.9550408719346045,0.7196835499762776,0.5097346120961554
20.076786994934082,0.9550408719346045,0.608748880468625,0.5157708711128596
20.107802391052246,0.9550408719346045,0.6018964187739901,0.5157708711128596
20.1127712726593,0.9550408719346045,0.6051137331062273,0.5156618240825358
20.147749185562134,0.9550408719346045,0.6085399639535445,0.5160849715280394
20.154743432998657,0.9550408719346045,0.6611451424507704,0.5094690769563363
20.187726259231567,0.9550408719346045,0.7523998762378565,0.5030281073116265
20.225704669952393,0.9550408719346045,0.7712023625950858,0.5030281073116265
20.230701446533203,0.9550408719346045,0.8581534161715173,0.5016251104678736
20.265682458877563,0.9550408719346045,0.8734043217723808,0.5016251104678736
20.270679712295532,0.9550408719346045,0.9048253656404619,0.5012215240360569
20.276675701141357,0.9550408719346045,0.9276808323902493,0.49886116171783296
20.30965781211853,0.9550408719346045,0.8493371392351273,0.49620895806896936
20.34363865852356,0.9550408719346045,0.8267741556064523,0.4935252769268164
20.352633714675903,0.9550408719346045,0.6881371561991485,0.4913375911432082
20.38661527633667,0.9550408719346045,0.549709073306925,0.4924489714955592
20.419596672058105,0.9550408719346045,0.5381350983714749,0.49113860841777207
20.42459464073181,0.9550408719346045,0.47207569630307605,0.4872090930590751
20.456576585769653,0.9550408719346045,0.4668110001230518,0.4872090930590751
20.460574626922607,0.9550408719346045,0.4627162364274775,0.48682371860551865
20.465590238571167,0.9550408719346045,0.4704043641824335,0.4873471443510726
20.49857211112976,0.9550408719346045,0.47353811190863837,0.48819748634836
20.504570245742798,0.9550408719346045,0.4762958099076986,0.48819748634836
20.509565830230713,0.9550408719346045,0.4828140051782047,0.47902292125071
20.551543951034546,0.9550408719346045,0.5721467070265519,0.47902292125071
20.584525108337402,0.9550408719346045,0.5886093284148814,0.4794894626691054
20.590502738952637,0.9550408719346045,0.6044869835609863,0.4794894626691054
20.59450078010559,0.9550408719346045,0.6526631319385092,0.47680960379399473
20.627482175827026,0.9550408719346045,0.6954492342269599,0.4761762316611659
20.659465074539185,0.9550408719346045,0.7057279267689118,0.48070426907083563
20.692445755004883,0.9550408719346045,0.7062711097081208,0.48070426907083563
20.698442697525024,0.9550408719346045,0.7028448788608034,0.48070426907083563
20.704440116882324,0.9550408719346045,0.7179704345526189,0.4827168050882126
20.711438417434692,0.9550408719346045,0.8482507733567098,0.47872950604540593
20.7504141330719,0.9550408719346045,1.1335889496534182,0.45961839567326646
20.815378665924072,0.9550408719346045,1.1538956349192258,0.4420469844014506
20.853357076644897,0.9550408719346045,1.1346335322288197,0.43196631717554357
20.858354568481445,0.9550408719346045,1.1147028966901569,0.43196631717554357
20.863351821899414,0.9550408719346045,0.9794085615241381,0.37650803288259904
20.895334243774414,0.9550408719346045,0.9584751267130894,0.35622033877915205
20.900331735610962,0.9550408719346045,0.7164244523410245,0.2546684368664567
20.93131399154663,0.9550408719346045,0.6784016465964053,0.22213588545384252
20.93731117248535,0.9550408719346045,0.6420919562754448,0.22213588545384252
20.94230842590332,0.864214350590372,0.3487313857996519,0.0896285669619472
20.980286598205566,0.864214350590372,0.3281322174127319,0.07711738757562851
20.985284090042114,0.864214350590372,0.30853584829819736,0.07711738757562851
20.990281105041504,0.864214350590372,0.19818614503276957,0.061826970371100014
21.020264387130737,0.864214350590372,0.17528889497996586,0.06424365491838811
21.025261402130127,0.864214350590372,0.10843561015426177,0.04955041072940571
21.0582435131073,0.7733878292461396,0.10162493176264323,0.04955041072940571
21.062240839004517,0.7733878292461396,0.06798937283471079,0.040979876244054136
21.093223810195923,0.5917347865576746,0.062139710412461725,0.04299387371647663
21.098220825195312,0.5917347865576746,0.05779424689879092,0.044002277697924
21.10321831703186,0.5009082652134421,0.03832322769330463,0.04624651054983415
21.13819909095764,0.5009082652134421,0.025537536970388682,0.03151931563594683
21.174179792404175,0.5009082652134421,0.022821622274344474,0.029737801935389798
21.183173656463623,0.5009082652134421,0.014130695247002932,0.03020276947912072
21.215174674987793,0.41008174386920965,0.01329502918668165,0.03020276947912072
21.220154762268066,0.41008174386920965,0.012208663308263965,0.03209130665686146
21.225170373916626,0.41008174386920965,0.007528933370464674,0.025036975571485445
21.259150743484497,0.41008174386920965,0.005314418310613191,0.028449810361761863
21.28511691093445,0.22842870118074474,0.004478752250291908,0.030138240617877596
21.300110816955566,0.22842870118074474,0.004395185644259824,0.030138240617877596
21.308104753494263,0.22842870118074474,0.0030163366447296244,0.036444419139537644
21.34608268737793,0.22842870118074474,0.0012614379180548997,0.028037567619290566
21.40005135536194,0.22842870118074474,0.0015121377361512996,0.028556833838945573
21.411046028137207,0.22842870118074474,0.0015121377361512996,0.028556833838945573
21.416043519973755,0.22842870118074474,0.0016374876451994995,0.025903168735036397
21.421040773391724,0.22842870118074474,0.0010943047059906578,0.03232839963310143
21.45202326774597,0.22842870118074474,0.0010107380999584998,0.03232839963310143
21.458019256591797,0.22842870118074474,0.0012614379180548997,0.02878290969253428
21.491001844406128,0.22842870118074474,0.0016792709482155413,0.02878290969253428
21.49599862098694,0.22842870118074474,0.0016792709482155413,0.023822169169755193
21.528979778289795,0.13760217983651224,0.0013032212210710157,0.025707446178548116
21.536976099014282,0.13760217983651224,0.0013867878271030996,0.026466953123772025
21.541972875595093,0.13760217983651224,0.0014703544331352576,0.027544607590455922
21.574954509735107,0.13760217983651224,0.0014285711301191416,0.02565213572605401
21.579951286315918,0.13760217983651224,0.0013867878271030996,0.028608771702872963
21.611933708190918,0.13760217983651224,0.0013450045240870577,0.0239351508867401
21.61693048477173,0.13760217983651224,0.0012196546150388577,0.0239351508867401
21.621928453445435,0.13760217983651224,0.0015957043421834577,0.023173507968757272
21.637919664382935,0.13760217983651224,0.0008853881909102998,0.019151583683332373
21.685892820358276,0.13760217983651224,0.000801821584878216,0.01861927678788607
21.693888425827026,0.13760217983651224,0.0012614379180548997,0.022560371367328733
21.732866287231445,0.13760217983651224,0.002306020493456541,0.015535831480958684
21.766847133636475,0.13760217983651224,0.0027656368266332247,0.015535831480958684
21.7718448638916,0.13760217983651224,0.0029327700386975407,0.015686361350653003
21.77984046936035,0.13760217983651224,0.0031834698567939405,0.015105039501370463
21.785836935043335,0.13760217983651224,0.002682070220601141,0.010921793062837762
21.850799560546875,0.13760217983651224,0.0019299707663119412,0.009414470812754547
21.88178277015686,0.13760217983651224,0.0020553206753601413,0.006918418014529786
21.886780261993408,0.13760217983651224,0.0018881874632958994,0.006918418014529786
21.89277696609497,0.13760217983651224,0.0015957043421834577,0.0026524307364937105
21.92475986480713,0.04677565849227978,0.0019299707663119412,0.002763051641481918
21.93475341796875,0.04677565849227978,0.0031834698567939405,0.0024639030356144185
21.967735052108765,0.04677565849227978,0.0030581199477457406,-0.0005230862383049571
21.972732305526733,0.04677565849227978,0.0034759529779063826,-0.0007953665552576379
22.00471544265747,0.04677565849227978,0.0034759529779063826,-0.0007953665552576379
22.00972580909729,0.04677565849227978,0.0034341696748902664,-0.001990387104063169
22.01571488380432,0.04677565849227978,0.002974553341713583,0.0020306378244106067
22.04870367050171,0.04677565849227978,0.0029327700386975407,0.0027358460937104275
22.05370044708252,0.04677565849227978,0.0030581199477457406,0.0027358460937104275
22.05869770050049,0.04677565849227978,0.002306020493456541,0.0013328492499575558
22.117650508880615,0.04677565849227978,0.002640286917585025,0.0020478380261008465
22.126665830612183,0.04677565849227978,0.002556720311552941,0.0017787054584770983
22.160626888275146,0.04677565849227978,0.002849203432665383,0.006777106553584485
22.167623043060303,0.04677565849227978,0.002222453887424383,0.0032172269017993536
22.204603910446167,0.04677565849227978,0.0019299707663119412,0.003965716724372
22.2195942401886,0.04677565849227978,0.0020553206753601413,0.0034225051258933237
22.242581129074097,0.04677565849227978,0.002138887281392299,0.004552547134980172
22.2505784034729,0.04677565849227978,0.002097103978376183,0.005144099169581744
22.287555932998657,0.04677565849227978,0.0020135373723440993,0.006476721331909191
22.295551538467407,0.04677565849227978,0.002306020493456541,0.004747707593374001
22.363513231277466,0.04677565849227978,0.0019299707663119412,0.004067456479467861
22.374507427215576,0.04677565849227978,0.0015121377361512996,0.003943907318307251
22.405490398406982,0.04677565849227978,0.0010107380999584998,0.000761982425231828
22.436493396759033,0.04677565849227978,0.000927171493926416,-0.0002977973220484864
22.44148826599121,0.04677565849227978,0.0003004219486854163,0.0005789632856781681
22.47546911239624,0.04677565849227978,0.00021685534265325824,-0.0004976794044357144
22.480466842651367,0.04677565849227978,0.0004257718577336162,-0.0004976794044357144
22.485445499420166,0.04677565849227978,0.0009689547969424578,-0.0009130698962359437
22.51242971420288,0.04677565849227978,0.000843604887894258,0.001484503315840779
22.5234432220459,0.04677565849227978,0.000927171493926416,0.002098876533077113
22.52842092514038,0.04677565849227978,0.0005511217667818161,-0.0009397133459129814
22.566401958465576,0.04677565849227978,0.0009689547969424578,-0.0028009325562633456
22.599381685256958,0.04677565849227978,0.0011778713120228158,-0.0028009325562633456
22.60537838935852,0.04677565849227978,0.0011360880090066996,-0.0028009325562633456
22.609376192092896,0.04677565849227978,0.001052521402974616,-0.0028115000004390483
22.635375022888184,0.04677565849227978,0.0007600382818621,-0.0016560511574829574
22.649354219436646,0.04677565849227978,0.0007600382818621,-0.004050139361374076
22.654353380203247,0.04677565849227978,0.0003839885547175743,-0.00041583792188346357
22.685352325439453,0.04677565849227978,0.00025863864566937436,-0.00041583792188346357
22.69033122062683,0.04677565849227978,0.0003839885547175743,-0.002529664015880679
22.723315954208374,0.04677565849227978,0.0020553206753601413,-0.0025287646589295556
22.82125759124756,0.04677565849227978,0.0016792709482155413,-0.006779800127653201
22.836249351501465,0.04677565849227978,0.0015539210391673415,-0.006779800127653201
22.842246532440186,0.04677565849227978,0.0010107380999584998,-0.006134961193697554
22.87522792816162,0.04677565849227978,0.0007600382818621,-0.006134961193697554
22.881224155426025,0.04677565849227978,0.000592905069797858,-0.0050082917731774194
22.886221170425415,0.04677565849227978,-0.00015919438449126736,-0.003730530384868514
22.91920518875122,0.04677565849227978,-0.0002427609905234254,-0.004129732451548518
22.954182624816895,0.04677565849227978,-0.00040989420258766724,-0.004129732451548518
22.95918035507202,0.04677565849227978,-0.00036811089957162536,-0.004163908015691216
22.96517777442932,0.04677565849227978,4.972213058901639e-05,-0.003928501333734604
23.000157356262207,0.04677565849227978,0.00021685534265325824,-0.003928501333734604
23.005154609680176,0.04677565849227978,-0.0004934608086198253,-0.0013592633636121576
23.03813624382019,0.04677565849227978,-0.0006188107176680252,-0.003218009342346932
23.07013702392578,0.04677565849227978,-0.0007859439297322671,-0.001959808967724965
23.07511591911316,0.04677565849227978,-0.0006188107176680252,-0.001959808967724965
23.080113172531128,0.04677565849227978,-0.001120210353860825,-0.0032976024325213735
23.111095428466797,0.04677565849227978,-0.0013291268689411087,-0.0032976024325213735
23.116093158721924,0.04677565849227978,-0.0013709101719571507,-0.005607600761482433
23.121089935302734,0.04677565849227978,-0.001245560262909025,-0.0014387440341677089
23.153072595596313,0.04677565849227978,-0.0013709101719571507,-0.004332762283264679
23.189051866531372,0.04677565849227978,-0.0013291268689411087,-0.0024785130892855224
23.19305109977722,0.04677565849227978,-0.0014126934749732667,-0.0024785130892855224
23.19804811477661,0.04677565849227978,-0.0014544767779893087,-0.0017018059423713724
23.232028007507324,0.04677565849227978,-0.0013709101719571507,-0.0022972926636341097
23.23902463912964,0.04677565849227978,-0.0013709101719571507,-0.0022972926636341097
23.24402141571045,0.04677565849227978,-0.0016216099900535504,-0.0047879493201521284
23.277016401290894,0.04677565849227978,-0.0017887432021178667,-0.0026709754768259805
23.314982652664185,0.04677565849227978,-0.0019558764141821084,-0.004510497700730487
23.32097840309143,0.04677565849227978,-0.0024572760503749082,-0.003916922112988887
23.342966556549072,0.04677565849227978,-0.002916892383551592,-0.0050356097405678
23.388940811157227,0.04677565849227978,-0.0028333257775194336,-0.0026709754768259805
23.40493154525757,0.04677565849227978,-0.0030004589895837497,-0.0032376827756527616
23.424920558929443,0.04677565849227978,-0.00287510908053555,-0.005229870842010505
23.429917812347412,0.04677565849227978,-0.002791542474503392,-0.005229870842010505
23.434914588928223,0.04677565849227978,-0.002415492747358792,-0.0015968060183276878
23.467910528182983,0.04677565849227978,-0.0024572760503749082,-0.003954133006841627
23.471894025802612,0.04677565849227978,-0.00262440926243915,-0.003954133006841627
23.476909160614014,0.04677565849227978,-0.002916892383551592,-0.005599281709684539
23.50789189338684,0.04677565849227978,-0.002958675686567634,-0.005599281709684539
23.51287055015564,0.04677565849227978,-0.00325115880768015,-0.005404683349385162
23.549869060516357,0.04677565849227978,-0.0035018586257764754,-0.0010437014933866518
23.555848360061646,0.04677565849227978,-0.0036272085348246753,-0.003403838972372853
23.592827081680298,0.04677565849227978,-0.0035018586257764754,-0.004679127129066169
23.598822593688965,0.04677565849227978,-0.0032929421106961915,-0.005236840858381713
23.632803916931152,0.04677565849227978,-0.0032093755046640336,-0.005236840858381713
23.6378014087677,0.04677565849227978,-0.0031675922016479916,-0.005404683349385162
23.669784784317017,0.04677565849227978,-0.0039196916559371174,-0.001627721413522563
23.704764366149902,0.04677565849227978,-0.0039196916559371174,-0.001784097103399185
23.709760665893555,0.04677565849227978,-0.004003258261969275,-0.0036277788532026387
23.715777158737183,0.04677565849227978,-0.0037107751408568335,-0.0041264722826006945
23.75175642967224,0.04677565849227978,-0.0032093755046640336,-0.005961947400225145
23.784719705581665,0.04677565849227978,-0.003084025595615834,-0.005961947400225145
23.791717290878296,0.04677565849227978,-0.0026661925654551917,-0.005525646859311291
23.829697847366333,0.04677565849227978,-0.00237370944434275,-4.90127054439106e-05
23.834691524505615,0.04677565849227978,-0.0033347254137122335,-0.0011710729215895367
23.86767268180847,0.04677565849227978,-0.00325115880768015,-0.00410556223348707
23.872669458389282,0.04677565849227978,-0.004253958080065675,-0.00238138253856417
23.908649921417236,0.13760217983651224,-0.004086824868001433,-0.003354486759679944
23.940632820129395,0.13760217983651224,-0.0038779083529210754,-0.003931873922301318
23.946628093719482,0.13760217983651224,-0.0033347254137122335,0.002203651617883016
23.984607696533203,0.13760217983651224,-0.0019558764141821084,-0.002642196054390024
24.016607999801636,0.13760217983651224,-0.0020812263232303082,-0.0038993846524419764
24.02260398864746,0.13760217983651224,-0.0019558764141821084,-0.0038993846524419764
24.027583122253418,0.13760217983651224,-0.0017887432021178667,-0.0038993846524419764
24.03257942199707,0.13760217983651224,-0.0017887432021178667,-0.002260756287494712
24.062563180923462,0.13760217983651224,-0.0016633932930696666,-0.002260756287494712
24.06757926940918,0.13760217983651224,-0.0016216099900535504,-0.005371969240288039
24.072558164596558,0.13760217983651224,-0.0020812263232303082,-0.0024124103533779352
24.105557680130005,0.13760217983651224,-0.002290142838310592,-0.002981590883820306
24.110536336898804,0.13760217983651224,-0.0024990593533909503,-0.0006361803749087543
24.147518396377563,0.13760217983651224,-0.002582625959423108,-0.0024572657813152266
24.151533126831055,0.13760217983651224,-0.0026661925654551917,-0.002303363323054194
24.161507606506348,0.13760217983651224,-0.0028333257775194336,-0.001938224400897998
24.188493251800537,0.13760217983651224,-0.003084025595615834,-0.001938224400897998
24.193490266799927,0.13760217983651224,-0.0027079758684712338,-0.0026170140597585622
24.24246311187744,0.13760217983651224,-0.002791542474503392,-0.0026170140597585622
24.259453296661377,0.13760217983651224,-0.002791542474503392,-0.0026170140597585622
24.264468908309937,0.13760217983651224,-0.0027079758684712338,-0.004962986666764566
24.27044677734375,0.13760217983651224,-0.002039443020214192,-0.005159046482109519
24.307426691055298,0.13760217983651224,-0.0019140931111660665,-0.004012141530189102
24.34540557861328,0.13760217983651224,-0.0017469598991017505,-0.0036594811857297467
24.37938642501831,0.13760217983651224,-0.0019558764141821084,-0.0036594811857297467
24.384384393692017,0.13760217983651224,-0.0019558764141821084,-0.0036594811857297467
24.390380859375,0.13760217983651224,-0.002039443020214192,-0.005477643682045067
24.406371355056763,0.13760217983651224,-0.00237370944434275,-0.002313256249516554
24.42737889289856,0.13760217983651224,-0.00224835953529455,-0.0016316561001837287
24.43237566947937,0.13760217983651224,-0.00274975917148735,-0.00417481271872359
24.48132872581482,0.13760217983651224,-0.0024990593533909503,-0.006199377635321785
24.49832010269165,0.13760217983651224,-0.00274975917148735,-0.006199377635321785
24.504318237304688,0.13760217983651224,-0.002290142838310592,-0.0003449011423635868
24.541296005249023,0.13760217983651224,-0.0019140931111660665,0.0011272337670069146
24.57627582550049,0.13760217983651224,-0.0019976597171981504,0.0011272337670069146
24.580273628234863,0.13760217983651224,-0.0017469598991017505,-0.002029733970674828
24.613255739212036,0.13760217983651224,-0.0016633932930696666,-0.0009922133079348237
24.618252992630005,0.13760217983651224,-0.0013709101719571507,0.0010268430473377387
24.623250007629395,0.13760217983651224,-0.0013709101719571507,0.005040785539821416
24.638241291046143,0.13760217983651224,0.021442773274814347,0.014499772273264256
24.659248113632202,0.13760217983651224,0.035565529694244306,0.019523580202240886
24.66422700881958,0.13760217983651224,0.056958580838469636,0.019523580202240886
24.670227527618408,0.22842870118074474,0.30105663705832175,0.06813179985733338
24.705204486846924,0.22842870118074474,0.5598624159398288,0.11817775401841589
24.741183519363403,0.13760217983651224,0.5890689447480583,0.13411076176452222
24.748180866241455,0.13760217983651224,0.7863697015899174,0.2620560921218429
24.78216242790222,0.22842870118074474,0.8050886213411146,0.2620560921218429
24.78817582130432,0.22842870118074474,1.0215679142673475,0.4232544712292467
24.853123426437378,0.41008174386920965,1.0689083965845494,0.4232544712292467
24.861117839813232,0.41008174386920965,1.3019756608081605,0.5068946676837448
24.894099950790405,0.5917347865576746,1.3833695350834552,0.5305218989859516
24.901094675064087,0.5917347865576746,1.6289300069088695,0.6414897309180548
24.939074516296387,0.9550408719346045,1.5607814396896673,0.6970897763504202
24.97307252883911,0.9550408719346045,1.5443188183013377,0.708704971374182
24.97806978225708,0.9550408719346045,1.5324105769417593,0.708704971374182
24.98306703567505,0.9550408719346045,1.4195956587983836,0.771708748067435
25.0150306224823,0.9550408719346045,1.3808207535994752,0.7899029640279038
25.02002787590027,0.9550408719346045,1.345472079247884,0.7899029640279038
25.025025129318237,0.9550408719346045,1.2212085360781066,0.9060679549413128
25.08401131629944,1.1366939146230695,1.2257629161068575,0.914004555195741
25.08900809288025,1.1366939146230695,1.229314496863223,0.914004555195741
25.093986988067627,1.1366939146230695,1.2384232569207254,0.9209523124824089
25.098984241485596,1.227520435967302,1.4940952880760276,0.9498000860466507
25.137962579727173,1.227520435967302,1.7620516103180526,0.9376929427706242
25.172961711883545,1.4091734786557668,1.8230134494184917,0.9368302346152589
25.182955980300903,1.4091734786557668,1.8839752885189305,0.9423417188509823
25.209940195083618,1.4091734786557668,1.883682805397818,0.9408692466827552
25.21493911743164,1.4091734786557668,1.8846020380641715,0.9408692466827552
25.219934701919556,1.4091734786557668,1.7699904378911053,0.9038706010704799
25.251916885375977,1.4091734786557668,1.74880630326196,0.8907743899874553
25.25789451599121,1.4091734786557668,1.7303380833288593,0.8861098751604526
25.264892101287842,1.4091734786557668,1.5345833086985947,0.8512148254568555
25.299872875213623,1.4999999999999993,1.3267949427997032,0.7693728932261291
25.368834495544434,1.4999999999999993,1.3076999733213615,0.7633966662859125
25.373830795288086,1.4999999999999993,1.2069186464466122,0.7420935981846469
25.40881085395813,1.4999999999999993,1.1965981706016442,0.7394618549064214
25.412827014923096,1.4999999999999993,1.181180131788716,0.7282542934207564
25.443809747695923,1.4999999999999993,1.1523914360106473,0.7212179494744029
25.44880723953247,1.4999999999999993,1.140441411348053,0.7136422161966129
25.454785346984863,1.4999999999999993,1.070579728705192,0.7126331376974522
25.48776650428772,1.4091734786557668,1.0509833595906575,0.7093961271911204
25.494762420654297,1.4091734786557668,1.017180667450661,0.7016816681036198
25.53074288368225,1.4091734786557668,0.9185720723327473,0.6959817685866359
25.56672239303589,1.4091734786557668,0.896552271643281,0.6937120164812376
25.571719646453857,1.4091734786557668,0.8821370321027386,0.6937120164812376
25.576716661453247,1.4091734786557668,0.8536408194457822,0.6900116123058394
25.604701280593872,1.4091734786557668,0.8764545028925537,0.6871397407216638
25.61469531059265,1.4091734786557668,0.8860646625862487,0.686009698712577
25.6196928024292,1.4091734786557668,0.8731536219542845,0.6758685497317068
25.66466784477234,1.3183469573115345,0.8301586031507536,0.6787658281497517
25.683656930923462,1.3183469573115345,0.8215512427294441,0.6787658281497517
25.68965458869934,1.3183469573115345,0.815701580307195,0.6816912114725191
25.693651914596558,1.4091734786557668,0.8384316971479345,0.6911452517427308
25.729632139205933,1.4091734786557668,0.8232225748500867,0.6930991047190469
25.734628677368164,1.4091734786557668,0.8481254234476616,0.7092785362697611
25.770610332489014,1.4091734786557668,1.0481003116825491,0.7090705599748137
25.809587955474854,1.4091734786557668,1.0972374760294414,0.7095371013932091
25.814585208892822,1.4091734786557668,1.138728295924394,0.709691116271089
25.8495671749115,1.4091734786557668,1.1428648429229846,0.709691116271089
25.85556149482727,1.4091734786557668,1.110440999782518,0.7222007217827432
25.895540237426758,1.4091734786557668,1.0437966314718943,0.7195894388751558
25.92952060699463,1.4999999999999993,1.0680727305242284,0.7201308517597322
25.962501287460327,1.4091734786557668,1.0890479486382927,0.7225874452717264
25.97149658203125,1.4091734786557668,1.0985745417259556,0.7232023805870572
25.975494146347046,1.4091734786557668,1.115538562750478,0.7196546422541122
26.006476640701294,1.4091734786557668,1.111527365660936,0.7238085471721145
26.011474132537842,1.4091734786557668,0.9966650656697729,0.7202012264411576
26.044455528259277,1.4091734786557668,0.9842972079770177,0.7174656074350773
26.049453020095825,1.4091734786557668,0.9576394606527683,0.7153404269595721
26.054449558258057,1.4091734786557668,0.9288925481777154,0.7153404269595721
26.059447050094604,1.4091734786557668,0.7709516627769895,0.7150578040376816
26.091428756713867,1.4999999999999993,0.6782345133843412,0.7132721308112255
26.12241244316101,1.4999999999999993,0.676897447687827,0.7134171521195942
26.131406545639038,1.4999999999999993,0.6766049645667145,0.7159769468417299
26.163389682769775,1.4999999999999993,0.6767303144757627,0.7159184886399068
26.168386459350586,1.4999999999999993,0.6824964102919798,0.7186950283872633
26.17338275909424,1.4999999999999993,0.7885424333467528,0.7279997754035884
26.205366134643555,1.4999999999999993,0.8089326852185925,0.7279997754035884
26.20936346054077,1.4999999999999993,0.8472897573873402,0.7276955679148709
26.21436047554016,1.4999999999999993,0.9974171651240621,0.7324702539683863
26.24534320831299,1.4999999999999993,1.0113310050284117,0.7324702539683863
26.250340223312378,1.4999999999999993,1.111109532630775,0.7273279557610991
26.2823224067688,1.4091734786557668,1.1470849565276071,0.7302614332964266
26.29131817817688,1.4091734786557668,1.154146334737322,0.7299050631045438
26.29631495475769,1.4091734786557668,0.9938655843676966,0.7387077441029042
26.361278295516968,1.4091734786557668,0.8442395762671674,0.7438295819395534
26.395259618759155,1.4091734786557668,0.8188771113364159,0.7438295819395534
26.401256322860718,1.4091734786557668,0.7940160460418573,0.7489428758851667
26.407252550125122,1.4091734786557668,0.6829978099281724,0.758944399699375
26.43823552131653,1.4091734786557668,0.6778166803541804,0.758944399699375
26.442232847213745,1.4091734786557668,0.6712567017806582,0.7624428982392459
26.447230339050293,1.4091734786557668,0.6397103080035291,0.7663622958322427
26.48121166229248,1.4091734786557668,0.8193367276695928,0.7518547688536673
26.517191410064697,1.4999999999999993,0.8412729617530269,0.7504733565767414
26.52119016647339,1.4999999999999993,0.8937945736442205,0.7504733565767414
26.526186227798462,1.4999999999999993,0.988976937914817,0.753179971321148
26.542195796966553,1.4999999999999993,1.0763458245214088,0.7498554983513195
26.593148469924927,1.4091734786557668,1.0727524604620273,0.7498554983513195
26.598164081573486,1.4091734786557668,0.9986706642145441,0.7457074392534995
26.631141662597656,1.4091734786557668,0.98968725406609,0.7455705121576909
26.635125398635864,1.4091734786557668,0.9687538192550414,0.7437290788002653
26.64112138748169,1.4091734786557668,0.8695602578949029,0.7327928982746018
26.67710256576538,1.4091734786557668,0.7926371970423273,0.7277176021601734
26.718079090118408,1.4091734786557668,0.7498093114508605,0.7201272543319277
26.751060247421265,1.4091734786557668,0.7381099866063624,0.7201272543319277
26.757057189941406,1.4091734786557668,0.7275388109432979,0.7180805427504081
26.76305365562439,1.4091734786557668,0.6703374691143048,0.7159261331739915
26.797034740447998,1.4091734786557668,0.6664516219338108,0.7143255026402291
26.80203127861023,1.4091734786557668,0.7197253332792937,0.7137748713469036
26.826018810272217,1.4091734786557668,0.7496003949357802,0.7103278609924846
26.844008922576904,1.4091734786557668,0.7149202534324463,0.7076549721337452
26.878989458084106,1.4091734786557668,0.6427604891237019,0.7099060625824076
26.91497802734375,1.4091734786557668,0.6046959000760666,0.7179006713601833
26.951947689056396,1.4091734786557668,0.6041109338338416,0.716524880064202
26.958944082260132,1.4091734786557668,0.6273842336137898,0.7225912675387687
26.98994493484497,1.4091734786557668,0.6336935123692157,0.7244117908470807
26.99492383003235,1.4091734786557668,0.639041775155272,0.7244117908470807
26.999921321868896,1.4091734786557668,0.6576771283004371,0.7262583955069754
27.015912294387817,1.4091734786557668,0.68525410829104,0.7296091746676242
27.036900758743286,1.4091734786557668,0.6800311954140319,0.7296091746676242
27.04289722442627,1.4091734786557668,0.6090413635897373,0.7357551552323653
27.07588028907776,1.4091734786557668,0.6018546354709741,0.7357551552323653
27.080876111984253,1.4091734786557668,0.5873140460213835,0.7352384746639448
27.089870929718018,1.4091734786557668,0.5199593615594866,0.7392970477451279
27.122853994369507,1.4091734786557668,0.5128979833497717,0.7367053258512275
27.12684965133667,1.4091734786557668,0.47357989521165444,0.7373085695261936
27.15883207321167,1.4091734786557668,0.4760868933926183,0.7338505420491233
27.163829565048218,1.4091734786557668,0.4821036890269316,0.7338505420491233
27.168826818466187,1.4091734786557668,0.4865327191466346,0.7345165158714303
27.173823833465576,1.4091734786557668,0.48105910645153005,0.7357047912431024
27.207804918289185,1.4091734786557668,0.46204770357922037,0.7345291068687461
27.238788843154907,1.4091734786557668,0.4710311137276745,0.7266837913448568
27.25477886199951,1.4091734786557668,0.47942955763390344,0.7288658561475205
27.279764890670776,1.4091734786557668,0.4693179983040158,0.7312091306836731
27.28576135635376,1.4091734786557668,0.4773821757861163,0.7226492760621162
27.322741508483887,1.4091734786557668,0.5981777048055604,0.7195240106569615
27.38670516014099,1.4091734786557668,0.603693100803681,0.7192973727052784
27.39470148086548,1.4091734786557668,0.6257546847961634,0.7138483937776581
27.4306800365448,1.4091734786557668,0.6198632390708981,0.714928071797482
27.43467950820923,1.4091734786557668,0.5982194881085764,0.7154036067853886
27.466659784317017,1.4091734786557668,0.5949186071703074,0.7187010990466834
27.472657203674316,1.4091734786557668,0.591534159626006,0.7198275436279657
27.478654146194458,1.4091734786557668,0.5618262311815838,0.7148439819225519
27.51263451576233,1.4091734786557668,0.5612412649393589,0.7200719438794336
27.517632007598877,1.4091734786557668,0.6026903015312955,0.7257192310147766
27.550613164901733,1.3183469573115345,0.604946599894163,0.7257192310147766
27.555610179901123,1.3183469573115345,0.5840131650831143,0.733316099180918
27.58759307861328,1.3183469573115345,0.6006011363804922,0.7355921467849742
27.621573448181152,1.3183469573115345,0.6021053352890705,0.7355921467849742
27.627570152282715,1.3183469573115345,0.5995983371081066,0.7357956262951659
27.63156795501709,1.3183469573115345,0.5917012928380703,0.7282180943034737
27.664549827575684,1.3183469573115345,0.5845563480223233,0.7265823888486176
27.670547008514404,1.3183469573115345,0.5878990122636083,0.725828727723576
27.70352792739868,1.3183469573115345,0.5924533922923595,0.725803096050469
27.70852494239807,1.3183469573115345,0.5885675451118655,0.725803096050469
27.71352219581604,1.3183469573115345,0.5942918576250664,0.7217260861517878
27.744504690170288,1.3183469573115345,0.5972584721392069,0.7254010834933167
27.749502182006836,1.3183469573115345,0.609459196619898,0.7254010834933167
27.75549840927124,1.3183469573115345,0.6682483039635015,0.7266462431921473
27.78848123550415,1.3183469573115345,0.8372199813604685,0.7242804847322166
27.821462154388428,1.3183469573115345,0.8445738426912961,0.7242804847322166
27.825459718704224,1.3183469573115345,0.8500474553864006,0.7277571738660229
27.831456184387207,1.3183469573115345,0.9388787575985548,0.7363397372505956
27.870434761047363,1.4091734786557668,0.9477786011409767,0.7388300566482571
27.907413482666016,1.4091734786557668,0.9373327753869605,0.7381710528423212
27.928402185440063,1.4091734786557668,0.9442688036876274,0.7377551002524265
27.946392059326172,1.4091734786557668,0.9469429350806556,0.7377551002524265
27.95138931274414,1.4091734786557668,0.9606060751669088,0.735250615982785
27.95638680458069,1.4091734786557668,1.0160943015722432,0.7400007945593823
27.98836898803711,1.4091734786557668,1.0427102655934766,0.737943515533687
27.992366313934326,1.4091734786557668,1.069284446311694,0.737943515533687
27.997363328933716,1.4091734786557668,1.3246222110428674,0.7389361807684897
28.031344413757324,1.4091734786557668,1.586896004074708,0.7421857822721372
28.06532621383667,1.4091734786557668,1.6225371615474116,0.7421857822721372
28.07032346725464,1.4091734786557668,1.7284160513901203,0.743861733950556
28.10130548477173,1.4091734786557668,1.7273296855117029,0.7430538865692092
28.10730290412903,1.4091734786557668,1.7142932949706902,0.7404740811549111
28.111299753189087,1.4091734786557668,1.5347504419106588,0.7406894771447051
28.143282175064087,1.4091734786557668,1.4792622155053243,0.7406894771447051
28.14927864074707,1.4091734786557668,1.4412811930637213,0.7431815952562688
28.153276681900024,1.4091734786557668,1.0933934121519635,0.743680063846429
28.187257766723633,1.4091734786557668,1.0626826844351556,0.7426626662954704
28.19125461578369,1.4091734786557668,0.8639612952907502,0.7421279985880275
28.227235078811646,1.4091734786557668,0.8177489621549822,0.7429999251521417
28.261215686798096,1.4091734786557668,0.9486560505043141,0.7382416523629844
28.292197942733765,1.3183469573115345,0.964533705650419,0.737710582083346
28.30019450187683,1.3183469573115345,0.9700073183455235,0.7358484635160444
28.3051917552948,1.3183469573115345,0.9743527818591943,0.736243955735301
28.31018877029419,1.3183469573115345,0.955007112562756,0.7276710604379527
28.341190099716187,1.3183469573115345,0.9491574501405069,0.7276710604379527
28.347169876098633,1.3183469573115345,0.936455326023623,0.727974593408957
28.353164434432983,1.3183469573115345,0.8003253247972831,0.7185306709044454
28.417130708694458,1.3183469573115345,0.773249744442873,0.7182968380971533
28.428122997283936,1.3183469573115345,0.7874142841653191,0.7221193299786666
28.460123538970947,1.3183469573115345,0.7941413959509055,0.7221193299786666
28.465102195739746,1.3183469573115345,0.850339938507513,0.7250458374976229
28.499083280563354,1.4091734786557668,0.8518859207191073,0.7237235579402334
28.504079580307007,1.4091734786557668,0.8451588089335211,0.7192859059041515
28.536061763763428,1.4091734786557668,0.8392255799052397,0.7186437650410492
28.54205894470215,1.4091734786557668,0.83550686593681,0.7223324775760829
28.546075344085693,1.4091734786557668,0.7432075495743223,0.7244066195446117
28.57705855369568,1.4091734786557668,0.7283744770036191,0.7253399272206403
28.58303666114807,1.4091734786557668,0.6629418244804614,0.7441124297006817
28.62001609802246,1.3183469573115345,0.6642788901769754,0.7441124297006817
28.62501311302185,1.3183469573115345,0.6960342004691847,0.7469420315081544
28.656996965408325,1.4091734786557668,0.8755352702262003,0.7300368188978835
28.688976764678955,1.4091734786557668,0.900939518459968,0.7300368188978835
28.692992687225342,1.4091734786557668,0.9321934291159846,0.7318197940534861
28.69798994064331,1.4091734786557668,1.0712900448564653,0.7327994186124975
28.730971813201904,1.3183469573115345,1.0798974052777743,0.7327994186124975
28.736950159072876,1.3183469573115345,1.1117780654790324,0.7380397467274572
28.767932891845703,1.3183469573115345,1.107850434995522,0.7380397467274572
28.774930238723755,1.3183469573115345,1.0186848663592392,0.7395983323237544
28.801913022994995,1.3183469573115345,0.9323605623280488,0.746895264946696
28.81690502166748,1.3183469573115345,0.9128895431225623,0.746895264946696
28.8229022026062,1.3183469573115345,0.7729154780187445,0.7528096610965228
28.854884147644043,1.3183469573115345,0.7541965582675473,0.7528096610965228
28.85988163948059,1.3183469573115345,0.7100733902825825,0.7524125950026017
28.871875762939453,1.3183469573115345,0.612007978103878,0.7556464577596046
28.900859355926514,1.3183469573115345,0.5913252431109257,0.7562530740231375
28.905856132507324,1.3183469573115345,0.5493330235797804,0.7555097555030338
28.940836429595947,1.3183469573115345,0.5768682202673672,0.7543351953248663
28.972818851470947,1.3183469573115345,0.7244050632170929,0.7476923200446294
29.008798360824585,1.3183469573115345,0.74822154593625,0.7471756394762088
29.014795780181885,1.3183469573115345,0.7707845295649253,0.7471756394762088
29.01979899406433,1.3183469573115345,0.918906338756876,0.7402204624946942
29.051774978637695,1.3183469573115345,0.9385862744774425,0.7380489651362062
29.056771755218506,1.3183469573115345,0.9516226650184546,0.7362241698823763
29.061769485473633,1.3183469573115345,1.013378386876199,0.7298944956603681
29.093751430511475,1.3183469573115345,1.0142140529365202,0.7330058210327803
29.104744911193848,1.3183469573115345,0.9438927539604828,0.7244560841769235
29.130731105804443,1.3183469573115345,0.9194495216960847,0.7226198221219668
29.135728120803833,1.3183469573115345,0.7291683597609243,0.7182309602004835
29.174707412719727,1.3183469573115345,0.690978420804241,0.7159724500569743
29.179704427719116,1.3183469573115345,0.6606019595115616,0.7159724500569743
29.18570113182068,1.3183469573115345,0.5139425659251732,0.7076111284823778
29.24167013168335,1.3183469573115345,0.5298202210712779,0.708031802696266
29.251664638519287,1.3183469573115345,0.5397228638860854,0.708031802696266
29.256661653518677,1.3183469573115345,0.6484012350308705,0.703640467543167
29.288644313812256,1.3183469573115345,0.6649056397222163,0.7075542441552193
29.29464077949524,1.3183469573115345,0.7181793510676993,0.7038329299307075
29.31063175201416,1.3183469573115345,0.7455474145432218,0.7055414832986046
29.331620693206787,1.3183469573115345,0.7567453397515272,0.7013041630233856
29.344614028930664,1.3183469573115345,0.8768723359227145,0.7022842372608725
29.40657901763916,1.3183469573115345,0.8864407123133934,0.7028083375241398
29.413575172424316,1.3183469573115345,1.0267490438413398,0.7035777373958261
29.447556257247925,1.3183469573115345,1.0969867762113452,0.7125396045745354
29.482536554336548,1.3183469573115345,1.0981149253927789,0.7125396045745354
29.487534523010254,1.3183469573115345,1.0996609076043735,0.7125396045745354
29.493530988693237,1.3183469573115345,0.9627370236207282,0.7142803099534352
29.527512073516846,1.3183469573115345,0.9301460472681974,0.7148073331267936
29.533509492874146,1.3183469573115345,0.7909240816186686,0.7210466219752139
29.566490173339844,1.3183469573115345,0.6710060019625618,0.723776170321874
29.602470636367798,1.3183469573115345,0.6628582578744291,0.7265990269522133
29.607467651367188,1.3183469573115345,0.6556297464526499,0.7265990269522133
29.612465143203735,1.3183469573115345,0.6466881196072118,0.7258154622085469
29.617462158203125,1.3183469573115345,0.547828824671202,0.728647762086873
29.64844512939453,1.3183469573115345,0.47696434275595573,0.7373033982237247
29.680427074432373,1.3183469573115345,0.47491696090816854,0.7373033982237247
29.68542456626892,1.3183469573115345,0.5224245764374343,0.7303920648935773
29.716407537460327,1.3183469573115345,0.5294441713441335,0.7314533060959032
29.721404552459717,1.3183469573115345,0.5353774003724147,0.7297155236270946
29.726401805877686,1.3183469573115345,0.7468844802397359,0.7370457324572277
29.76238489151001,1.3183469573115345,0.7933057298905842,0.7418040052463851
29.76738929748535,1.3183469573115345,1.059632503314983,0.7414555044278247
29.801361560821533,1.3183469573115345,1.1073490353593294,0.7434956956714487
29.807358980178833,1.3183469573115345,1.2433536866766213,0.7465193337411263
29.840339422225952,1.3183469573115345,1.2571003933689062,0.7444791424975024
29.84433627128601,1.3183469573115345,1.2700950006069025,0.7444791424975024
29.84933376312256,1.3183469573115345,1.30824315626057,0.7454506728439537
29.872323036193848,1.3183469573115345,1.2507075480074483,0.7422100649098174
29.888314247131348,1.3183469573115345,1.2062918969013714,0.7444042710313213
29.894310235977173,1.3183469573115345,1.1177530778103295,0.7428146576202104
29.96427035331726,1.3183469573115345,1.193171939754327,0.7387394464354313
29.996252298355103,1.3183469573115345,1.1980605862072065,0.7387394464354313
30.002248525619507,1.3183469573115345,1.209968827566785,0.7388592857491686
30.007246255874634,1.3183469573115345,1.2461949512817134,0.7362448550922521
30.037229537963867,1.3183469573115345,1.2447743189791673,0.7370774347897548
30.0422260761261,1.3183469573115345,1.2417241378589945,0.7370774347897548
30.047224044799805,1.3183469573115345,1.095607927211815,0.7348922222377622
30.079206228256226,1.227520435967302,1.0573762049521156,0.7352827679937877
30.084203958511353,1.227520435967302,0.9830019255835197,0.7352827679937877
30.089200019836426,1.227520435967302,0.7788069237440097,0.7437153636067606
30.124180793762207,1.227520435967302,0.7583748885691539,0.7437153636067606
30.12817883491516,1.227520435967302,0.6167712746477094,0.7421961248770751
30.161159992218018,1.227520435967302,0.6048212499851148,0.7421961248770751
30.165157794952393,1.227520435967302,0.5375919154322661,0.7437182865168518
30.197158336639404,1.227520435967302,0.5323272192522419,0.7425936406494716
30.20215654373169,1.227520435967302,0.5507536558823265,0.7434889504943153
30.234119415283203,1.227520435967302,0.5480795244892984,0.7434889504943153
30.239116668701172,1.227520435967302,0.5469513753078645,0.7426613172600437
30.244127988815308,1.227520435967302,0.630685114552059,0.7452166151974238
30.273097038269043,1.227520435967302,0.8074702696130304,0.7464509826128409
30.3120756149292,1.227520435967302,0.8233061414561189,0.7464509826128409
30.316073656082153,1.227520435967302,0.8409804786319145,0.7472743439015946
30.322070121765137,1.227520435967302,0.8601172314132722,0.7458448160277836
30.327068567276,1.227520435967302,0.9824587426443107,0.741223245495197
30.3600492477417,1.227520435967302,1.013294820270167,0.741223245495197
30.364046812057495,1.227520435967302,1.0788946060053888,0.7391846281262375
30.399040937423706,1.227520435967302,1.0821537036406421,0.7391846281262375
30.40502381324768,1.227520435967302,1.0691590964026458,0.7389071765068159
30.43700623512268,1.227520435967302,1.0668610147367623,0.7366378740798932
30.444002151489258,1.227520435967302,1.2687997182134045,0.7446644100294338
30.51896047592163,1.227520435967302,1.3222823460739679,0.7476837761535937
30.555940866470337,1.227520435967302,1.3546226226084024,0.7428791864814535
30.56093692779541,1.227520435967302,1.477841583202778,0.7389672085833034
30.59193992614746,1.227520435967302,1.488579892077907,0.7336729190512763
30.596936464309692,1.227520435967302,1.4806410645048544,0.7336729190512763
30.601933240890503,1.227520435967302,1.2613622902765451,0.7336151353671666
30.63489556312561,1.227520435967302,1.139981795014876,0.7337819660816001
30.650885581970215,1.227520435967302,1.0355653207777293,0.7314234024772783
30.671875715255737,1.227520435967302,1.0248687952056168,0.7337365485555684
30.677871465682983,1.227520435967302,0.8985996534910682,0.7329673735231198
30.713850736618042,1.227520435967302,0.8874017282827626,0.7319133271764029
30.71984839439392,1.227520435967302,0.8702287907431598,0.7310955868685938
30.72384548187256,1.227520435967302,0.8276098216667737,0.7295421725747655
30.756826877593994,1.227520435967302,0.8161611966403718,0.7295421725747655
30.76082468032837,1.227520435967302,0.7864950514989656,0.7294511126834642
30.796804666519165,1.227520435967302,0.667955820842389,0.7211462257575508
30.827787160873413,1.227520435967302,0.6533734480897823,0.7211462257575508
30.831785202026367,1.227520435967302,0.6395431747914648,0.7242530543452074
30.83778214454651,1.227520435967302,0.6098352463470426,0.7292372905683345
30.869764804840088,1.227520435967302,0.6682065206604855,0.7359975319306932
30.907761096954346,1.227520435967302,0.6862986908664416,0.7378756140838771
30.91275954246521,1.227520435967302,0.6943210850455261,0.7378756140838771
30.91873812675476,1.227520435967302,0.7543636914796117,0.7439260379725614
30.956717014312744,1.227520435967302,0.7776369912595599,0.7448534998284077
30.96171283721924,1.227520435967302,0.8067599534617571,0.7457166576622485
30.994694471359253,1.227520435967302,0.7334720399715791,0.7391540499898993
31.031673192977905,1.227520435967302,0.7104494400097272,0.7391540499898993
31.03667140007019,1.227520435967302,0.6951149678028314,0.7368926169362989
31.041667699813843,1.227520435967302,0.56579564496811,0.7356930996027378
31.07664942741394,1.227520435967302,0.3913085715730223,0.7232428516498578
31.143610954284668,1.227520435967302,0.39314703690572916,0.7195543639540619
31.14960789680481,1.227520435967302,0.3965732677530466,0.7195543639540619
31.154604196548462,1.227520435967302,0.40655947717388596,0.7180362494205652
31.186588048934937,1.227520435967302,0.414247604928842,0.7152999558967715
31.19159770011902,1.227520435967302,0.5914088097169578,0.7170970959243544
31.224565982818604,1.227520435967302,0.6258382514021955,0.7152419473734241
31.22857689857483,1.227520435967302,0.9463579688384306,0.7168376314439552
31.261563539505005,1.227520435967302,0.9789489451909613,0.7168376314439552
31.267555713653564,1.227520435967302,1.0087404402414157,0.7137197857336474
31.272539138793945,1.227520435967302,1.2560558107935047,0.7199772865603279
31.308518886566162,1.227520435967302,1.285721955934911,0.7199772865603279
31.313534259796143,1.227520435967302,1.3387031841592816,0.7193142356481119
31.31853199005127,1.227520435967302,1.340374516279924,0.7150020439067118
31.35050892829895,1.227520435967302,1.25430091206683,0.7188263345021274
31.367503881454468,1.227520435967302,0.971093684223941,0.7150890566917331
31.414458990097046,1.227520435967302,0.9506198657460694,0.71997099106167
31.42445421218872,1.227520435967302,0.9270122995419924,0.7217018035141074
31.431450366973877,1.227520435967302,0.8242671574254886,0.7174746010045885
31.46842885017395,1.227520435967302,0.8426100274495412,0.7190520730968594
31.50241184234619,1.227520435967302,0.8755352702262003,0.718449054261131
31.512404918670654,1.227520435967302,0.8563567341418266,0.7215516109032698
31.546385765075684,1.227520435967302,0.8462451748119386,0.7215516109032698
31.551383018493652,1.227520435967302,0.7793918899862347,0.7281724519382042
31.58337903022766,1.227520435967302,0.770032430110636,0.7308777176471841
31.58736300468445,1.227520435967302,0.6752678988702004,0.7327522023725636
31.61936354637146,1.227520435967302,0.6590977606029832,0.7311369572883455
31.625341653823853,1.227520435967302,0.6270081838866453,0.7311369572883455
31.630338191986084,1.227520435967302,0.5928294420195042,0.7307126856466529
31.646329879760742,1.227520435967302,0.6134703937094402,0.7337970303105315
31.667317628860474,1.227520435967302,0.6196125392528018,0.7332506709627238
31.676312923431396,1.227520435967302,0.6651563395403126,0.730048510538248
31.73528003692627,1.227520435967302,0.6669112382669875,0.730048510538248
31.739296674728394,1.227520435967302,0.6687914869027103,0.730048510538248
31.744276762008667,1.227520435967302,0.6555043965436017,0.7353126716124125
31.77925682067871,1.227520435967302,0.6660755722066661,0.7349322436220872
31.785252332687378,1.227520435967302,0.7201431663094544,0.7334296429959974
31.81723427772522,1.227520435967302,0.7279566439734585,0.7334296429959974
31.821250915527344,1.227520435967302,0.7435835993014669,0.7318094514485481
31.855212926864624,1.227520435967302,0.7470098301487841,0.7318094514485481
31.85921287536621,1.227520435967302,0.7482633292392661,0.7339733042729516
31.868208646774292,1.227520435967302,0.7197253332792937,0.7298623436493655
31.905184745788574,1.227520435967302,0.7066053761322493,0.7343856594350419
31.910183668136597,1.227520435967302,0.7389038693636675,0.7340092785509966
31.945164680480957,1.227520435967302,0.773876493988114,0.7337237327190148
31.979143381118774,1.227520435967302,0.769363897262379,0.726777998985487
32.004130840301514,1.227520435967302,0.7859100852567407,0.7281560386738462
32.020121574401855,1.227520435967302,0.7676925651417363,0.7308547840449304
32.03811192512512,1.227520435967302,0.691020204107257,0.7300318724346523
32.057100772857666,1.227520435967302,0.6067014986208378,0.7266246586253204
32.09208154678345,1.227520435967302,0.6297658818857056,0.7295941104386928
32.10107636451721,1.227520435967302,0.7120372055243377,0.7301013477591266
32.135056018829346,1.227520435967302,0.7146695536143498,0.731762460047852
32.14005374908447,1.227520435967302,0.7190985837340527,0.731762460047852
32.14505124092102,1.227520435967302,0.7682357480809453,0.7284424838627791
32.17703294754028,1.227520435967302,0.7816064050460861,0.7272191335700131
32.18204379081726,1.227520435967302,1.0024729447890062,0.7268967141030354
32.21501135826111,1.227520435967302,1.035231054353601,0.7284910491381398
32.22000861167908,1.227520435967302,1.063393000586429,0.7284910491381398
32.22500562667847,1.227520435967302,1.0850785348517666,0.731870158042749
32.23000359535217,1.227520435967302,1.3638567325749527,0.7323344510687666
32.29396724700928,1.227520435967302,1.3664055140589326,0.7351955303695287
32.29796576499939,1.227520435967302,1.3271709925268473,0.7366241588863885
32.328948736190796,1.227520435967302,1.2943293163562206,0.7366241588863885
32.332945585250854,1.227520435967302,1.2144814242925202,0.7381467702046409
32.337961196899414,1.227520435967302,1.1609987964319568,0.7381467702046409
32.342958211898804,1.227520435967302,0.8894073268275339,0.7335402639009856
32.37594032287598,1.227520435967302,0.8577355831413565,0.7355786564307073
32.38091850280762,1.227520435967302,0.8281530046059825,0.7316504901074371
32.38591647148132,1.227520435967302,0.6493204676972241,0.7260724534573305
32.41989850997925,1.227520435967302,0.7997403585550582,0.726541917785817
32.46387219429016,1.227520435967302,1.0190191327833675,0.726541917785817
32.49785304069519,1.227520435967302,1.0348550046264564,0.7287419697275033
32.504849672317505,1.227520435967302,1.0498134271062076,0.7324461961699437
32.5608184337616,1.227520435967302,1.0045621099398092,0.7347663122646049
32.57281184196472,1.227520435967302,0.9985870976085118,0.7344895351628966
32.57680940628052,1.227520435967302,0.9190734719689401,0.735867350012018
32.609792947769165,1.227520435967302,0.9182378059086187,0.7341257452761671
32.6147882938385,1.227520435967302,0.9219565198770487,0.7293074404105222
32.63077902793884,1.227520435967302,0.9318591626918559,0.7232462242384244
32.65376687049866,1.227520435967302,1.0027654279101184,0.7172787660284814
32.68774771690369,1.227520435967302,0.9972082486089817,0.7172787660284814
32.691763401031494,1.227520435967302,0.9940745008827769,0.7144309522427483
32.69675540924072,1.227520435967302,0.9876398722183029,0.7109162652777572
32.70175361633301,1.227520435967302,0.9954115665792909,0.7066584846319002
32.73472309112549,1.227520435967302,0.9812888101598609,0.7066584846319002
32.739718198776245,1.227520435967302,0.978029712524608,0.7076848757523699
32.74471569061279,1.227520435967302,1.1718206719131177,0.7150811873184107
32.774712324142456,1.227520435967302,1.2895242365093729,0.7180567097912033
32.780714988708496,1.227520435967302,1.6817858852241916,0.7257201303717278
32.81267786026001,1.227520435967302,1.9901466614827519,0.7226879484110145
32.84965896606445,1.227520435967302,2.017431158352242,0.7235940505392715
32.85465431213379,1.227520435967302,2.0374035771939214,0.7198967941132023
32.85967016220093,1.227520435967302,1.9874725300897238,0.6923607326621743
32.890647888183594,1.227520435967302,1.5892776523466237,0.6471084634701997
32.92561483383179,1.227520435967302,1.5508370135718437,0.6298502532566127
32.9306116104126,1.227520435967302,1.484150861958204,0.6298502532566127
32.93660879135132,1.227520435967302,1.1317504843207111,0.517467732840392
32.97558641433716,1.227520435967302,1.0781007232480837,0.48176573511239934
32.98058342933655,1.227520435967302,0.8701034408341117,0.3222344265335221
33.01556444168091,1.227520435967302,0.614013576648649,0.17095685395396312
33.05354285240173,1.227520435967302,0.5777038863276884,0.15208092542454246
33.05853986740112,1.227520435967302,0.3984535163887694,0.10640427217125636
33.08052730560303,1.227520435967302,0.2047043403032757,0.05726048545176975
33.12550234794617,1.045867393278837,0.19317214867084173,0.05436927769314505
33.130499839782715,1.045867393278837,0.11758615351478006,0.033758714444244685
33.16148233413696,0.9550408719346045,0.11094260833522569,0.033126016829129204
33.16647982597351,0.9550408719346045,0.10454976297376771,0.033126016829129204
33.17247724533081,0.9550408719346045,0.06393639244215249,0.012024292265296449
33.20545816421509,0.864214350590372,0.056833230929421434,0.010549796543929247
33.21145677566528,0.864214350590372,0.0323482153620073,0.021984895338228495
33.24743461608887,0.682561307901907,0.028545934787545406,0.023512453119711993
33.25842833518982,0.682561307901907,0.018685075275754023,0.025702499715316934
33.28441381454468,0.682561307901907,0.017180876367175697,0.028132449777634107
33.289411306381226,0.682561307901907,0.015885593973677656,0.02759058721458212
33.294408321380615,0.682561307901907,0.00957631521825184,0.024112436625730347
33.32738995552063,0.5917347865576746,0.008615299248882357,0.024112436625730347
33.33238697052002,0.5917347865576746,0.007779633188561074,0.026563296737161145
33.338383436203,0.5917347865576746,0.004395185644259824,0.04209811419315749
33.39635181427002,0.41008174386920965,0.004228052432195508,0.03844492625769328
33.40134882926941,0.41008174386920965,0.0030163366447296244,0.03854722811088359
33.42433571815491,0.41008174386920965,0.0030163366447296244,0.04201604787136746
33.4453239440918,0.41008174386920965,0.0030163366447296244,0.04201604787136746
33.450321674346924,0.41008174386920965,0.002682070220601141,0.04356395360387012
33.48330330848694,0.41008174386920965,0.002097103978376183,0.04253520167140357
33.51228594779968,0.3192552225249772,0.002431370402504741,0.04155872486172109
33.52527904510498,0.3192552225249772,0.002347803796472583,0.039765182261942776
33.53027677536011,0.3192552225249772,0.002138887281392299,0.0422651697468287
33.56525659561157,0.3192552225249772,0.002097103978376183,0.0422651697468287
33.57125401496887,0.3192552225249772,0.002097103978376183,0.041825046938872575
33.6052348613739,0.3192552225249772,0.0020135373723440993,0.04214757882546929
33.64621138572693,0.22842870118074474,0.002138887281392299,0.038139706992405695
33.679195165634155,0.22842870118074474,0.002138887281392299,0.03698504508678184
33.68319058418274,0.22842870118074474,0.002222453887424383,0.03375792750691245
33.71617245674133,0.22842870118074474,0.002097103978376183,0.030751489638925027
33.722169160842896,0.22842870118074474,0.002097103978376183,0.03226881723508949
33.754151344299316,0.22842870118074474,0.0017628375542476993,0.03226881723508949
33.759148359298706,0.22842870118074474,0.0017210542512316575,0.03348092556596637
33.76514530181885,0.22842870118074474,0.0015121377361512996,0.03352263324457473
33.78113794326782,0.22842870118074474,0.0014285711301191416,0.031770236225310326
33.80412411689758,0.22842870118074474,0.0012196546150388577,0.03158103400671769
33.84210395812988,0.22842870118074474,0.0013032212210710157,0.03158103400671769
33.84709882736206,0.22842870118074474,0.0012614379180548997,0.026575100797144643
33.878100633621216,0.22842870118074474,0.0015539210391673415,0.024476114092840968
33.88309717178345,0.22842870118074474,0.0012614379180548997,0.024267912958655845
33.88807678222656,0.22842870118074474,0.000718254978846058,0.021858310847357842
33.92105793952942,0.22842870118074474,0.000592905069797858,0.021858310847357842
33.92607378959656,0.22842870118074474,0.0003004219486854163,0.02238207385176847
33.93107056617737,0.22842870118074474,0.00013328873662117442,0.023619589016514595
33.936049461364746,0.22842870118074474,-0.00020097768750738349,0.020679253884434756
34.002012729644775,0.22842870118074474,-0.0005352441116358671,0.021062379945613427
34.04298973083496,0.22842870118074474,-0.00028454429353946733,0.020542776467101745
34.05498266220093,0.22842870118074474,-0.0003263275965555834,0.021415939647023905
34.080968618392944,0.22842870118074474,-0.0002427609905234254,0.020415517458517753
34.10295653343201,0.22842870118074474,-0.00040989420258766724,0.018688864531979262
34.1199471950531,0.22842870118074474,-0.00040989420258766724,0.015550221192176663
34.15192890167236,0.22842870118074474,-0.00015919438449126736,0.0180111990693076
34.15692591667175,0.22842870118074474,0.0006764716758300161,0.01559934856563179
34.17391586303711,0.22842870118074474,0.0006346883728139741,0.016946585278414996
34.19390606880188,0.22842870118074474,0.0007600382818621,0.01881927128989219
34.19890213012695,0.22842870118074474,0.000843604887894258,0.01746461488226221
34.23388314247131,0.22842870118074474,0.001052521402974616,0.018119346742680217
34.23987936973572,0.22842870118074474,0.000592905069797858,0.012206974145993437
34.27485990524292,0.22842870118074474,0.00034220525170145817,0.012206974145993437
34.27985739707947,0.22842870118074474,0.00021685534265325824,0.012744227504670918
34.28485441207886,0.22842870118074474,-0.0006188107176680252,0.006505275915107366
34.318835735321045,0.22842870118074474,-0.0006605940206840671,0.010776546915231293
34.32283329963684,0.22842870118074474,-0.001036643747828667,0.009381981542895206
34.35481572151184,0.22842870118074474,-0.0004934608086198253,0.006970131039219396
34.38279986381531,0.22842870118074474,-0.00015919438449126736,0.009377147499282916
34.39379525184631,0.22842870118074474,-7.562777845918355e-05,0.0021803807567726922
34.430773973464966,0.22842870118074474,-0.00011741108147522546,0.002531354806948691
34.44276666641235,0.22842870118074474,-0.0002427609905234254,0.001791746134268391
34.468751668930054,0.22842870118074474,-0.00036811089957162536,0.001791746134268391
34.474748373031616,0.22842870118074474,-0.00036811089957162536,0.001791746134268391
34.479745864868164,0.22842870118074474,-0.0016633932930696666,-0.000724654614975542
34.51672601699829,0.22842870118074474,-0.0013709101719571507,-0.0002604740085768555
34.5227210521698,0.22842870118074474,-0.0013291268689411087,-0.004808634530027972
34.555702924728394,0.22842870118074474,-0.0015798266870375086,-0.00928316020110584
34.58468723297119,0.22842870118074474,-0.0015380433840214668,-0.009720135259733038
34.598679304122925,0.22842870118074474,-0.000994860444812625,-0.014259189792054029
34.635658740997314,0.22842870118074474,-0.0007859439297322671,-0.015986742075543642
34.640655517578125,0.22842870118074474,-0.0005352441116358671,-0.017714181939414365
34.67563581466675,0.13760217983651224,-0.0004934608086198253,-0.018807799991980706
34.68163275718689,0.13760217983651224,-0.0005352441116358671,-0.018807799991980706
34.68562984466553,0.13760217983651224,0.0003004219486854163,-0.020180780797489827
34.71762657165527,0.13760217983651224,0.0003004219486854163,-0.024357844156983555
34.75059390068054,0.13760217983651224,0.0003004219486854163,-0.024357844156983555
34.75559139251709,0.13760217983651224,0.00017507203963721633,-0.025026178791287306
34.75958871841431,0.13760217983651224,0.00034220525170145817,-0.023561013898288012
34.79257130622864,0.22842870118074474,-0.0002427609905234254,-0.02422316545355279
34.828550577163696,0.22842870118074474,-0.0006188107176680252,-0.022231314646051718
34.83354878425598,0.22842870118074474,-0.0006188107176680252,-0.02422316545355279
34.838547229766846,0.22842870118074474,-0.0005352441116358671,-0.022454017911073706
34.8535361289978,0.22842870118074474,-0.00036811089957162536,-0.025048325456208727
34.87452483177185,0.22842870118074474,-0.00036811089957162536,-0.025729026248590428
34.878541231155396,0.22842870118074474,-0.0005352441116358671,-0.026378699226158365
34.89852976799011,0.22842870118074474,0.00017507203963721633,-0.026765984813235978
34.941505670547485,0.22842870118074474,0.00025863864566937436,-0.026765984813235978
34.9474835395813,0.22842870118074474,0.00025863864566937436,-0.024511296936769025
34.952481508255005,0.22842870118074474,0.0007600382818621,-0.029299473344551262
34.98946237564087,0.22842870118074474,0.0011360880090066996,-0.03061264691281066
35.0184440612793,0.22842870118074474,0.0006764716758300161,-0.028746143980372445
35.03543496131897,0.22842870118074474,0.000801821584878216,-0.03267745805297164
35.07141447067261,0.22842870118074474,0.001052521402974616,-0.03328519851269343
35.08140850067139,0.22842870118074474,0.0005093384637657743,-0.03482264922063929
35.1073944568634,0.22842870118074474,0.000718254978846058,-0.03482264922063929
35.11239194869995,0.22842870118074474,0.001052521402974616,-0.032440140237493885
35.11738896369934,0.22842870118074474,0.0011360880090066996,-0.03178068675308248
35.150370359420776,0.22842870118074474,0.0018464041602798574,-0.03179282807192265
35.184351682662964,0.22842870118074474,0.002264237190440499,-0.030425355827739163
35.219332218170166,0.22842870118074474,0.002306020493456541,-0.030425355827739163
35.22332978248596,0.22842870118074474,0.002347803796472583,-0.03109515191708849
35.22832679748535,0.22842870118074474,0.002264237190440499,-0.028387862654968565
35.25930953025818,0.22842870118074474,0.002097103978376183,-0.027715818173241428
35.26430654525757,0.22842870118074474,0.0019299707663119412,-0.02796089294242262
35.298287868499756,0.22842870118074474,0.0016374876451994995,-0.02796089294242262
35.302287101745605,0.22842870118074474,0.0017628375542476993,-0.028193826392763643
35.30828261375427,0.22842870118074474,0.0018046208572637414,-0.02462877543850955
35.31229829788208,0.22842870118074474,0.0014703544331352576,-0.022896838789883207
35.34526181221008,0.22842870118074474,0.0011778713120228158,-0.02206909313599279
35.388256311416626,0.22842870118074474,0.0012196546150388577,-0.01705765136509411
35.42321729660034,0.22842870118074474,0.0013032212210710157,-0.01705765136509411
35.42921543121338,0.22842870118074474,0.0010943047059906578,-0.015269167648165872
35.435229539871216,0.22842870118074474,0.0010107380999584998,-0.004503190425502608
35.467193365097046,0.22842870118074474,0.000718254978846058,-0.007625757759803871
35.472190856933594,0.22842870118074474,7.938827572974482e-06,-0.006870522760097798
35.488181591033936,0.22842870118074474,0.1886177686420907,0.029937121919682574
35.543150901794434,0.22842870118074474,0.21615296532967754,0.029937121919682574
35.54815149307251,0.22842870118074474,0.48477782041995976,0.09013580428238092
35.58212924003601,0.3192552225249772,0.6164787915265969,0.10133819446557693
35.602118730545044,0.3192552225249772,1.0598414198300634,0.21302506228010343
35.65410351753235,0.41008174386920965,1.1054270034205904,0.21302506228010343
35.65808653831482,0.41008174386920965,1.1620015957043424,0.23681327847656136
35.66310262680054,0.41008174386920965,1.2320304115592675,0.25326723873660606
35.668081283569336,0.41008174386920965,1.4657662086311352,0.2662405751761834
35.70206165313721,0.5009082652134421,1.4891230750171158,0.2641076377469748
35.707059144973755,0.5009082652134421,1.5711019155346353,0.26889468995856813
35.74005889892578,0.5917347865576746,1.5746952795940172,0.26889468995856813
35.74505662918091,0.5917347865576746,1.4512674024845609,0.27825148725843957
35.77901887893677,0.7733878292461396,1.1248144560200444,0.2739347987322839
35.81499910354614,0.864214350590372,1.052529341802252,0.2698610490025505
35.8200147151947,0.864214350590372,1.020356198479882,0.2698610490025505
35.8249933719635,0.864214350590372,0.8299914699386894,0.2568575841051105
35.85599446296692,0.864214350590372,0.7875396340743673,0.25481491962987096
35.86099147796631,0.864214350590372,0.6204482053131231,0.2394558140382004
35.89197373390198,0.864214350590372,0.5692218758154273,0.23324991381659063
35.896971464157104,0.864214350590372,0.5459485760354791,0.23324991381659063
35.90196895599365,0.864214350590372,0.39778498354051245,0.21481736826407394
35.93593120574951,0.864214350590372,0.382784777757745,0.21145264907068265
35.941927671432495,0.864214350590372,0.35838332879636303,0.19005548574840575
35.97790861129761,0.864214350590372,0.36335554185527474,0.19005548574840575
35.98390555381775,0.864214350590372,0.4077294096583359,0.1745398920472397
36.017887115478516,0.7733878292461396,0.42369063141047264,0.1745398920472397
36.0238823890686,0.7733878292461396,0.45774402336856573,0.17000139961301314
36.028881549835205,0.7733878292461396,0.5964645893819017,0.1690517910922455
36.064860820770264,0.7733878292461396,0.6422173061844929,0.1745563053115977
36.09984016418457,0.682561307901907,0.6425515726086215,0.1731617399392616
36.1048367023468,0.682561307901907,0.6591395439059994,0.17569129378391574
36.1368191242218,0.7733878292461396,0.6610197925417222,0.17873842755394148
36.14281678199768,0.7733878292461396,0.6388328586401917,0.19389382879618255
36.17679691314697,0.7733878292461396,0.6322728800666695,0.19356207850083681
36.182793378829956,0.7733878292461396,0.6028992180463758,0.20651540424825165
36.21377611160278,0.7733878292461396,0.6023142518041509,0.20651540424825165
36.21977257728577,0.7733878292461396,0.6582203112396459,0.22327188570273057
36.25175499916077,0.7733878292461396,0.6604766096025134,0.22624459768505087
36.25775122642517,0.7733878292461396,0.6556715297556659,0.22727289993904184
36.261749267578125,0.7733878292461396,0.6588052774818709,0.22727289993904184
36.266746044158936,0.7733878292461396,0.7900466322553311,0.2461817674167974
36.298728466033936,0.7733878292461396,0.8179578786700626,0.2532072066601186
36.304731130599976,0.7733878292461396,1.0650225494040555,0.2722396232990347
36.36768960952759,0.7733878292461396,1.0710811283413848,0.27141940975961
36.373690366744995,0.7733878292461396,1.0769307907636338,0.27141940975961
36.379682779312134,0.7733878292461396,1.0303006245977053,0.2849840733945511
36.41066575050354,0.864214350590372,1.005732042424259,0.2848688432851884
36.41566324234009,0.864214350590372,0.9794503448271541,0.28263371642240837
36.42066049575806,0.864214350590372,0.8328745178467978,0.2819055745508549
36.45266819000244,0.864214350590372,0.8196709940937215,0.2819055745508549
36.457658529281616,0.864214350590372,0.7155052196746712,0.27797122514854566
36.488625288009644,0.864214350590372,0.7076917420106669,0.27952553879932507
36.49361968040466,0.864214350590372,0.6849616251699275,0.28104264155625175
36.503613233566284,0.864214350590372,0.6309775976731715,0.27789500464693795
36.535597801208496,0.864214350590372,0.6195707559497858,0.27576442802972606
36.54259371757507,0.864214350590372,0.4843182040867831,0.27097456532766045
36.578572034835815,0.864214350590372,0.3662803730663993,0.27300092895816086
36.612553358078,0.864214350590372,0.3510294674655355,0.27213642208889327
36.61755013465881,0.864214350590372,0.26424554710116843,0.26901126910335754
36.649532079696655,0.864214350590372,0.26587509591879505,0.26901126910335754
36.655529499053955,0.864214350590372,0.2620728153443331,0.27041257965282706
36.689510107040405,0.864214350590372,0.2599000835874977,0.27041257965282706
36.69550681114197,0.864214350590372,0.29946887154371127,0.2607539356762348
36.73248624801636,0.864214350590372,0.32249147150556307,0.26274803487611365
36.73648381233215,0.864214350590372,0.3876734242106247,0.26172119407716826
36.76946544647217,0.864214350590372,0.38738094108951215,0.26172119407716826
36.77448081970215,0.864214350590372,0.38458145978743574,0.2639320383022679
36.78047823905945,0.864214350590372,0.3689962877624436,0.2681213554002207
36.8134548664093,0.864214350590372,0.36916342097450777,0.2681213554002207
36.818437814712524,0.864214350590372,0.3516980003137926,0.27327006152578465
36.85043525695801,0.864214350590372,0.3249149030804948,0.2811426950170643
36.88342046737671,0.864214350590372,0.3197755568095189,0.28595414228595684
36.88939833641052,0.864214350590372,0.3059452835112014,0.2912084104336589
36.92639684677124,0.864214350590372,0.3054438838750086,0.29305816284288244
36.93637180328369,0.864214350590372,0.2916971771827232,0.30219922689410306
36.96537375450134,0.864214350590372,0.2858057314574579,0.30219922689410306
36.97135281562805,0.864214350590372,0.2780758203994859,0.3064739829024126
36.97534990310669,0.864214350590372,0.21632009854174186,0.3130304074957228
37.00833177566528,0.864214350590372,0.2125178179672799,0.31513861260877546
37.01332902908325,0.864214350590372,0.19095763361099025,0.3251427220742181
37.04631233215332,0.864214350590372,0.19262896573163296,0.33080113875183137
37.05330729484558,0.864214350590372,0.1956373635487896,0.33080113875183137
37.06030225753784,1.045867393278837,0.22384109308463357,0.3433581853426574
37.09928107261658,1.045867393278837,0.24214217980567002,0.3466847942852448
37.10627889633179,1.045867393278837,0.2530058385898468,0.346745163620589
37.11327505111694,1.045867393278837,0.3069062994805709,0.35398363804170757
37.16424489021301,1.045867393278837,0.3264191019890732,0.3601814440507572
37.180235862731934,1.045867393278837,0.3413775244688245,0.3601814440507572
37.186232805252075,1.045867393278837,0.48690876887377915,0.36593744095756736
37.2172155380249,1.045867393278837,0.49559969590112063,0.3703241669062918
37.22321319580078,1.045867393278837,0.6042780670459058,0.37481993988533996
37.25519561767578,1.045867393278837,0.6265067842504525,0.3790299421931686
37.26019263267517,1.045867393278837,0.8207991432751549,0.3726846416441347
37.30016851425171,1.045867393278837,0.8792957674976463,0.3785413665294707
37.331151485443115,1.1366939146230695,0.8915382752813533,0.3785413665294707
37.336148500442505,1.1366939146230695,0.9054521151857029,0.38136545977561775
37.341145753860474,1.1366939146230695,0.8680978422893408,0.386940798354871
37.40111207962036,1.1366939146230695,0.8589055156258065,0.386940798354871
37.407108783721924,1.1366939146230695,0.7747121600484352,0.3964249670829453
37.4400908946991,1.1366939146230695,0.7555336239640614,0.4000750072690806
37.445087909698486,1.1366939146230695,0.7161319692199122,0.4016039140859907
37.45309352874756,1.1366939146230695,0.5509207890943909,0.41002965210221143
37.48306727409363,1.1366939146230695,0.4911706657814178,0.4141228504260129
37.505053758621216,1.1366939146230695,0.4355153061640191,0.42846871799262376
37.55202770233154,1.1366939146230695,0.4300834767719307,0.42846871799262376
37.55604362487793,1.1366939146230695,0.42573801325825983,0.4292138352266297
37.56104111671448,1.1366939146230695,0.4203897504722035,0.4292138352266297
37.566020011901855,1.1366939146230695,0.41466543795900274,0.4247912474194792
37.57201623916626,1.1366939146230695,0.38362044381806626,0.4316400754415235
37.60799598693848,1.1366939146230695,0.40208866375116703,0.43779235150492246
37.64099669456482,1.227520435967302,0.40263184669037594,0.4374038293020371
37.64797401428223,1.227520435967302,0.48903971732759843,0.4354378350068808
37.680957078933716,1.3183469573115345,0.6796551456868873,0.44323773300473834
37.71793460845947,1.3183469573115345,0.6995022146195182,0.44323773300473834
37.72293162345886,1.3183469573115345,0.7817317549551343,0.45292897867080884
37.75691342353821,1.3183469573115345,0.7961052111926605,0.45292897867080884
37.760910987854004,1.3183469573115345,0.9766508635250778,0.4530618586603374
37.7938928604126,1.3183469573115345,0.9919853357319736,0.4503736807334288
37.79888963699341,1.3183469573115345,1.0059409589393393,0.4519237224386904
37.80388641357422,1.3183469573115345,1.0265401273262595,0.4547915469165859
37.83686852455139,1.3183469573115345,1.0208158148130586,0.4547915469165859
37.84386467933655,1.3183469573115345,1.0130023371490542,0.45779877172190553
37.84786319732666,1.3183469573115345,0.98968725406609,0.46056519370356186
37.88284492492676,1.3183469573115345,0.7527759259650012,0.47132465058832945
37.918824195861816,1.3183469573115345,0.6848362752608793,0.47579422979617614
37.95280313491821,1.3183469573115345,0.6921483532886907,0.4808306287224685
37.95780110359192,1.3183469573115345,0.6949896178937832,0.4788077501001537
37.96279859542847,1.3183469573115345,0.7641409843853708,0.4845935382059698
37.99478030204773,1.3183469573115345,0.7762163589570137,0.4845935382059698
37.998777866363525,1.3183469573115345,0.8772066023468428,0.4839010333536046
38.030760288238525,1.3183469573115345,0.9101318451235022,0.4834715904094431
38.03575778007507,1.3183469573115345,0.926678033117864,0.4839059798168358
38.041754722595215,1.3183469573115345,1.0180581168139982,0.49323051268608564
38.07873344421387,1.3183469573115345,1.0202726318738495,0.49402621874859226
38.08573007583618,1.3183469573115345,1.1613330628560854,0.492436830176719
38.120710134506226,1.3183469573115345,1.2959588651738467,0.5023520157236193
38.15369200706482,1.3183469573115345,1.3097055718661323,0.5023520157236193
38.15868902206421,1.3183469573115345,1.3218227297407912,0.5090477282247348
38.16368532180786,1.3183469573115345,1.3380346513110246,0.5126795564326099
38.169684171676636,1.3183469573115345,1.3380764346140406,0.5167698318463201
38.20166492462158,1.3183469573115345,1.2089660282943997,0.5206465099841385
38.234646797180176,1.3183469573115345,1.1751215528513868,0.5195650332504124
38.239644050598145,1.3183469573115345,0.9272212160570729,0.5348536517410386
38.27862191200256,1.3183469573115345,0.9173185732422653,0.5348536517410386
38.28363251686096,1.3183469573115345,0.7880828170135761,0.5464245534349575
38.31560230255127,1.3183469573115345,0.8103115342181227,0.5571217298508598
38.34858202934265,1.3183469573115345,0.9015662680052087,0.5611204956947933
38.35959029197693,1.3183469573115345,1.1526421358287438,0.5672327503738673
38.384581089019775,1.3183469573115345,1.180971215273636,0.5705848785699429
38.389559507369995,1.3183469573115345,1.2034088489932628,0.5705848785699429
38.394556760787964,1.3183469573115345,1.259314908428758,0.5717616871404881
38.40554976463318,1.3183469573115345,1.504081497496867,0.5764695959403826
38.431535720825195,1.3183469573115345,1.571394398655748,0.5750054428239534
38.440550565719604,1.3183469573115345,1.7440012234151128,0.5944785443689201
38.47252702713013,1.3183469573115345,1.736480228872221,0.6004426299902965
38.48852276802063,1.3183469573115345,1.726995419087574,0.6117064012854067
38.510510206222534,1.3183469573115345,1.7329286481158555,0.611297643551121
38.5155074596405,1.3183469573115345,1.7389036604471528,0.611297643551121
38.521485328674316,1.3183469573115345,1.6365763513608094,0.612894451817841
38.553468227386475,1.4091734786557668,1.6102110871576722,0.6150511097866355
38.558486223220825,1.4091734786557668,1.5688038338687518,0.6172781424368554
38.56446123123169,1.4091734786557668,1.3205692306503094,0.6203224657164089
38.627427101135254,1.4091734786557668,1.1889936094527205,0.625249367933902
38.67140197753906,1.4091734786557668,1.2011525506303953,0.6282871708755599
38.67639923095703,1.4091734786557668,1.2479916333114043,0.6291876520228724
38.7103796005249,1.4091734786557668,1.2563482939146173,0.6308917086060138
38.74436116218567,1.4091734786557668,1.2571421766719226,0.6327691162414845
38.748377323150635,1.4091734786557668,1.2575600097020831,0.6355233969043006
38.7533745765686,1.4091734786557668,1.2187433212001586,0.6418227178292083
38.78635597229004,1.4091734786557668,1.1963056874805318,0.6418227178292083
38.791335105895996,1.4091734786557668,1.1622522955224388,0.6472577567240863
38.796351194381714,1.4091734786557668,1.1402324948329725,0.6499000674464874
38.82931423187256,1.4091734786557668,1.1996065684188009,0.6562000628891086
38.865312576293945,1.4091734786557668,1.1993976519037204,0.6562000628891086
38.87129187583923,1.4091734786557668,1.2075871792948694,0.6580055219684893
38.87628746032715,1.4091734786557668,1.2167795059584037,0.660795102391637
38.88030385971069,1.4091734786557668,1.3189396818326828,0.6619907974581558
38.912267208099365,1.4091734786557668,1.34413501355137,0.6619907974581558
38.91626477241516,1.4091734786557668,1.4419915092149944,0.6511758052816563
38.95024585723877,1.4091734786557668,1.5103072096462606,0.6434172777035505
38.981229305267334,1.4091734786557668,1.5408508041510043,0.6440605427628417
38.9862265586853,1.4091734786557668,1.5972582632226922,0.6384247224286255
39.02020812034607,1.4091734786557668,1.6040271583112948,0.6397912953158578
39.0302209854126,1.4091734786557668,1.5131902575543692,0.6435024917746694
39.06018686294556,1.4091734786557668,1.4973543857112805,0.6415529107438712
39.067182779312134,1.4091734786557668,1.3358619195541892,0.6380114679095842
39.099183559417725,1.4999999999999993,1.3000954121724375,0.6378743159745378
39.10417461395264,1.4999999999999993,1.2700950006069025,0.6361677861597806
39.109171867370605,1.4999999999999993,1.4371028627621145,0.6561582427908813
39.14813685417175,1.4999999999999993,1.4769223505364248,0.6561582427908813
39.15413284301758,1.4999999999999993,1.5603636066595066,0.6598336898108859
39.18611669540405,1.4999999999999993,1.5678428178993824,0.6594204352918445
39.19211292266846,1.4999999999999993,1.5410179373630686,0.6983138011608995
39.258076190948486,1.4999999999999993,1.4884963254718748,0.7043435398397079
39.26507210731506,1.4999999999999993,1.4488857542126452,0.7066994053731762
39.27506613731384,1.4999999999999993,1.3978265579270135,0.7045591606687398
39.300052881240845,1.4999999999999993,1.3971580250787565,0.706901760687179
39.30604934692383,1.4999999999999993,1.3997485898657525,0.706901760687179
39.3110466003418,1.4999999999999993,1.3976594247149494,0.7153035533245761
39.34304738044739,1.4999999999999993,1.397366941593837,0.7127300434089358
39.34802603721619,1.4999999999999993,1.3971998083817725,0.7127300434089358
39.35302376747131,1.4999999999999993,1.3054436749584937,0.7144792926788712
39.38600564002991,1.4999999999999993,1.271599199515481,0.7175919670867101
39.394999742507935,1.4999999999999993,1.4114479147102508,0.7303372041195588
39.45496702194214,1.4999999999999993,1.469317789387501,0.733477308914407
39.45996403694153,1.4999999999999993,1.5192070531886825,0.7351350486145656
39.464969635009766,1.4999999999999993,1.77312418561731,0.7288462951338336
39.49794363975525,1.4999999999999993,1.7922609383986676,0.7288462951338336
39.501940965652466,1.4999999999999993,1.811021641452881,0.7284748607130195
39.506938219070435,1.4999999999999993,1.9513299729808273,0.7238411488615928
39.53892397880554,1.4999999999999993,1.9778205870930128,0.7238411488615928
39.543917655944824,1.4999999999999993,2.10049636474818,0.7159014008578355
39.577900886535645,1.4999999999999993,2.1138670217133204,0.7169786056460439
39.5888934135437,1.4999999999999993,2.119298851105409,0.7143988002317457
39.59389042854309,1.4999999999999993,2.582216065220394,0.7263247230821207
39.6598539352417,1.4999999999999993,2.653581946771833,0.7430568094793003
39.6938362121582,1.4999999999999993,2.662189307193142,0.7439862948882866
39.6978325843811,1.4999999999999993,2.668749285766664,0.7461490235165013
39.7038300037384,1.4999999999999993,2.6865489728515084,0.7442376651561257
39.71382427215576,1.4999999999999993,2.6290133645983866,0.7401705481839068
39.73980975151062,1.4999999999999993,2.607494963545113,0.7422118636237197
39.74380707740784,1.4999999999999993,2.582842814765635,0.7422118636237197
39.748804569244385,1.4999999999999993,2.390973887315864,0.7541206986920234
39.81376910209656,1.4999999999999993,2.3683273370811566,0.7541206986920234
39.81776666641235,1.4999999999999993,2.338870108454831,0.745717107340724
39.850748777389526,1.4999999999999993,2.340917490302618,0.7454290882771267
39.85574650764465,1.4999999999999993,2.327421483428429,0.7454290882771267
39.85974359512329,1.4999999999999993,2.256765918028263,0.7474596114335261
39.89072608947754,1.4999999999999993,2.2572673176644558,0.7494953058923944
39.89572310447693,1.4999999999999993,2.183018388204908,0.7605252443802125
39.92770600318909,1.4999999999999993,2.186778885476354,0.7661241910794327
39.932703495025635,1.4999999999999993,2.186569968961274,0.7661241910794327
39.939698934555054,1.4999999999999993,2.0218601884719454,0.7700089634298113
39.97467923164368,1.4999999999999993,1.9944503416934067,0.7684998424658258
39.97969627380371,1.4999999999999993,1.8055480287577765,0.7607667217215892
40.01365804672241,1.4999999999999993,1.7606309780155065,0.7607667217215892
40.01767349243164,1.4999999999999993,1.524722449186803,0.7532006565310239
40.0506386756897,1.4999999999999993,1.4961008866207988,0.7532006565310239
40.056633710861206,1.4999999999999993,1.4640948765104926,0.7559104190247594
40.06263041496277,1.4999999999999993,1.3736758087837282,0.7441405346054043
40.07864022254944,1.4999999999999993,1.281710758845369,0.7424344544691228
40.09960961341858,1.4999999999999993,1.2691339846375331,0.7424344544691228
40.106605768203735,1.4999999999999993,0.9875563056122706,0.7337734221905644
40.21154737472534,1.4999999999999993,0.978071495827624,0.732950735419524
40.21654438972473,1.4999999999999993,0.9466922352625592,0.7318764535414068
40.24852705001831,1.4999999999999993,0.956970927804511,0.7318764535414068
40.25252437591553,1.4999999999999993,1.055830222740521,0.738300560243283
40.2855064868927,1.4999999999999993,1.070579728705192,0.7367952615463398
40.29050302505493,1.4999999999999993,1.0890479486382927,0.7367952615463398
40.29650163650513,1.4999999999999993,1.2614876401855932,0.7419942192415477
40.331493616104126,1.4999999999999993,1.2928669007506581,0.7409511900174821
40.336490631103516,1.4999999999999993,1.4044701031065678,0.7491072333679846
40.37045907974243,1.4999999999999993,1.31079193774455,0.7568729558016994
40.407437801361084,1.4999999999999993,1.2983405134457626,0.7568729558016994
40.4114351272583,1.4999999999999993,1.2892735366912766,0.7555223465003496
40.41643238067627,1.4999999999999993,1.2822539417845777,0.7555223465003496
40.42142963409424,1.4999999999999993,1.2477409334933078,0.7578874304425669
40.454429388046265,1.4999999999999993,1.2379218572845325,0.7578874304425669
40.45942664146423,1.4999999999999993,1.1631715281887922,0.764302318735694
40.479416847229004,1.4999999999999993,1.2052890976289858,0.763706045077099
40.52237343788147,1.4999999999999993,1.228060997772741,0.764152575803332
40.526371240615845,1.4999999999999993,1.2522953135220591,0.764152575803332
40.53236794471741,1.4999999999999993,1.3979101245330459,0.7720241975180415
40.56934714317322,1.4999999999999993,1.403885136864343,0.7720241975180415
40.57334542274475,1.4999999999999993,1.6612285001402878,0.777151881174873
40.64030885696411,1.4999999999999993,1.637495584027163,0.7752526641333376
40.64730477333069,1.4999999999999993,1.598637112222222,0.7745662299403925
40.653300762176514,1.4999999999999993,1.5979267960709491,0.7732176441921826
40.687281131744385,1.4999999999999993,1.6000159612217524,0.7732176441921826
40.69427752494812,1.4999999999999993,1.6118824192783148,0.7732176441921826
40.69927382469177,1.4999999999999993,1.482312396625497,0.7695730001477541
40.767236948013306,1.4091734786557668,1.483482329109947,0.7717863176044694
40.77323341369629,1.4091734786557668,1.480223231474694,0.7639774260371006
40.81021237373352,1.4091734786557668,1.4085230834991262,0.7576808031830462
40.84221267700195,1.4091734786557668,1.395361343049066,0.7576808031830462
40.84719228744507,1.4091734786557668,1.4325066994303475,0.7577597217555073
40.87817430496216,1.4091734786557668,1.4459191396985045,0.7572122382115108
40.882190227508545,1.4091734786557668,1.455320382877119,0.7572122382115108
40.888169050216675,1.4091734786557668,1.4642620097225572,0.7569808786358343
40.89216613769531,1.4091734786557668,1.4236904224939577,0.7575629874224491
40.924166679382324,1.4091734786557668,1.4097347992865923,0.7575726555096737
40.92914605140686,1.4091734786557668,1.3969908918666925,0.7575726555096737
40.93414306640625,1.4091734786557668,1.3638149492719367,0.7624772986426264
40.97012448310852,1.4091734786557668,1.2909030855089032,0.7636412913766182
41.00210523605347,1.4091734786557668,1.2692175512435655,0.7636412913766182
41.007102489471436,1.4091734786557668,1.2479498500083883,0.7636412913766182
41.012099742889404,1.4091734786557668,1.2251361665616165,0.7617177916974025
41.01609683036804,1.4091734786557668,1.1574472156755913,0.7624518918087572
41.04707980155945,1.4091734786557668,1.1523078694046154,0.7624518918087572
41.052077293395996,1.4091734786557668,1.1416949104385345,0.7624518918087572
41.06308937072754,1.4091734786557668,1.1530599688589045,0.7570195509847326
41.11904168128967,1.4091734786557668,1.1891607426647846,0.7570195509847326
41.12403726577759,1.4091734786557668,1.7323436818736304,0.7603590881834924
41.16601538658142,1.4091734786557668,2.193338864049876,0.7543374437172441
41.198994874954224,1.4091734786557668,2.239885463609773,0.7543374437172441
41.204991817474365,1.4091734786557668,2.516825196000252,0.7517245869349922
41.23797345161438,1.4091734786557668,2.5293601869050715,0.7517245869349922
41.2419707775116,1.4091734786557668,2.53224323481318,0.7509025746816652
41.248966455459595,1.4091734786557668,2.3781464132899317,0.7523278306099583
41.27994990348816,1.4091734786557668,2.342003856181036,0.7523278306099583
41.283947229385376,1.4091734786557668,2.3063626987083325,0.7550344453543649
41.288944482803345,1.4091734786557668,1.936914733440285,0.7561451511890026
41.32292628288269,1.4091734786557668,1.522131884399807,0.7589266373995902
41.35890507698059,1.4091734786557668,1.4855297109577343,0.7594669260879778
41.36390256881714,1.4091734786557668,1.4168379607993231,0.7594669260879778
41.36989998817444,1.4091734786557668,1.1556505336459004,0.7584142287766875
41.40088200569153,1.4091734786557668,1.0747998423098144,0.7560828707201374
41.40687847137451,1.4091734786557668,1.0348132213234402,0.7560828707201374
41.410876512527466,1.4091734786557668,0.8519277040221236,0.7535956990718049
41.46984338760376,1.4091734786557668,0.8663847268656819,0.755806093618429
41.47484040260315,1.4091734786557668,0.8924157246446907,0.755806093618429
41.47983765602112,1.4091734786557668,0.9945759005189698,0.7585612736381963
41.5118203163147,1.4091734786557668,1.0170971008446286,0.7583780296594048
41.5208158493042,1.4091734786557668,1.143324459256161,0.7670619955402169
41.5537965297699,1.4091734786557668,1.148087755799993,0.7659542126156703
41.556795597076416,1.4091734786557668,1.2196625538665122,0.7712489518261729
41.590776205062866,1.4091734786557668,1.2302755128325926,0.7772438404231253
41.594773054122925,1.4091734786557668,1.2597327414589186,0.7772438404231253
41.59977984428406,1.4091734786557668,1.3759321071465955,0.7799504551675319
41.611764430999756,1.4091734786557668,1.6148908170954717,0.7823285797855406
41.63874912261963,1.4091734786557668,1.679278887043228,0.7828666200815503
41.64374589920044,1.4091734786557668,1.9160648652352685,0.7795565368229398
41.680726289749146,1.4091734786557668,2.1456641153085463,0.7776159493616528
41.71970534324646,1.4091734786557668,2.1155801371369796,0.7818249398929114
41.72670102119446,1.4091734786557668,1.8005758156988647,0.7765486374999068
41.76068162918091,1.4091734786557668,1.465640858722087,0.7710009541469006
41.79566144943237,1.4091734786557668,1.1130733478725303,0.7697692848023369
41.827643394470215,1.4091734786557668,1.0445069476231676,0.7691703130728885
41.832640409469604,1.4091734786557668,1.0072362413328373,0.7691703130728885
41.838637590408325,1.4091734786557668,0.8132363654292473,0.7665864605523103
41.87261915206909,1.4091734786557668,0.7839044867119697,0.7644205841747668
41.87961530685425,1.4091734786557668,0.7256585623075749,0.7588544640042626
41.91359519958496,1.4091734786557668,0.8947555896135903,0.7587577831320168
41.94857621192932,1.4091734786557668,0.9125552766984341,0.7548417581275867
41.95357322692871,1.4091734786557668,0.9293103812078759,0.7548417581275867
41.9585702419281,1.4091734786557668,0.9568037945924468,0.7548417581275867
41.96356749534607,1.4091734786557668,1.0453426136834887,0.7525283872100589
41.99555039405823,1.4091734786557668,1.05658232219481,0.7545753236308164
41.99954700469971,1.4091734786557668,1.0819030038225457,0.752394832702817
42.005544900894165,1.4091734786557668,1.2948724992954292,0.7479592042198753
42.03652763366699,1.4091734786557668,1.3201096143171325,0.7479592042198753
42.041523933410645,1.4091734786557668,1.4138713462851826,0.7517335805045035
42.07250642776489,1.4091734786557668,1.6371195343000182,0.7477166026823097
42.10948634147644,1.4091734786557668,1.6737634910451071,0.7477166026823097
42.115483045578,1.4091734786557668,1.7986955670631417,0.7479353712606706
42.15246224403381,1.4091734786557668,1.9122208013577906,0.750420519355863
42.18544363975525,1.4091734786557668,1.9333213693809035,0.7493509591017391
42.19144082069397,1.4091734786557668,1.9543383707979842,0.7467641836710698
42.1964373588562,1.4091734786557668,1.9529177384954381,0.7412149264433991
42.23041844367981,1.4091734786557668,1.9410512804388753,0.7412149264433991
42.23641562461853,1.4091734786557668,1.8690586493421952,0.746191293293204
42.27639365196228,1.4091734786557668,1.819336518753078,0.7455972680269869
42.308374643325806,1.4091734786557668,1.879086642066051,0.7437751708440103
42.34335494041443,1.4091734786557668,1.9138085668724012,0.7458250301748589
42.3483521938324,1.4091734786557668,1.9352851846226584,0.7458250301748589
42.35934638977051,1.4091734786557668,2.0052722171745674,0.7456811330626791
42.385332345962524,1.4091734786557668,2.007988131870612,0.7460379529330374
42.3903284072876,1.4091734786557668,1.957388551918157,0.7435341431811092
42.421329498291016,1.4091734786557668,1.9307308045939073,0.7422930305885587
42.42632699012756,1.4091734786557668,1.9215802612333892,0.7422930305885587
42.43132448196411,1.4091734786557668,1.7354774295998354,0.7450974504013999
42.464306116104126,1.4091734786557668,1.6997527055210997,0.7450974504013999
42.47028565406799,1.4091734786557668,1.4562396155434727,0.7456788846703013
42.50726342201233,1.4091734786557668,1.317142999802992,0.7455572466426619
42.53524875640869,1.4091734786557668,1.283799923996172,0.7447840245039333
42.5472412109375,1.4091734786557668,1.2629500557911555,0.7439642606429842
42.55125689506531,1.4091734786557668,1.0793124390355497,0.7466717747443418
42.57322716712952,1.4091734786557668,0.988350188369576,0.7474922131230044
42.59121656417847,1.4091734786557668,0.9764001637069813,0.7439642606429842
42.59521460533142,1.4091734786557668,0.9401322566890368,0.7434046357801474
42.628196001052856,1.4091734786557668,0.9412604058704707,0.7434046357801474
42.63319230079651,1.4091734786557668,0.9677510199826559,0.7431337044986215
42.66617512702942,1.4091734786557668,1.084744268427638,0.7500016438558771
42.70815300941467,1.4091734786557668,1.05637340567973,0.7480347502037696
42.741132497787476,1.4091734786557668,1.0473064289252438,0.7480347502037696
42.74812865257263,1.4091734786557668,0.9730574994656962,0.7511159471183193
42.78111028671265,1.4091734786557668,0.9467758018685911,0.7490735074823175
42.78612732887268,1.4091734786557668,0.9054938984887189,0.7529969521815943
42.79112386703491,1.4091734786557668,0.9295610810259723,0.7556547768114025
42.82210159301758,1.4091734786557668,0.9666228708012221,0.7556547768114025
42.8261034488678,1.4091734786557668,1.0481003116825491,0.7553280853989068
42.83208203315735,1.4091734786557668,1.3784808886305755,0.7532867699590939
42.8640661239624,1.4091734786557668,1.5969239967985636,0.7578928265842736
42.900044441223145,1.4091734786557668,1.6265901419399698,0.7578928265842736
42.90604066848755,1.4091734786557668,1.6397936656930465,0.75811406839425
42.91005206108093,1.4091734786557668,1.650406624659127,0.7569183733277312
42.91505527496338,1.4091734786557668,1.601687293342395,0.7584202994361077
42.94801664352417,1.4091734786557668,1.5583162248117195,0.7584202994361077
42.95401382446289,1.4091734786557668,1.0073615912418856,0.756412709881962
43.01499819755554,1.4091734786557668,0.9860103234006762,0.756412709881962
43.01999497413635,1.4091734786557668,0.9918182025199094,0.756412709881962
43.0259735584259,1.4091734786557668,1.143784075589338,0.7635077368693762
43.05895519256592,1.4091734786557668,1.1558176668579647,0.7582791003947812
43.06695055961609,1.4091734786557668,1.3528259405787115,0.7654534956331323
43.100950479507446,1.4091734786557668,1.5306556782150844,0.7681203138324516
43.13491678237915,1.4091734786557668,1.547076516300398,0.7700197557132248
43.139909505844116,1.4091734786557668,1.5629123881434865,0.7674399502989266
43.14490723609924,1.4091734786557668,1.480181448171678,0.7686262021174587
43.18088674545288,1.4091734786557668,1.4701116721448062,0.7736871085206691
43.186885595321655,1.4091734786557668,1.35433013948729,0.7743517333075495
43.223862648010254,1.4091734786557668,1.1590767644932178,0.7728873553518825
43.261841773986816,1.4091734786557668,1.1232266905054342,0.771660407631312
43.26883864402771,1.4091734786557668,0.9072905805184096,0.7703304835398379
43.33180260658264,1.4091734786557668,0.8875688614948272,0.7711282131554846
43.337799310684204,1.4091734786557668,0.8128603157021027,0.7696339315811928
43.36878252029419,1.4091734786557668,0.8090998184306569,0.7696339315811928
43.372779846191406,1.4091734786557668,0.8053811044622269,0.7740054808813669
43.37877655029297,1.4091734786557668,0.8475822405084529,0.7720075594144458
43.3997642993927,1.4091734786557668,0.8459109083878102,0.7713825063334149
43.414756059646606,1.4091734786557668,0.8368857149363402,0.7713825063334149
43.42075252532959,1.4091734786557668,0.7554082740550132,0.7667638587109195
43.45873165130615,1.4091734786557668,0.8227211752138942,0.7708797657977368
43.49071383476257,1.4091734786557668,0.8728611388331721,0.7701978283895472
43.501707792282104,1.4091734786557668,1.0051470761820342,0.7677349393788951
43.535688161849976,1.4091734786557668,1.027041526962452,0.766822766591218
43.541685342788696,1.4091734786557668,1.0803570216109513,0.7674044256993572
43.556695222854614,1.4091734786557668,1.1458314574371251,0.7675071772310231
43.57768368721008,1.4091734786557668,1.1630879615827598,0.7690841996448183
43.582661867141724,1.4091734786557668,1.1933808562694073,0.768197883369486
43.598653078079224,1.4091734786557668,1.231236528801962,0.7642404879453043
43.62264013290405,1.4091734786557668,1.2353312924975366,0.7657073391325869
43.6266565322876,1.4091734786557668,1.3596784022733464,0.7654890202327016
43.68262529373169,1.4091734786557668,1.5092626270708591,0.7727549250408295
43.73057985305786,1.4091734786557668,1.5212126517334539,0.7727549250408295
43.73657822608948,1.4091734786557668,1.5170343214318471,0.7734476547324325
43.742573499679565,1.4091734786557668,1.4954323537725416,0.7684850030761322
43.77455520629883,1.4091734786557668,1.4825213131405774,0.7711934165344411
43.77955341339111,1.4091734786557668,1.420013491828544,0.7691802059993508
43.815531969070435,1.4091734786557668,1.3170176498939439,0.7696388780444239
43.8495135307312,1.4091734786557668,1.2898167196304853,0.7696388780444239
43.853511095047,1.4091734786557668,1.2693429011526136,0.7679548321534448
43.85850787162781,1.4091734786557668,1.2070857796586767,0.7724120452032136
43.892489433288574,1.4091734786557668,1.1936315560875035,0.7703655584609318
43.90148401260376,1.4091734786557668,1.1809294319706196,0.7642497063540533
43.93346643447876,1.4091734786557668,1.1859852116355636,0.765931054174179
43.93946290016174,1.4091734786557668,1.1940911724206804,0.7645579609490509
43.97244453430176,1.4091734786557668,1.1266111380497352,0.7601110905042201
44.00442624092102,1.4091734786557668,1.1228506407782894,0.7614715927320324
44.01042318344116,1.4091734786557668,1.110482783085534,0.759139335318531
44.01542067527771,1.4091734786557668,1.030175274688657,0.7558859115478412
44.04640293121338,1.4091734786557668,0.9956622663973873,0.7558859115478412
44.05239987373352,1.4091734786557668,0.8424428942374766,0.7515294264765984
44.08438158035278,1.4091734786557668,0.8191278111545124,0.7474344294388947
44.09437656402588,1.4091734786557668,0.8386406136630147,0.7371048651767641
44.12835717201233,1.4091734786557668,0.8250610401827937,0.7352483675904071
44.13335394859314,1.4091734786557668,0.8084312855823997,0.7352483675904071
44.1393506526947,1.4091734786557668,0.7530684090861137,0.7296397528039624
44.17033410072327,1.4091734786557668,0.7442939154527399,0.730198478309848
44.174331188201904,1.4091734786557668,0.7702413466257163,0.7211262150653883
44.20731258392334,1.4091734786557668,0.7765088420781262,0.7209135171464476
44.21230983734131,1.4091734786557668,0.7831941705606964,0.7209135171464476
44.219305992126465,1.4091734786557668,0.8080552358552551,0.718525049923501
44.28427028656006,1.4091734786557668,0.8467465744481314,0.7310726532663401
44.32424736022949,1.4091734786557668,0.8452841588425692,0.7310726532663401
44.33024477958679,1.4091734786557668,0.8283619211210629,0.7331456710386801
44.36322569847107,1.4091734786557668,0.8304093029688501,0.7400900557367812
44.367223262786865,1.4091734786557668,0.8314121022412356,0.7426705356687927
44.373220443725586,1.4091734786557668,0.7717455455342948,0.7448505769183165
44.4062020778656,1.4091734786557668,0.7683610979899934,0.747277041972448
44.41019916534424,1.4091734786557668,0.7846148028632427,0.753834703181566
44.44218134880066,1.4091734786557668,0.7881246003165921,0.753834703181566
44.44717836380005,1.4091734786557668,0.7891691828919938,0.7513484308901848
44.45317602157593,1.4091734786557668,0.7678179150507846,0.7619001363192428
44.489155769348145,1.4091734786557668,0.7660212330210938,0.76018708616659
44.49515247344971,1.4091734786557668,0.7709516627769895,0.764347511422488
44.529133558273315,1.4091734786557668,0.7658540998090295,0.7641179505607136
44.53512978553772,1.4091734786557668,0.7612579364772624,0.7674768239339227
44.566112995147705,1.4091734786557668,0.7712023625950858,0.7681452709878454
44.57210922241211,1.4091734786557668,0.8736550215904773,0.7617301578554804
44.60608959197998,1.4091734786557668,0.8787943678614535,0.7654507975622789
44.61108708381653,1.4091734786557668,0.9205776708775185,0.7621975986308269
44.64706754684448,1.4091734786557668,0.9809545437357325,0.7571762639334659
44.68304705619812,1.4091734786557668,0.9541296631994186,0.7571762639334659
44.693042278289795,1.4091734786557668,0.7916343977699416,0.7592166800163276
44.729020833969116,1.4091734786557668,0.746299513997511,0.7628046645728354
44.76300263404846,1.4091734786557668,0.8101861843090745,0.7591496779234689
44.797982692718506,1.4091734786557668,0.8439888764490711,0.7581237364814746
44.802979946136475,1.4091734786557668,0.8781676183162125,0.755453096015113
44.808992862701416,1.4091734786557668,1.198938035570544,0.7548874004928562
44.84195852279663,1.4091734786557668,1.2583121091563723,0.7551048200357904
44.84695553779602,1.4091734786557668,1.3625614501814547,0.7557318966699613
44.86294674873352,1.4091734786557668,1.4465458892437455,0.7582941646237126
44.884934425354004,1.4091734786557668,1.4480083048493078,0.7566143906782514
44.92191433906555,1.4091734786557668,1.4195538754953676,0.7565159110921034
44.92591142654419,1.4091734786557668,1.3867539826277562,0.7565159110921034
44.93090844154358,1.4091734786557668,1.3219062963468233,0.7581765737023531
44.93690514564514,1.4091734786557668,1.0406628837456893,0.7502446950719183
44.968897342681885,1.4091734786557668,0.8207991432751549,0.7557062649968543
45.000869274139404,1.4091734786557668,0.8014116906757008,0.7575816490791849
45.011862993240356,1.4091734786557668,0.8462451748119386,0.7572493366857447
45.03684878349304,1.4091734786557668,0.8685156753195014,0.7572493366857447
45.04184651374817,1.4091734786557668,0.9095050955782612,0.7557197553511211
45.04684400558472,1.4091734786557668,1.2178240885338052,0.7496365049337209
45.15578246116638,1.4091734786557668,1.2154006569588736,0.7496365049337209
45.16177940368652,1.4091734786557668,1.0726271105529792,0.7461856723122595
45.19777727127075,1.4091734786557668,1.055788439437505,0.7441297423219908
45.20275592803955,1.4091734786557668,1.0132112536641347,0.7422680734331649
45.23973560333252,1.4091734786557668,1.0058156090302912,0.7422680734331649
45.24573254585266,1.4091734786557668,0.9240874683308679,0.7362241698823763
45.26672053337097,1.4091734786557668,0.7715366290192143,0.7348146527007278
45.28571152687073,1.4091734786557668,0.7414526508476474,0.7362241698823763
45.291706800460815,1.4091734786557668,0.5233855924068038,0.7374938370581251
45.35167360305786,1.4091734786557668,0.5482884410043787,0.7350702949140847
45.391650676727295,1.4091734786557668,0.55167288854868,0.7350702949140847
45.396647930145264,1.4091734786557668,0.5540545368205957,0.7332502212842482
45.40164566040039,1.4091734786557668,0.6059911824695645,0.735379898544509
45.43464469909668,1.4091734786557668,0.6259636013112437,0.7346662588037924
45.439642906188965,1.4091734786557668,0.6568414622401157,0.7346662588037924
45.444639921188354,1.4091734786557668,0.7796008065013149,0.7345291068687461
45.47762107849121,1.4091734786557668,0.8816356324665457,0.7406173037493775
45.51060342788696,1.4091734786557668,0.8928753409778672,0.7406173037493775
45.51558303833008,1.4091734786557668,0.9030704669137871,0.7414615750872449
45.52157998085022,1.4091734786557668,0.9281404487234262,0.7450095382594275
45.57554888725281,1.4091734786557668,0.8901176429788071,0.7433571947009756
45.59153938293457,1.4091734786557668,0.8163701131554523,0.7470832305494809
45.624520778656006,1.4091734786557668,0.7988211258887049,0.7436883828982269
45.629518032073975,1.4091734786557668,0.7893363161040581,0.7436883828982269
45.634514808654785,1.4091734786557668,0.7444192653617882,0.7430316274846689
45.65050530433655,1.4091734786557668,0.6981651489230042,0.7403416508438581
45.671494483947754,1.4091734786557668,0.6851287583819918,0.7403416508438581
45.67549514770508,1.4091734786557668,0.6409220237909949,0.7414276243623399
45.68950343132019,1.4091734786557668,0.5870215629002711,0.7388410737709084
45.71347093582153,1.4091734786557668,0.5874393959304317,0.7372831626923244
45.75145077705383,1.4091734786557668,0.5972584721392069,0.7419865747074632
45.758445739746094,1.4091734786557668,0.666576971842859,0.7412097551409302
45.78643035888672,1.4091734786557668,0.7600044373867804,0.7422287265665533
45.80142259597778,1.4091734786557668,0.9013991347931445,0.7413273460622896
45.836421966552734,1.4091734786557668,0.9330290951763057,0.7380849394142511
45.87138271331787,1.4091734786557668,0.9188645554538597,0.7389941892918371
45.87737965583801,1.4091734786557668,0.9017751845202892,0.7389941892918371
45.88239026069641,1.4091734786557668,1.0468468125920671,0.73624912703777
45.94435954093933,1.4091734786557668,1.0717496611896418,0.7326748576747669
45.9503390789032,1.4091734786557668,1.2530474129763483,0.7256403124423156
45.986332178115845,1.4091734786557668,1.2712649330913526,0.7256403124423156
45.99131512641907,1.4091734786557668,1.2891481867822283,0.7211084527656035
45.996312856674194,1.4091734786557668,1.390472696596186,0.715048135950457
46.02829456329346,1.4091734786557668,1.392227595322861,0.7124813712119501
46.033292293548584,1.4091734786557668,1.347979077428848,0.7125692833539224
46.05527925491333,1.4091734786557668,1.267588002425939,0.7102496169377368
46.070271730422974,1.4091734786557668,1.2178240885338052,0.7077779591968113
46.07626795768738,1.4091734786557668,1.137433013530896,0.7058834637792694
46.107250690460205,1.3183469573115345,1.1424470098928239,0.7080628305110797
46.11324763298035,1.3183469573115345,1.2222113353504922,0.7039273624105754
46.15022873878479,1.3183469573115345,1.2268492819852754,0.7051621795044681
46.155224084854126,1.3183469573115345,1.2294398467722714,0.7055967937510986
46.16022062301636,1.3183469573115345,1.1042152876331244,0.704139160972565
46.21918821334839,1.3183469573115345,1.08599776751812,0.7085030657386547
46.22518491744995,1.3183469573115345,1.0702872455840795,0.7085030657386547
46.23018217086792,1.3183469573115345,0.9391294574166512,0.7197232182216354
46.26216411590576,1.3183469573115345,0.9129731097285946,0.7197232182216354
46.26716136932373,1.3183469573115345,0.8774573021649392,0.7281290579653125
46.28015375137329,1.3183469573115345,0.7769684584113028,0.740634166692211
46.3291289806366,1.3183469573115345,0.8070942198858858,0.7439959629755112
46.34711694717407,1.3183469573115345,0.8099354844909781,0.7448184249073138
46.35411262512207,1.3183469573115345,0.728959443245844,0.7441283932865642
46.387094259262085,1.3183469573115345,0.7205609993396149,0.7477501037287391
46.39309096336365,1.3183469573115345,0.6989590316803094,0.7525625627742016
46.41607737541199,1.3183469573115345,0.7005050138919037,0.754347786322182
46.432069063186646,1.3183469573115345,0.685880857836281,0.7548260193809421
46.46405076980591,1.3183469573115345,0.6898502716228072,0.7571899791269705
46.469048738479614,1.3183469573115345,0.8518859207191073,0.762556666893563
46.503029584884644,1.3183469573115345,0.8949227228256544,0.7634506277029799
46.508026361465454,1.3183469573115345,1.1261097384135423,0.7658316752310798
46.54400634765625,1.3183469573115345,1.2367101414970667,0.7529191578053221
46.576987981796265,1.3183469573115345,1.2461113846756813,0.7557944019780645
46.58098530769348,1.3183469573115345,1.2552619280361996,0.7557944019780645
46.5859854221344,1.3183469573115345,1.275359696786927,0.7547533963071388
46.59098029136658,1.3183469573115345,1.2274760315305164,0.7580877622034297
46.62296223640442,1.3183469573115345,1.1753304693664672,0.7575200431280329
46.62795925140381,1.3183469573115345,1.142070960165679,0.7575200431280329
46.632956743240356,1.3183469573115345,0.9596032758945232,0.7556264470674421
46.6649386882782,1.3183469573115345,0.9389205409015711,0.7541879256241198
46.66993689537048,1.4091734786557668,0.963280206559937,0.7511226922954527
46.706916093826294,1.4091734786557668,0.9605642918638928,0.7511226922954527
46.71291208267212,1.4091734786557668,0.9283075819354903,0.7530077444650078
46.75390815734863,1.3183469573115345,1.017974550207966,0.7514370175498704
46.78288149833679,1.3183469573115345,1.0754683751580718,0.7555931708602505
46.78787064552307,1.3183469573115345,1.2271417651063878,0.7538720264950376
46.82385015487671,1.3183469573115345,1.2504150648863361,0.7538720264950376
46.82984685897827,1.3183469573115345,1.3342741540395786,0.7493948027531064
46.864826679229736,1.3183469573115345,1.3567117877592054,0.7493948027531064
46.87182354927063,1.3183469573115345,1.3464748785202696,0.7458243556571456
46.90980243682861,1.3183469573115345,1.3354440865240282,0.7494341496197181
46.94378328323364,1.3183469573115345,1.3372407685537193,0.7494341496197181
46.94878005981445,1.3183469573115345,1.3234104952554018,0.7453087992849139
46.96577048301697,1.3183469573115345,1.3045662255951564,0.7429491114844033
46.98577809333801,1.3183469573115345,1.2582285425503401,0.7401100664289437
47.01874136924744,1.3183469573115345,1.262699355973059,0.7442752133088351
47.02273869514465,1.3183469573115345,1.2436043864947173,0.7422442404739602
47.05372095108032,1.3183469573115345,1.2347881095583277,0.7422442404739602
47.05871844291687,1.3183469573115345,1.229732329893384,0.7442695923278906
47.06371569633484,1.3183469573115345,1.2287295306209984,0.7429131372063583
47.068713426589966,1.3183469573115345,1.259314908428758,0.7432656851311988
47.078707218170166,1.3183469573115345,1.283214957753947,0.7432656851311988
47.0827054977417,1.3183469573115345,1.3051929751403974,0.742270096986305
47.088701248168945,1.3183469573115345,1.6316877049079297,0.7508962791830073
47.14866781234741,1.3183469573115345,1.6908528619786778,0.7438543142557092
47.18065047264099,1.3183469573115345,1.6932345102505935,0.7438543142557092
47.18564796447754,1.3183469573115345,1.6950729755833005,0.7438543142557092
47.19064450263977,1.3183469573115345,1.6924824107963043,0.7429599037678168
47.19564175605774,1.3183469573115345,1.5457812339069001,0.7148534251705387
47.22762393951416,1.3183469573115345,1.54970886439041,0.7148534251705387
47.23262095451355,1.3183469573115345,1.632398021059203,0.6701650527869186
47.271599769592285,1.3183469573115345,1.6580111858080508,0.6175807760509086
47.303581953048706,1.3183469573115345,1.6653650471388781,0.6080237594097931
47.308598041534424,1.3183469573115345,1.6752259066506696,0.6080237594097931
47.314576148986816,1.3183469573115345,1.6982067233095053,0.5720063122311938
47.323572397232056,1.3183469573115345,1.4160858613450338,0.466310960425053
47.415520906448364,1.3183469573115345,1.1745783699121781,0.4287367263640586
47.44950008392334,1.3183469573115345,1.1439094254983861,0.4287367263640586
47.4554967880249,1.3183469573115345,1.1128644313574498,0.42354024190046624
47.46049404144287,1.3183469573115345,1.0337268554450227,0.41797457140843763
47.477484703063965,1.227520435967302,0.9611074748031015,0.40344545986303526
47.498472452163696,1.227520435967302,1.0786856894903087,0.40122640900575657
47.53045439720154,1.227520435967302,1.097738875665634,0.40122640900575657
47.535451889038086,1.227520435967302,1.1160399623866708,0.40073929479710424
47.540467262268066,1.227520435967302,1.1475445728607838,0.401025852405656
47.545446157455444,1.227520435967302,1.1992305186916563,0.4134514804619991
47.57642865180969,1.227520435967302,1.2014868170545239,0.4134514804619991
47.58142638206482,1.227520435967302,1.2256375661978094,0.4337798704674844
47.614421129226685,1.227520435967302,1.2346209763462634,0.44349202618266853
47.619423389434814,1.227520435967302,1.1384775961062976,0.5135328213399883
47.65138816833496,1.227520435967302,1.1685197909748486,0.5810587896227287
47.69137001037598,1.227520435967302,1.2588552920955811,0.595844667577677
47.70837473869324,1.227520435967302,1.4303757509765285,0.6255050101472589
47.73134398460388,1.227520435967302,1.6267990584550502,0.6689131479109545
47.76434278488159,1.227520435967302,1.644515178933862,0.6695512416677767
47.77032113075256,1.227520435967302,1.672969608287802,0.6719617431360259
47.77433753013611,1.227520435967302,1.8388493212615802,0.6697790038156488
47.81031799316406,1.3183469573115345,1.8494204969246448,0.6694846892533936
47.817296504974365,1.3183469573115345,1.644055562600685,0.669651519967827
47.87526178359985,1.3183469573115345,1.595169098071889,0.6672050442215329
47.89125323295593,1.3183469573115345,1.587522753619949,0.6595688291887799
47.89925169944763,1.3183469573115345,1.4143309626183593,0.6482016318442905
47.93522882461548,1.4091734786557668,1.270471050334047,0.6396748285906872
47.968228578567505,1.3183469573115345,1.2516685639768181,0.6381459217737772
47.973225831985474,1.3183469573115345,1.2321557614683156,0.6381459217737772
47.97822332382202,1.3183469573115345,1.0633094339803966,0.62550995661049
48.00920534133911,1.3183469573115345,0.8529722865975251,0.6135584020870081
48.04116940498352,1.3183469573115345,0.849713188962272,0.6135584020870081
48.04618453979492,1.3183469573115345,0.8459109083878102,0.6136708217058985
48.05116367340088,1.3183469573115345,0.7653527001728366,0.6066243599938448
48.08514738082886,1.3183469573115345,0.7494332617237158,0.6131026529520262
48.12212371826172,1.3183469573115345,0.7477201463000573,0.6131026529520262
48.12712073326111,1.3183469573115345,0.7459652475733826,0.6089746045463686
48.132118701934814,1.3183469573115345,0.7447535317859166,0.6122840132872659
48.13811635971069,1.3183469573115345,0.6639446237528468,0.620907272573877
48.1700975894928,1.3183469573115345,0.565168895422869,0.6173885385026058
48.20108771324158,1.3183469573115345,0.5700575418757486,0.6173885385026058
48.206095457077026,1.3183469573115345,0.6001833033503315,0.623388823241265
48.23807764053345,1.3183469573115345,0.6064507988027413,0.6223120681315322
48.243074893951416,1.3183469573115345,0.6117990615887977,0.6218772290456639
48.24805307388306,1.3183469573115345,0.6969952164385542,0.6116510908329126
48.286033630371094,1.3183469573115345,0.7113686726760807,0.6083009861899771
48.29103350639343,1.3183469573115345,0.7333049067595148,0.6058794675990766
48.29702615737915,1.3183469573115345,0.7265777949739284,0.5942294224934589
48.343000411987305,1.3183469573115345,0.6493204676972241,0.5838342051738963
48.36598753929138,1.3183469573115345,0.5755311545708531,0.5614145854178108
48.39996886253357,1.3183469573115345,0.5657120783620778,0.5614145854178108
48.40496611595154,1.3183469573115345,0.5426059117941938,0.5535674711800193
48.40996265411377,1.3183469573115345,0.4523121939764773,0.5221360699344371
48.444944620132446,1.3183469573115345,0.3850828594236286,0.5007450896911992
48.46793079376221,1.3183469573115345,0.36728317233878494,0.48556574307013445
48.48692035675049,1.3183469573115345,0.36398229140051575,0.48556574307013445
48.49191737174988,1.3183469573115345,0.36222739267384096,0.47130891184168483
48.508907079696655,1.227520435967302,0.43973541976864167,0.46409606909367324
48.5298957824707,1.227520435967302,0.4597496219133368,0.4571649499106012
48.53489375114441,1.227520435967302,0.6514096328480272,0.45214428973095344
48.56887435913086,1.227520435967302,0.8060496373104842,0.4476119803757659
48.5998752117157,1.1366939146230695,0.8221779922746851,0.4476119803757659
48.605855226516724,1.1366939146230695,0.8480836401446457,0.4476119803757659
48.609869956970215,1.1366939146230695,1.1541881180403384,0.45050993331152406
48.641833543777466,1.1366939146230695,1.1880325934833509,0.45194890443332186
48.649829149246216,1.1366939146230695,1.1726981212764551,0.4483276436696225
48.68480968475342,1.1366939146230695,1.1720295884281982,0.43515566176346576
48.718791484832764,1.1366939146230695,1.180344465728395,0.4297345629013303
48.723806381225586,1.1366939146230695,1.1895367923919293,0.4297345629013303
48.728803396224976,1.1366939146230695,1.1882415099984314,0.4304079564184841
48.733800172805786,1.1366939146230695,0.9487396171103464,0.4209896655870796
48.77677607536316,1.227520435967302,0.8975550709156666,0.40981717902250847
48.80074405670166,1.227520435967302,0.9494499332616193,0.3978841737361434
48.832727909088135,1.227520435967302,0.9661214711650293,0.39594853273808756
48.84072470664978,1.227520435967302,1.001303012304556,0.3898268348110267
48.878700971603394,1.227520435967302,1.0013447956075723,0.3869086463438683
48.884697675704956,1.227520435967302,0.958224426894993,0.3726962208648804
48.919679164886475,1.227520435967302,0.9548817626537078,0.3683643556901745
48.923675537109375,1.227520435967302,0.9474861180198644,0.35141597394624957
48.95565843582153,1.1366939146230695,0.9392548073256994,0.3476894884192688
48.96065545082092,1.1366939146230695,0.9304385303893098,0.3476894884192688
48.96565270423889,1.1366939146230695,0.8994771028544055,0.32551899053864447
48.99763512611389,1.1366939146230695,0.9057445983068153,0.3217452887717297
49.0026330947876,1.1366939146230695,0.9166500403940083,0.31801486855808775
49.008628606796265,1.045867393278837,1.080816637944128,0.292411075516549
49.06959509849548,1.045867393278837,1.0873348332146342,0.2848617608491983
49.07359290122986,1.045867393278837,1.0895493482744856,0.2821190594071279
49.07858991622925,1.045867393278837,1.103964587815028,0.2770023928729477
49.11157202720642,1.045867393278837,1.1128226480544339,0.2770023928729477
49.11656928062439,1.045867393278837,1.1179202110223938,0.27239161462377465
49.1215763092041,1.045867393278837,1.0809002045501601,0.25689884210524333
49.15454840660095,1.045867393278837,1.0399107842914002,0.2570754533265202
49.15954542160034,1.045867393278837,0.9281404487234262,0.2453983150927498
49.19152784347534,1.045867393278837,0.8797553838308227,0.24623168172758475
49.19652485847473,1.045867393278837,0.8215094594264282,0.2446470147797049
49.20552110671997,1.045867393278837,0.5973002554422231,0.24038676090223224
49.23850202560425,0.9550408719346045,0.5608234319091983,0.24038676090223224
49.24349927902222,0.9550408719346045,0.34835533607250735,0.2286655541778568
49.27548122406006,0.9550408719346045,0.32959463301829417,0.22543349013475622
49.27947926521301,0.9550408719346045,0.2276851569621115,0.22058449471315425
49.31645846366882,0.9550408719346045,0.18159817373539167,0.21351892166588918
49.35343837738037,0.9550408719346045,0.17106878137534332,0.2018289675955653
49.37642765045166,0.9550408719346045,0.16722471749786538,0.19738917958672456
49.392417669296265,0.9550408719346045,0.14975929683715022,0.19055283014237714
49.42839694023132,0.9550408719346045,0.14102658650679248,0.18885675535217686
49.43839144706726,0.9550408719346045,0.11261394045586832,0.17925094859646307
49.47057008743286,0.9550408719346045,0.10960554263871161,0.17734251314617872
49.47556757926941,0.9550408719346045,0.1063882283064746,0.17734251314617872
49.48056435585022,0.9550408719346045,0.08177786283001226,0.1665962093568213
49.5125470161438,0.9550408719346045,0.07893659822491986,0.16743036292898847
49.51754379272461,0.9550408719346045,0.09732125155198845,0.1679444578461745
49.54952669143677,0.9550408719346045,0.10258594773201271,0.17040745927644546
49.55452370643616,0.9550408719346045,0.10772529400298868,0.17040745927644546
49.559521198272705,0.9550408719346045,0.11512093863683218,0.1705546165575731
49.564518451690674,0.9550408719346045,0.14432746744506164,0.16123918967745335
49.60049891471863,0.9550408719346045,0.14858936435270031,0.15786109254941408
49.60549545288086,0.9550408719346045,0.18072072437205441,0.1658634582808933
49.66546368598938,0.9550408719346045,0.16897961622454002,0.16463077715975946
49.67246055603027,0.9550408719346045,0.14035805365853551,0.15813011269741895
49.69944381713867,0.9550408719346045,0.1310821603889691,0.15459563987950306
49.70945477485657,0.9550408719346045,0.12682026348133044,0.15603820842910537
49.71443581581116,0.9550408719346045,0.1147866722127037,0.15547847114664978
49.72542977333069,0.9550408719346045,0.09322648785641413,0.14775816623896673
49.75045108795166,0.9550408719346045,0.06523167483565054,0.1290773981679399
49.78439712524414,0.9550408719346045,0.0605101615948352,0.13043688861918215
49.79439115524292,0.9550408719346045,0.05829564653498372,0.12665205730999723
49.799389600753784,0.9550408719346045,0.04688880481159797,0.11396876348715727
49.83436870574951,0.864214350590372,0.045259255993971445,0.1109886318099902
49.840367794036865,0.864214350590372,0.04337900735824852,0.09425823170709388
49.87434792518616,0.864214350590372,0.03861571081441707,0.08560551848033339
49.907328605651855,0.864214350590372,0.03702794529980659,0.081684659432291
49.913325786590576,0.864214350590372,0.03569087960329251,0.08173030179756052
49.9196138381958,0.864214350590372,0.027793835333256207,0.0678146641124434
49.96529674530029,0.864214350590372,0.023991554758794314,0.06386918516786401
49.98628497123718,0.864214350590372,0.014423178368115373,0.053053406054032276
50.02126502990723,0.864214350590372,0.013420379095729849,0.053053406054032276
50.026262521743774,0.864214350590372,0.012125096702231808,0.053905996443697486
50.03126287460327,0.864214350590372,0.007904983097609274,0.04165810380482025
50.06424069404602,0.7733878292461396,0.007278233552368274,0.03837455157626785
50.06923818588257,0.7733878292461396,0.0066514840071272745,0.03837455157626785
50.074235677719116,0.7733878292461396,0.006359000886014833,0.036831704726615254
50.079232931137085,0.7733878292461396,0.0032670364628260245,0.018912467153952374
50.13820004463196,0.682561307901907,0.0034759529779063826,0.018912467153952374
50.14319705963135,0.682561307901907,0.0036013028869545825,0.01824649333164532
50.14919328689575,0.682561307901907,0.0029327700386975407,0.008636976728508165
50.18417477607727,0.5917347865576746,0.0027656368266332247,0.010118442466246573
50.19017148017883,0.5917347865576746,0.0027656368266332247,0.007731886376821115
50.19518780708313,0.5917347865576746,0.0030163366447296244,0.007731886376821115
50.200165033340454,0.5917347865576746,0.0033923863718742244,-0.004460695809562015
50.2601318359375,0.5009082652134421,0.0030163366447296244,-0.005240325866567318
50.26512908935547,0.5009082652134421,0.0027656368266332247,-0.005240325866567318
50.270145416259766,0.5009082652134421,0.0016374876451994995,-0.005567017279062978
50.30312752723694,0.41008174386920965,0.0016374876451994995,-0.007327171252030824
50.308104515075684,0.41008174386920965,0.0011360880090066996,-0.007096486194067612
50.325095415115356,0.3192552225249772,0.00017507203963721633,-0.008659118896644929
50.35408020019531,0.3192552225249772,-0.00028454429353946733,-0.008457325680736563
50.39105844497681,0.22842870118074474,9.15054336050583e-05,0.0011422979959382355
50.436033487319946,0.22842870118074474,0.00021685534265325824,0.00531149198210963
50.462018966674805,0.22842870118074474,0.000718254978846058,0.007081201622683165
50.494001388549805,0.13760217983651224,0.000592905069797858,0.007521661689495965
50.49999785423279,0.13760217983651224,0.0005511217667818161,0.0056228943264361895
50.50499415397644,0.13760217983651224,0.0006346883728139741,0.004214276501738795
50.53797650337219,0.13760217983651224,0.0010107380999584998,0.005843011940223699
50.543973207473755,0.13760217983651224,0.0010107380999584998,0.006265372448395137
50.577954053878784,0.13760217983651224,0.0004257718577336162,0.01161171226396848
50.61593294143677,0.13760217983651224,0.00046755516074965814,0.01161171226396848
50.620944023132324,0.13760217983651224,0.000718254978846058,0.009893828067703446
50.625948905944824,0.13760217983651224,0.000801821584878216,0.011739870629503598
50.65890884399414,0.13760217983651224,0.0009689547969424578,0.006519665626325345
50.66390585899353,0.13760217983651224,0.000718254978846058,0.008515788379344254
50.668912410736084,0.13760217983651224,0.0016374876451994995,0.00572946812514434
50.69988536834717,0.22842870118074474,0.0015957043421834577,0.0038600422826149724
50.704882860183716,0.22842870118074474,0.002514937008536899,0.004825501969646195
50.73786473274231,0.22842870118074474,0.0025985036145689828,0.004396958382435783
50.75985240936279,0.22842870118074474,0.0030163366447296244,0.004587509636455103
50.778841733932495,0.22842870118074474,0.002264237190440499,-0.0035154716539310743
50.81482124328613,0.22842870118074474,0.002431370402504741,-0.0034987211307163967
50.82581567764282,0.22842870118074474,0.0020135373723440993,-0.005621315954987068
50.85379981994629,0.22842870118074474,0.0019299707663119412,-0.004051825655657433
50.85979628562927,0.22842870118074474,0.0015957043421834577,-0.006003767498452394
50.87678790092468,0.22842870118074474,0.001052521402974616,-0.002483122293660031
50.89677619934082,0.22842870118074474,0.000927171493926416,-0.0015725233806473497
50.90177345275879,0.22842870118074474,0.0016374876451994995,-0.008404600879476939
50.93675398826599,0.22842870118074474,0.0014703544331352576,-0.006548890230452208
50.94175100326538,0.3192552225249772,0.0017210542512316575,-0.013556229915132017
50.98372721672058,0.3192552225249772,0.0018464041602798574,-0.013367140116158272
51.01770806312561,0.3192552225249772,0.0020553206753601413,-0.013367140116158272
51.02270483970642,0.3192552225249772,0.0020135373723440993,-0.011317393204928616
51.02770233154297,0.3192552225249772,0.0016792709482155413,-0.019262762189630377
51.061683177948,0.22842870118074474,0.0014703544331352576,-0.022145088798362737
51.095664501190186,0.22842870118074474,0.0011360880090066996,-0.022145088798362737
51.10067534446716,0.22842870118074474,0.0009689547969424578,-0.022825002653412207
51.10567784309387,0.22842870118074474,0.0012196546150388577,-0.02128395451766186
51.146655559539795,0.22842870118074474,0.0012614379180548997,-0.020212483130016935
51.171621799468994,0.22842870118074474,0.0011360880090066996,-0.024886666044244252
51.20960235595703,0.22842870118074474,0.0011360880090066996,-0.023504691669223896
51.21360540390015,0.22842870118074474,0.0010943047059906578,-0.023504691669223896
51.21859622001648,0.22842870118074474,0.0014703544331352576,-0.027826326658610744
51.24957847595215,0.22842870118074474,0.0012614379180548997,-0.026927981484057124
51.25457572937012,0.22842870118074474,0.0014703544331352576,-0.026927981484057124
51.25957274436951,0.22842870118074474,0.0013032212210710157,-0.026703254665895106
51.290555477142334,0.22842870118074474,0.0011778713120228158,-0.025033373646896295
51.29557180404663,0.22842870118074474,0.000843604887894258,-0.02582368356769619
51.32853412628174,0.3192552225249772,0.0013032212210710157,-0.02582368356769619
51.33353137969971,0.3192552225249772,0.0014285711301191416,-0.02790873023925745
51.34452557563782,0.3192552225249772,0.0011778713120228158,-0.030621640482321896
51.381505250930786,0.3192552225249772,0.0014285711301191416,-0.023534258028992085
51.44446921348572,0.3192552225249772,0.0013450045240870577,-0.026707976289888503
51.455463886260986,0.3192552225249772,0.0011360880090066996,-0.027361471534498718
51.48846507072449,0.3192552225249772,0.0010107380999584998,-0.028929275539544996
51.49346208572388,0.3192552225249772,0.0012196546150388577,-0.02668987673124714
51.5084331035614,0.3192552225249772,0.0014285711301191416,-0.02558175654784393
51.53242063522339,0.3192552225249772,0.0013867878271030996,-0.02558175654784393
51.53742074966431,0.3192552225249772,0.0011360880090066996,-0.02348884050296034
51.56940031051636,0.3192552225249772,0.0016374876451994995,-0.02589563212378608
51.578394651412964,0.3192552225249772,0.0014285711301191416,-0.024876211019687438
51.58339238166809,0.3192552225249772,0.0018046208572637414,-0.024169766134579822
51.58840751647949,0.3192552225249772,0.000801821584878216,-0.024095344346874343
51.62039089202881,0.3192552225249772,0.0005511217667818161,-0.02768602697423546
51.65237617492676,0.3192552225249772,0.0005511217667818161,-0.027180475948085085
51.662346839904785,0.3192552225249772,0.000843604887894258,-0.02663793886731975
51.689332246780396,0.3192552225249772,0.000801821584878216,-0.02663793886731975
51.69334888458252,0.3192552225249772,0.000843604887894258,-0.03140419344941835
51.69834613800049,0.3192552225249772,0.000843604887894258,-0.028831133212253626
51.71931576728821,0.3192552225249772,0.002180670584408341,-0.03269139808571405
51.766289949417114,0.3192552225249772,0.0017210542512316575,-0.03394386505977261
51.80027103424072,0.41008174386920965,0.0013867878271030996,-0.03394386505977261
51.808266162872314,0.41008174386920965,0.0010943047059906578,-0.035505036307304345
51.8132643699646,0.41008174386920965,0.0009689547969424578,-0.0352382645516773
51.850242137908936,0.41008174386920965,0.000843604887894258,-0.0352382645516773
51.85523986816406,0.41008174386920965,0.000801821584878216,-0.03945433751892601
51.890219926834106,0.41008174386920965,0.000843604887894258,-0.03949413406401323
51.90221357345581,0.41008174386920965,0.0014703544331352576,-0.03964938555770095
51.93119740486145,0.41008174386920965,0.0017210542512316575,-0.04573353533205235
51.96617817878723,0.41008174386920965,0.000718254978846058,-0.046798823640658294
52.00515627861023,0.41008174386920965,0.0003839885547175743,-0.047040750660510555
52.03114151954651,0.41008174386920965,0.00046755516074965814,-0.044294901469111206
52.041136264801025,0.41008174386920965,0.0005511217667818161,-0.04820159564517339
52.046133041381836,0.41008174386920965,0.0004257718577336162,-0.04820159564517339
52.05213022232056,0.41008174386920965,0.00013328873662117442,-0.04735305236178824
52.08511161804199,0.41008174386920965,0.00025863864566937436,-0.04735305236178824
52.091108322143555,0.41008174386920965,7.938827572974482e-06,-0.04699982991923443
52.101102352142334,0.41008174386920965,0.0006764716758300161,-0.04971993501790786
52.12708783149719,0.41008174386920965,0.0014285711301191416,-0.05035690457854118
52.14907717704773,0.41008174386920965,0.0010107380999584998,-0.05222745461725945
52.170063734054565,0.41008174386920965,0.0011360880090066996,-0.04690663405517424
52.175060749053955,0.41008174386920965,0.0009689547969424578,-0.045539161810990755
52.207043170928955,0.41008174386920965,0.0006764716758300161,-0.04340554986406882
52.212040185928345,0.41008174386920965,0.000718254978846058,-0.04340554986406882
52.21703743934631,0.41008174386920965,0.0015121377361512996,-0.04173668062164002
52.228031158447266,0.41008174386920965,0.0016792709482155413,-0.046155671000986005
52.28002071380615,0.41008174386920965,0.001971754069327983,-0.045709927212085354
52.28499960899353,0.41008174386920965,0.0019299707663119412,-0.04788682071228011
52.28999662399292,0.41008174386920965,0.002180670584408341,-0.04544945095511617
52.32397961616516,0.41008174386920965,0.002306020493456541,-0.047567886253487894
52.33597135543823,0.41008174386920965,0.0020553206753601413,-0.045347261521544745
52.3669536113739,0.41008174386920965,0.0018464041602798574,-0.04583032862391703
52.37594938278198,0.41008174386920965,0.001971754069327983,-0.04682423047452754
52.41992378234863,0.41008174386920965,0.0020553206753601413,-0.04769986688606529
52.447908878326416,0.41008174386920965,0.0018046208572637414,-0.04783904237425167
52.481889486312866,0.41008174386920965,0.0018464041602798574,-0.04783904237425167
52.486886978149414,0.41008174386920965,0.002138887281392299,-0.0528557678672382
52.52086925506592,0.41008174386920965,0.0023895870994886993,-0.052362133320690216
52.52486824989319,0.41008174386920965,0.002473153705520783,-0.05021424408216919
52.529868364334106,0.41008174386920965,0.0013450045240870577,-0.05568267160385757
52.56684851646423,0.41008174386920965,0.0013867878271030996,-0.053321522348301356
52.570844888687134,0.41008174386920965,0.0014703544331352576,-0.05962556489720248
52.61282157897949,0.41008174386920965,0.000801821584878216,-0.05769329648771335
52.63282895088196,0.41008174386920965,0.000843604887894258,-0.05769329648771335
52.63880753517151,0.41008174386920965,0.0008853881909102998,-0.058028644210863574
52.64382338523865,0.41008174386920965,0.001052521402974616,-0.06174501197214422
52.67480158805847,0.41008174386920965,0.0011778713120228158,-0.06048647433866558
52.67880320549011,0.41008174386920965,0.0013450045240870577,-0.06048647433866558
52.68378210067749,0.41008174386920965,0.0013867878271030996,-0.059403648569512725
52.7147650718689,0.41008174386920965,0.0017628375542476993,-0.06046668848574086
52.75274348258972,0.41008174386920965,0.0017628375542476993,-0.05967817727884321
52.75675940513611,0.41008174386920965,0.0019299707663119412,-0.05967817727884321
52.761738300323486,0.41008174386920965,0.0020135373723440993,-0.06107960024793162
52.77173471450806,0.41008174386920965,0.0034341696748902664,-0.058250672958172225
52.800718784332275,0.41008174386920965,0.0035595195839384663,-0.06021565547675847
52.806713342666626,0.41008174386920965,0.004896585280452549,-0.05362752855092117
52.83969497680664,0.5009082652134421,0.005648684734741749,-0.05362752855092117
52.843692779541016,0.5009082652134421,0.02056532391147695,-0.045749723757172574
52.878674030303955,0.5009082652134421,0.03343458124042498,-0.03507615546123726
52.917654037475586,0.5009082652134421,0.04158232532855768,-0.02387668818813241
52.9576301574707,0.41008174386920965,0.03493878014900338,-0.018923929458294547
52.991610050201416,0.41008174386920965,0.03218108214994306,-0.01564498643411666
52.996607065200806,0.41008174386920965,0.02975765057501129,-0.01564498643411666
53.002604246139526,0.41008174386920965,0.024701870910067397,-0.012164025354792628
53.035585165023804,0.5009082652134421,0.025328620455308398,-0.012164025354792628
53.03958320617676,0.5009082652134421,0.03928424366267411,-0.01569490074490402
53.059590101242065,0.5009082652134421,0.06824007265280718,-0.009440097989076916
53.0765643119812,0.5009082652134421,0.07513431765045796,-0.009440097989076916
53.08155918121338,0.5009082652134421,0.12005136839272787,-0.0007193708928876906
53.11454153060913,0.5917347865576746,0.14992643004921438,0.0024490636459208784
53.15352010726929,0.5917347865576746,0.1509292293216,0.0024490636459208784
53.157517433166504,0.5917347865576746,0.14090123659774428,0.007444991509412675
53.189499616622925,0.5917347865576746,0.1333384587518366,0.009723062666608846
53.194496154785156,0.5917347865576746,0.09331005446244628,0.010780931280368021
53.22547936439514,0.5917347865576746,0.08482804395018502,0.010780931280368021
53.230478286743164,0.5917347865576746,0.08102576337572313,0.01115146634423096
53.23547339439392,0.5917347865576746,0.05787781350482308,0.012021481774824186
53.2704541683197,0.5917347865576746,0.056331831293228635,0.012142108025893644
53.274465560913086,0.5917347865576746,0.053448783385120185,0.014937871528080357
53.28044891357422,0.5917347865576746,0.031011149665493214,0.01421883564565701
53.35140943527222,0.5917347865576746,0.03080223315041293,0.01421883564565701
53.35642099380493,0.5917347865576746,0.030217266908187972,0.013962069236111213
53.36240291595459,0.5917347865576746,0.02616428651562968,0.018430411828150105
53.397385597229004,0.5917347865576746,0.024743654213083513,0.018430411828150105
53.403379917144775,0.5917347865576746,0.015049927913356374,0.0201629105748709
53.466344594955444,0.682561307901907,0.014423178368115373,0.02164954761507827
53.472341775894165,0.682561307901907,0.00957631521825184,0.024232725617943134
53.50534152984619,0.682561307901907,0.009074915582059116,0.024000579104934344
53.51131892204285,0.682561307901907,0.0089077823699948,0.021846394367755456
53.51631736755371,0.682561307901907,0.010579114490637441,0.025256306247940723
53.55229711532593,0.682561307901907,0.015969160579709814,0.02469758074205516
53.58529210090637,0.682561307901907,0.016219860397806214,0.025537018036310186
53.59027671813965,0.682561307901907,0.0170555264581275,0.025537018036310186
53.596271991729736,0.682561307901907,0.018685075275754023,0.024357511394911536
53.628273010253906,0.682561307901907,0.018810425184802224,0.024357511394911536
53.63425064086914,0.682561307901907,0.01885220848781834,0.022403321159738768
53.63926601409912,0.682561307901907,0.016679476730982898,0.026439747576000535
53.67024898529053,0.682561307901907,0.015551327549549174,0.024357511394911536
53.676247358322144,0.682561307901907,0.008155682915705674,0.025456750428422402
53.709208965301514,0.682561307901907,0.004813018674420465,0.02420023634808379
53.74718761444092,0.682561307901907,0.004562318856324066,0.02420023634808379
53.75218439102173,0.682561307901907,0.0037684360990188244,0.02742308198243534
53.786166191101074,0.682561307901907,0.0037684360990188244,0.026048190043405084
53.81914734840393,0.682561307901907,0.0038937860080670243,0.026048190043405084
53.82314467430115,0.682561307901907,0.0037684360990188244,0.025833356151705424
53.828160762786865,0.682561307901907,0.0037266527960027824,0.023667030095686367
53.833158016204834,0.682561307901907,0.004144485826163424,0.023667030095686367
53.84814929962158,0.682561307901907,0.0037266527960027824,0.02700049663502612
53.871118783950806,0.682561307901907,0.0036013028869545825,0.024613603286743994
53.87611532211304,0.682561307901907,0.002138887281392299,0.023431960672586426
53.94607639312744,0.682561307901907,0.0019299707663119412,0.023431960672586426
53.95107388496399,0.682561307901907,0.0015957043421834577,0.02615937304648774
53.9850549697876,0.682561307901907,0.0015121377361512996,0.02615937304648774
53.990052223205566,0.682561307901907,0.0017210542512316575,0.02388782222718722
54.02403259277344,0.682561307901907,0.0018046208572637414,0.02388782222718722
54.02803039550781,0.682561307901907,0.0013867878271030996,0.02721802859757915
54.06001281738281,0.682561307901907,0.0013032212210710157,0.02896188172580788
54.066009521484375,0.682561307901907,0.0012196546150388577,0.02896188172580788
54.07200598716736,0.682561307901907,0.001052521402974616,0.02886756166555879
54.104987144470215,0.682561307901907,0.0011778713120228158,0.02886756166555879
54.11398243904114,0.682561307901907,0.0013867878271030996,0.026054148283206277
54.16395401954651,0.682561307901907,0.0018046208572637414,0.02843440887397387
54.17796587944031,0.682561307901907,0.002138887281392299,0.02843440887397387
54.18294382095337,0.682561307901907,0.002264237190440499,0.02843440887397387
54.18794107437134,0.682561307901907,0.003852002705050982,0.02865497616623694
54.221922397613525,0.682561307901907,0.004186269129179466,0.02865497616623694
54.22691988945007,0.682561307901907,0.004478752250291908,0.028962218984664553
54.25990056991577,0.682561307901907,0.004478752250291908,0.028962218984664553
54.26489973068237,0.682561307901907,0.005314418310613191,0.030823325775396027
54.297881841659546,0.682561307901907,0.0054815515226775075,0.03156900510749641
54.307875871658325,0.682561307901907,0.004311619038227666,0.03493237526546103
54.339855670928955,0.682561307901907,0.003810219402034866,0.03493237526546103
54.345853090286255,0.682561307901907,0.0038937860080670243,0.030266398983412716
54.36784076690674,0.682561307901907,0.0038937860080670243,0.029838305074677864
54.382832288742065,0.682561307901907,0.0045205355533080235,0.032455208963209865
54.38883090019226,0.682561307901907,0.0066097007041112325,0.031865792901367214
54.419811964035034,0.682561307901907,0.007654283279512874,0.02708897087509291
54.452794313430786,0.682561307901907,0.008072116309673515,0.028509055500917133
54.46278738975525,0.682561307901907,0.012417579823344248,0.032284780820971935
54.49676847457886,0.682561307901907,0.044716073054762606,0.02893917296279201
54.538745403289795,0.682561307901907,0.04684702150858193,0.02893917296279201
54.54374289512634,0.682561307901907,0.04956293620462614,0.031223876877502717
54.549739837646484,0.682561307901907,0.0633514261999276,0.03425482222240826
54.583720207214355,0.682561307901907,0.06414530895723285,0.03304563680162253
54.58771753311157,0.682561307901907,0.057627113686726676,0.031023769955877707
54.63469076156616,0.682561307901907,0.04450715653968225,0.03079263521943893
54.65068244934082,0.682561307901907,0.03978564329886691,0.03079263521943893
54.65667963027954,0.682561307901907,0.03096936636247717,0.03318425019171446
54.67467021942139,0.682561307901907,0.022570922456248074,0.03338795454114397
54.694658517837524,0.682561307901907,0.01968787454813962,0.030996451988487328
54.70465159416199,0.682561307901907,0.014506744974147532,0.03201857116343934
54.73663520812988,0.7733878292461396,0.017765842609400583,0.030194675266560604
54.769617557525635,0.7733878292461396,0.01851794206368978,0.030194675266560604
54.77363157272339,0.7733878292461396,0.019395391427027182,0.028544917359343187
54.780609369277954,0.7733878292461396,0.019980357669252064,0.02998141524952541
54.7856068611145,0.7733878292461396,0.023364805213553313,0.029639772027717323
54.81758904457092,0.7733878292461396,0.023740854940697914,0.029639772027717323
54.8215868473053,0.7733878292461396,0.023782638243713957,0.025812108843735127
54.82659721374512,0.7733878292461396,0.03435381390677842,0.024576392392891253
54.85856580734253,0.682561307901907,0.04509212278190713,0.026671781669390434
54.899545192718506,0.682561307901907,0.04985541932573858,0.025848307961017853
54.93054509162903,0.682561307901907,0.05127605162828482,0.023694235643457857
54.93752574920654,0.682561307901907,0.05825386323196768,0.027739992888087532
54.974520444869995,0.682561307901907,0.050607518780027776,0.029013707170116382
55.00948166847229,0.682561307901907,0.05023146905288318,0.029845837189143524
55.014479637145996,0.682561307901907,0.04968828611367434,0.030422324994813777
55.02047514915466,0.682561307901907,0.04638740517540517,0.03280584575452919
55.05345702171326,0.682561307901907,0.04517568938793929,0.03280584575452919
55.0594539642334,0.682561307901907,0.03564909630027646,0.03513338154403716
55.09243559837341,0.682561307901907,0.02900555112072209,0.03365112886896652
55.12841534614563,0.682561307901907,0.028128101757384765,0.03747148477772083
55.132412910461426,0.682561307901907,0.027584918818175923,0.03747148477772083
55.137409925460815,0.682561307901907,0.023991554758794314,0.03360829699416926
55.17039179801941,0.5917347865576746,0.02344837181958547,0.03360829699416926
55.17538857460022,0.5917347865576746,0.02290518888037663,0.03685047880296996
55.18038558959961,0.5917347865576746,0.021777039698942832,0.03503692551102915
55.21336793899536,0.5917347865576746,0.02106672354766975,0.03742932742063691
55.21838307380676,0.5917347865576746,0.015634894155581332,0.040670160194010936
55.24934768676758,0.5917347865576746,0.013420379095729849,0.037646971802808835
55.25836110115051,0.5917347865576746,0.008740649157930557,0.04067724263000103
55.28832745552063,0.5917347865576746,0.008489949339834157,0.036643401864973744
55.29432201385498,0.5917347865576746,0.008072116309673515,0.039608918991685046
55.32630491256714,0.5917347865576746,0.008615299248882357,0.038325649042050505
55.33130121231079,0.5917347865576746,0.013545729004778049,0.04035437348454765
55.36128497123718,0.5917347865576746,0.014047128640970848,0.04035437348454765
55.36628198623657,0.5917347865576746,0.014757444792243932,0.041106011056449225
55.372278928756714,0.5917347865576746,0.015175277822404574,0.04253171666321797
55.377275705337524,0.5917347865576746,0.01901934169988258,0.04079517081021712
55.4102578163147,0.5917347865576746,0.019395391427027182,0.042983306272300924
55.4162540435791,0.5917347865576746,0.01747335948828814,0.04386029171926536
55.457231283187866,0.682561307901907,0.015342411034468815,0.04341443551074582
55.489213943481445,0.682561307901907,0.015718460761613415,0.0467982660393485
55.49521064758301,0.682561307901907,0.016721260033999014,0.0467982660393485
55.501206398010254,0.682561307901907,0.052278850900670346,0.0437832842803254
55.5641725063324,0.682561307901907,0.054117316233377226,0.04489994835476428
55.56916952133179,0.682561307901907,0.05783603020180703,0.04489994835476428
55.573166847229004,0.682561307901907,0.07158273689409239,0.05546975334246371
55.60616660118103,0.682561307901907,0.07342120222679928,0.05546975334246371
55.61116409301758,0.682561307901907,0.07542680077157041,0.05704711301511567
55.61614227294922,0.682561307901907,0.13463374114533458,0.06858159075251408
55.652122497558594,0.682561307901907,0.1473358652622183,0.0745418541068482
55.656139850616455,0.682561307901907,0.24139008035138082,0.11618050706920807
55.690101146698,0.682561307901907,0.30088950384625746,0.1816648226532789
55.721084117889404,0.682561307901907,0.328215784018764,0.19518912764503837
55.726080894470215,0.682561307901907,0.616520574829613,0.2600185989490723
55.75808143615723,0.682561307901907,0.6800311954140319,0.2826753116813978
55.76405954360962,0.682561307901907,0.7529430591770655,0.2826753116813978
55.76905679702759,0.682561307901907,1.2560140274904887,0.36594576000936524
55.80403733253479,0.682561307901907,1.43789674551942,0.36502493091103355
55.82002830505371,0.864214350590372,1.6219521953051868,0.36954251329614646
55.84401512145996,0.864214350590372,1.6508244576892874,0.36954251329614646
55.848031997680664,0.864214350590372,1.6732620914089145,0.3769746867206133
55.85400915145874,0.864214350590372,1.6128434352476844,0.3803505354562748
55.88599157333374,0.864214350590372,1.5666728854149325,0.3814344854216165
55.89098882675171,0.864214350590372,1.514276623432787,0.3814344854216165
55.89598608016968,0.864214350590372,1.1113184491458554,0.38149744040819517
55.92796874046326,1.045867393278837,1.0559973559525855,0.3817067657385692
55.934964656829834,1.045867393278837,0.8862735791013289,0.38519334779883774
55.9509551525116,1.1366939146230695,0.6243340524936171,0.35761726496348484
56.00292658805847,1.1366939146230695,0.48791156814616476,0.3316556402750177
56.040905475616455,1.1366939146230695,0.46906729848591944,0.3316556402750177
56.04690194129944,1.1366939146230695,0.39064003872476516,0.3054518637274606
56.079883337020874,1.1366939146230695,0.36987373712578087,0.3054518637274606
56.08687996864319,1.1366939146230695,0.3593025614627164,0.3002203043427744
56.09187650680542,1.1366939146230695,0.296126207302426,0.2853293140441637
56.12385845184326,1.1366939146230695,0.28588929806349017,0.2827135343518206
56.12985563278198,1.1366939146230695,0.2271837573259187,0.2681817247355649
56.16183805465698,1.1366939146230695,0.22283829381224796,0.2681817247355649
56.16583871841431,1.1366939146230695,0.1968490793362555,0.268374524381962
56.19981670379639,1.1366939146230695,0.16254498756006602,0.26387965075986497
56.2357964515686,1.1366939146230695,0.1593276732278291,0.2672848410160568
56.24179220199585,1.1366939146230695,0.14867293095873238,0.2619823448518508
56.275773763656616,1.1366939146230695,0.14491243368728654,0.25977644708998227
56.280776500701904,1.1366939146230695,0.11942461884748695,0.2595136100210164
56.31375432014465,1.045867393278837,0.11971710196859939,0.2600270304204891
56.317768812179565,1.045867393278837,0.11988423518066363,0.2600270304204891
56.32276630401611,1.045867393278837,0.12067811793796887,0.2584460733200326
56.32776379585266,1.045867393278837,0.16170932149974473,0.25628840357466814
56.36172556877136,1.045867393278837,0.16580408519531906,0.25133755597835145
56.36674213409424,1.045867393278837,0.22576312502337254,0.24531422521781976
56.40470314025879,1.045867393278837,0.25785270173971053,0.24310270647500673
56.43868279457092,1.045867393278837,0.258228751466855,0.2393296792258053
56.44269919395447,1.045867393278837,0.25910620083019237,0.2393296792258053
56.448678970336914,1.045867393278837,0.24147364695741289,0.23624679601697238
56.48265838623047,1.045867393278837,0.23157100414260554,0.23902367302318547
56.48965549468994,1.045867393278837,0.17620812764631938,0.23937239868098367
56.52363467216492,1.045867393278837,0.14073410338568013,0.2423704050775543
56.55761647224426,1.045867393278837,0.1357618903267684,0.2423704050775543
56.56261348724365,1.045867393278837,0.11445240578857514,0.25257900582975873
56.59659433364868,1.045867393278837,0.11637443772731418,0.25137251847982633
56.60658884048462,1.045867393278837,0.1411101531128247,0.25568549715855865
56.63857102394104,1.045867393278837,0.15318552768446744,0.25491047630592784
56.64256834983826,1.045867393278837,0.2340780023235694,0.26194007507514794
56.674551010131836,1.045867393278837,0.24640407671330866,0.26194007507514794
56.67954754829407,1.045867393278837,0.25350723822603966,0.2618215847968374
56.684545278549194,1.045867393278837,0.29917638842259875,0.2679402473941882
56.71852660179138,1.045867393278837,0.30013740439196823,0.2678079295027541
56.72252416610718,1.045867393278837,0.30088950384625746,0.2678079295027541
56.72752118110657,1.045867393278837,0.2947891416059119,0.29018674093718244
56.78848648071289,1.045867393278837,0.28542968173031347,0.29263917492327773
56.79748272895813,1.045867393278837,0.26211459864734915,0.2928241051963525
56.8254668712616,1.1366939146230695,0.25304762189286295,0.29381362268182626
56.83746027946472,1.1366939146230695,0.2503734904998348,0.2944187774903136
56.84245753288269,1.1366939146230695,0.22271294390319976,0.2934378038958755
56.872440576553345,1.045867393278837,0.21644544845078992,0.2934378038958755
56.87643766403198,1.045867393278837,0.19680729603323938,0.2909008303563746
56.90943264961243,1.1366939146230695,0.19505239730656473,0.2925608184489111
56.91441607475281,1.1366939146230695,0.19442564776132373,0.2891669825742271
56.92041325569153,1.1366939146230695,0.18774031927875331,0.2843089935831139
56.95539450645447,1.1366939146230695,0.21084648584663734,0.2876716892233652
56.99537205696106,1.1366939146230695,0.2127685177853763,0.28667655075694687
57.0013689994812,1.1366939146230695,0.1868210866123998,0.28628240757311696
57.039347410202026,1.227520435967302,0.16831108337628306,0.2851311182560598
57.07432723045349,1.227520435967302,0.16989884889089354,0.28324752754155025
57.08034300804138,1.227520435967302,0.15882627359163629,0.2871117271016718
57.115304470062256,1.227520435967302,0.15702959156194551,0.2869614220712153
57.12130117416382,1.227520435967302,0.15414654365383693,0.2838602144645032
57.12729835510254,1.227520435967302,0.14432746744506164,0.2836076075808564
57.15928053855896,1.227520435967302,0.1434082347787083,0.2848074621732742
57.166276693344116,1.227520435967302,0.1418204692640978,0.2864183228923555
57.17427158355713,1.227520435967302,0.11599838800016958,0.2858155288958649
57.207252502441406,1.227520435967302,0.10693141124568344,0.2850655776182467
57.21225023269653,1.227520435967302,0.07350476883283144,0.28365695979354927
57.24523138999939,1.227520435967302,0.06970248825836947,0.28365695979354927
57.250229597091675,1.227520435967302,0.079646914376193,0.2832390960701335
57.28421115875244,1.227520435967302,0.08252996228430146,0.2832390960701335
57.28822565078735,1.227520435967302,0.11975888527161543,0.2899801136776618
57.32018995285034,1.227520435967302,0.12844981229895697,0.2836073827416186
57.32418727874756,1.227520435967302,0.24732330937966204,0.28176639906266854
57.38515329360962,1.227520435967302,0.24678012644045327,0.2778291267502681
57.39514875411987,1.227520435967302,0.24143186365439692,0.2790187511573669
57.42513108253479,1.227520435967302,0.24022014786693105,0.2790187511573669
57.43012857437134,1.227520435967302,0.19806079512372138,0.27468778533961213
57.466108083724976,1.227520435967302,0.1866121700973195,0.2727355062379605
57.47011995315552,1.227520435967302,0.16079008883339138,0.27294505640757233
57.501102685928345,1.227520435967302,0.16250320425705006,0.27716776213233557
57.50608587265015,1.227520435967302,0.17633347755536757,0.27716776213233557
57.511082887649536,1.227520435967302,0.23800563280707956,0.27649819088222405
57.53806948661804,1.227520435967302,0.2730618240375581,0.2774843357791311
57.5520601272583,1.227520435967302,0.2914882606676429,0.2760489620851378
57.564053535461426,1.227520435967302,0.40843972580960897,0.27840449035974946
57.62701869010925,1.227520435967302,0.41098850729358893,0.2785655876736195
57.63201546669006,1.227520435967302,0.4124927062021672,0.2821032082408643
57.65500283241272,1.227520435967302,0.41913625138172167,0.2811341511260286
57.671993255615234,1.227520435967302,0.4489277464321759,0.28035755639873333
57.7039749622345,1.227520435967302,0.4816440726937549,0.2826999315779348
57.734957456588745,1.227520435967302,0.48870545090346995,0.2850329759287685
57.74195337295532,1.227520435967302,0.4930091311141247,0.2850329759287685
57.747950077056885,1.227520435967302,0.4939701470834942,0.2884324327843969
57.779932498931885,1.227520435967302,0.5197504450444063,0.2876977705749478
57.79992175102234,1.227520435967302,0.54519647658119,0.2929469798397998
57.82090973854065,1.227520435967302,0.5544305865477404,0.2929469798397998
57.82590627670288,1.227520435967302,0.5993894205930264,0.33556997898516444
57.85788917541504,1.227520435967302,0.6052390830152755,0.3556177696218992
57.86288642883301,1.227520435967302,0.6144731929818259,0.3556177696218992
57.867883920669556,1.227520435967302,0.6542926807561358,0.40549936630016387
57.89486837387085,1.227520435967302,0.674348666203847,0.41431194022498663
57.904863119125366,1.227520435967302,0.6882207228051805,0.42365985637496567
57.90886044502258,1.227520435967302,0.9029033337017229,0.46306338247454554
57.941842794418335,1.227520435967302,1.01145635493746,0.4860446506466078
57.98481845855713,1.227520435967302,1.0201472819648014,0.49032873748328526
57.98983430862427,1.227520435967302,1.08599776751812,0.5059528161166806
58.0267972946167,1.227520435967302,1.0954825773027668,0.5059528161166806
58.031810998916626,1.227520435967302,0.9505362991400371,0.51212735126462
58.06577467918396,1.3183469573115345,0.9335722781155148,0.510469836403699
58.099754095077515,1.3183469573115345,0.9317755960858239,0.5155168027741671
58.105764865875244,1.3183469573115345,0.9292685979048599,0.5155168027741671
58.111748695373535,1.3183469573115345,0.788667783255801,0.5191657187641135
58.173712491989136,1.3183469573115345,0.7662301495361741,0.5191657187641135
58.178709745407104,1.3183469573115345,0.6102112960741872,0.5253377806804372
58.21470785140991,1.3183469573115345,0.5896539109902832,0.5192012433636829
58.21968650817871,1.3183469573115345,0.5685115596641542,0.5233546986032096
58.23069882392883,1.3183469573115345,0.5236780755279163,0.5204252681741621
58.257665395736694,1.3183469573115345,0.5228424094675951,0.5204252681741621
58.26168203353882,1.3183469573115345,0.5636229132112746,0.507808864024562
58.29564428329468,1.3183469573115345,0.5660881280892225,0.5065691004674381
58.2996609210968,1.3183469573115345,0.5505447393672462,0.4942144091906149
58.331623792648315,1.3183469573115345,0.5469095920048486,0.4858195865695891
58.33762073516846,1.3183469573115345,0.5377172653413141,0.4858195865695891
58.34262013435364,1.3183469573115345,0.5434415778545151,0.4664164100275722
58.37759852409363,1.3183469573115345,0.5360459332206716,0.46217077070055534
58.38359522819519,1.3183469573115345,0.45661587418713195,0.4521260777526932
58.41257905960083,1.3183469573115345,0.4535239097639432,0.4317644115400163
58.45255708694458,1.3183469573115345,0.45715905712634086,0.42792078477015166
58.458553314208984,1.3183469573115345,0.4311280593473323,0.4231143963841092
58.49153518676758,1.3183469573115345,0.4294149439236736,0.42431278952148144
58.495532274246216,1.3183469573115345,0.4281196615301756,0.42431278952148144
58.50152850151062,1.3183469573115345,0.43493033992179425,0.4245254874404222
58.53850841522217,1.3183469573115345,0.4352228230429066,0.4318260174911683
58.57149004936218,1.3183469573115345,0.5969659890180946,0.44176143856946887
58.62046241760254,1.3183469573115345,0.6802401119291122,0.4518178231576956
58.652445554733276,1.3183469573115345,0.6927751028339317,0.4518178231576956
58.65644288063049,1.3183469573115345,0.7506031942081658,0.45787139479570876
58.67343306541443,1.3183469573115345,0.7816064050460861,0.4596350337768622
58.69442105293274,1.3183469573115345,0.711577589191161,0.4657794404669389
58.720425844192505,1.3183469573115345,0.6629836077834773,0.47201872931535915
58.733399391174316,1.3183469573115345,0.6437632883960873,0.47358091233946087
58.738396644592285,1.3183469573115345,0.5429819615213385,0.4784563263715021
58.770379066467285,1.3183469573115345,0.5301127041923904,0.4784563263715021
58.775376081466675,1.3183469573115345,0.4541088760061681,0.47990474074128675
58.810356855392456,1.3183469573115345,0.44662966476629234,0.47990474074128675
58.816354513168335,1.3183469573115345,0.4301670433779628,0.48624138497966607
58.83734107017517,1.3183469573115345,0.44926201285630457,0.4838567400237618
58.852333068847656,1.3183469573115345,0.4542342259152163,0.4824827474416826
58.857330560684204,1.3183469573115345,0.5866872964761425,0.48068358386095983
58.891311168670654,1.3183469573115345,0.6135539603154724,0.48068358386095983
58.89630842208862,1.3183469573115345,0.7413690842416154,0.48133561765052446
58.92730951309204,1.3183469573115345,0.7686535811111058,0.48133561765052446
58.93230676651001,1.3183469573115345,0.7855340355295961,0.47912814601399145
58.93828558921814,1.3183469573115345,0.9077084135485705,0.47882101561518275
58.97526502609253,1.3183469573115345,0.9207865873925987,0.4772658026074522
58.98026204109192,1.3183469573115345,1.0099521560288816,0.4719602711135361
59.015244007110596,1.3183469573115345,1.0317212569002514,0.4716508923223496
59.055222272872925,1.3183469573115345,1.0235735128121188,0.4716508923223496
59.06121802330017,1.3183469573115345,0.9426392548700008,0.47614722739949217
59.093199253082275,1.3183469573115345,0.9304803136923258,0.47394560158314153
59.09919595718384,1.3183469573115345,0.7217309318240649,0.4724726797364388
59.141175746917725,1.3183469573115345,0.5142768323493017,0.4772957062260771
59.17415404319763,1.3183469573115345,0.4144565214439223,0.4779385216068927
59.20513844490051,1.3183469573115345,0.38579317557490167,0.4794806939388319
59.21415162086487,1.3183469573115345,0.31538830999283207,0.480601292699932
59.24511504173279,1.3183469573115345,0.30916259784343836,0.480601292699932
59.250113010406494,1.3183469573115345,0.2664182788580038,0.475574786700102
59.282095193862915,1.3183469573115345,0.2620728153443331,0.4802262608513134
59.28609323501587,1.3183469573115345,0.25467717071048956,0.4815103177382802
59.29109573364258,1.3183469573115345,0.24786649231887095,0.4815103177382802
59.296106815338135,1.3183469573115345,0.23445405205071398,0.48491775638684986
59.32808303833008,1.3183469573115345,0.23299163644515172,0.48491775638684986
59.33408045768738,1.3183469573115345,0.23215597038483043,0.48491775638684986
59.33906292915344,1.3183469573115345,0.2507077569239633,0.4859513423629287
59.37304472923279,1.3183469573115345,0.4145400880499545,0.48222845426375244
59.40702557563782,1.3183469573115345,0.4790535079067588,0.4832631644360202
59.41602110862732,1.3183469573115345,0.6330667628239747,0.4832631644360202
59.44301986694336,1.3183469573115345,0.6832902930492849,0.48222845426375244
59.45100283622742,1.3183469573115345,0.8328745178467978,0.4836991277180774
59.483983755111694,1.3183469573115345,0.9200762712413257,0.48673400774964404
59.515965700149536,1.3183469573115345,0.9110510777898556,0.4847266430347361
59.523961544036865,1.3183469573115345,0.9076248469425383,0.4847266430347361
59.52995824813843,1.3183469573115345,0.8590308655348547,0.4845521677862181
59.56493949890137,1.3183469573115345,0.8276933882728059,0.4872403457131267
59.57493495941162,1.3183469573115345,0.7624696522647282,0.4868509241532901
59.62290668487549,1.3183469573115345,0.7304218588514063,0.4870393394345505
59.643895864486694,1.3183469573115345,0.7169676352802334,0.4870393394345505
59.64789271354675,1.3183469573115345,0.6503232669696095,0.49148036405919904
59.67989373207092,1.3183469573115345,0.6408802404879789,0.49148036405919904
59.685871601104736,1.3183469573115345,0.63386064558128,0.49148036405919904
59.68988847732544,1.3183469573115345,0.6214927878885248,0.4888333317128044
59.720887660980225,1.3183469573115345,0.6206153385251874,0.4888333317128044
59.725868463516235,1.3183469573115345,0.6573846451793246,0.4902439730906418
59.75983142852783,1.3183469573115345,0.6921483532886907,0.49046409070442937
59.76982569694519,1.3183469573115345,0.8988921366121805,0.47352942415400906
59.807804584503174,1.3183469573115345,0.9192823884840206,0.47352942415400906
59.81180191040039,1.3183469573115345,1.0360667204139222,0.4553711824715851
59.842803955078125,1.3183469573115345,1.0537410575897177,0.450173348972566
59.847800970077515,1.3183469573115345,1.077641106914907,0.450173348972566
59.85279822349548,1.3183469573115345,1.1402324948329725,0.42978470205135544
59.885780572891235,1.3183469573115345,0.9977932148512068,0.3847697506748585
59.91775965690613,1.3183469573115345,0.9692970021942503,0.3847697506748585
59.9227409362793,1.3183469573115345,0.9142266088190766,0.3763636860919437
59.927738189697266,1.3183469573115345,0.7482633292392661,0.34971573963015035
59.96171998977661,1.3183469573115345,0.5805869342357971,0.33687921786676267
59.99671936035156,1.3183469573115345,0.5744865719954515,0.33687921786676267
60.00269818305969,1.3183469573115345,0.5712692576632145,0.336012799863974
60.00769352912903,1.3183469573115345,0.5392214642498926,0.3280663066830833
60.04567241668701,1.3183469573115345,0.533037535403515,0.3270274369849166
60.05568552017212,1.3183469573115345,0.5318258196160491,0.31995511876051813
60.08365201950073,1.3183469573115345,0.6169801911627897,0.3191082617714163
60.120630502700806,1.3183469573115345,0.6013532358347814,0.316356229500978
60.1566104888916,1.227520435967302,0.603693100803681,0.316356229500978
60.16060781478882,1.227520435967302,0.6382478923979669,0.3234755391260727
60.197606325149536,1.227520435967302,0.6072028982570304,0.32055780033738984
60.22956943511963,1.227520435967302,0.590155310626476,0.31649473047145105
60.23358607292175,1.227520435967302,0.5563944017894954,0.31649473047145105
60.23858284950256,1.227520435967302,0.5440683273997561,0.31507329681020013
60.243579626083374,1.227520435967302,0.5214217771650489,0.31299094820949225
60.27654314041138,1.227520435967302,0.5236362922249003,0.31319038061340393
60.28253984451294,1.227520435967302,0.5145275321673981,0.31131533378993004
60.29853105545044,1.227520435967302,0.4864491525406025,0.30736738161373506
60.318519830703735,1.227520435967302,0.48143515617867466,0.3033351147233722
60.323517084121704,1.227520435967302,0.4454179489788265,0.2866974608060605
60.360496282577515,1.227520435967302,0.43376040743734434,0.2792288634250732
60.391478538513184,1.227520435967302,0.42369063141047264,0.27403473977347753
60.39647650718689,1.227520435967302,0.4156682372313882,0.2719953354671858
60.40147423744202,1.227520435967302,0.49689497829461876,0.2545399412420649
60.43345546722412,1.227520435967302,0.6609780092387062,0.24778768167264753
60.46143960952759,1.227520435967302,0.6959088505601366,0.24820790620806005
60.471434116363525,1.227520435967302,0.7087363245860685,0.24820790620806005
60.47743034362793,1.227520435967302,0.712872871584659,0.24820790620806005
60.482428312301636,1.227520435967302,0.7176361681284904,0.24469254472535554
60.51641011238098,1.227520435967302,0.6242087025845688,0.23186108184481796
60.55938506126404,1.1366939146230695,0.4788028080886626,0.2221339743203214
60.59636449813843,1.1366939146230695,0.4734545453026063,0.21988041064004335
60.60236072540283,1.1366939146230695,0.45920643897412805,0.2153076302220552
60.61835169792175,1.1366939146230695,0.4506826451588507,0.20275182024703703
60.63934063911438,1.1366939146230695,0.44683858128137277,0.19880173209808313
60.645336627960205,1.1366939146230695,0.4447494161305695,0.19880173209808313
60.64933466911316,1.1366939146230695,0.47813427524040547,0.1880164187009707
60.68131709098816,1.1366939146230695,0.5060455216551369,0.19195335375451442
60.71629762649536,1.1366939146230695,0.5101402853507114,0.19027268045210213
60.722294092178345,1.1366939146230695,0.48594775290440967,0.18578668797989742
60.75827360153198,1.1366939146230695,0.5134411662889804,0.18578668797989742
60.762271881103516,1.1366939146230695,0.6748918491430559,0.19376522075217187
60.82423686981201,1.1366939146230695,0.6757275152033771,0.19275119578977998
60.82923412322998,1.1366939146230695,0.6761035649305217,0.19275119578977998
60.83423113822937,1.1366939146230695,0.6947389180756868,0.1918806182610923
60.86621332168579,1.1366939146230695,0.6971205663476024,0.1918806182610923
60.870211124420166,1.1366939146230695,0.6990843815893576,0.1931239792460207
60.875208616256714,1.1366939146230695,0.69937686471047,0.1931239792460207
60.8802056312561,1.1366939146230695,0.5179119797116994,0.19838308143733507
60.91318726539612,1.1366939146230695,0.4785103249675501,0.1975147523010252
60.949166774749756,1.1366939146230695,0.4573679736414211,0.20417201729248013
60.98314809799194,1.1366939146230695,0.4536910429760074,0.20430939406676427
60.989145040512085,1.1366939146230695,0.4437048335551678,0.20545539966173357
61.02712368965149,1.1366939146230695,0.44416444988834464,0.20545539966173357
61.031121492385864,1.1366939146230695,0.3376588105003948,0.2136188627070828
61.066102027893066,1.1366939146230695,0.3201933898396795,0.2136188627070828
61.07109880447388,1.1366939146230695,0.3059452835112014,0.21438061804468453
61.07709550857544,1.1366939146230695,0.21360418384569757,0.21951268606665267
61.111077308654785,1.1366939146230695,0.1948852640945004,0.22040102589512503
61.11707353591919,1.1366939146230695,0.13617972335692896,0.21949413682953572
61.15505409240723,1.1366939146230695,0.12790662935974814,0.22161279696714525
61.18603467941284,1.1366939146230695,0.13885385474995712,0.2246942187209326
61.21901607513428,1.1366939146230695,0.13977308741631064,0.22357227092440587
61.22501254081726,1.1366939146230695,0.1403162703555194,0.22357227092440587
61.22902870178223,1.1366939146230695,0.1474612151712665,0.2258143678035571
61.260993003845215,1.1366939146230695,0.14963394692810203,0.2254547374427265
61.265989542007446,1.1366939146230695,0.1643834528927729,0.22420047175476573
61.29898977279663,1.1366939146230695,0.16714115089183315,0.22487274107573063
61.30496835708618,1.1366939146230695,0.16776790043707415,0.22487274107573063
61.30996584892273,1.1366939146230695,0.16534446886214238,0.22855032406849407
61.3479437828064,1.1366939146230695,0.16835286667929902,0.22675475791557573
61.35294198989868,1.1366939146230695,0.17863155922125112,0.22626595741264005
61.38693642616272,1.1366939146230695,0.172781896799002,0.22640918000710647
61.39691662788391,1.1366939146230695,0.1566117585317848,0.2243810176627038
61.42490100860596,1.1366939146230695,0.15331087759351564,0.2243810176627038
61.429916858673096,1.1366939146230695,0.15055317959445538,0.2243810176627038
61.435909271240234,1.1366939146230695,0.1487147142617485,0.2243810176627038
61.439892530441284,1.1366939146230695,0.13751678905344303,0.22563449641333236
61.471874475479126,1.1366939146230695,0.1261099473300573,0.2221113779769244
61.50487565994263,1.1366939146230695,0.12151378399829016,0.22283603484029227
61.54583501815796,1.1366939146230695,0.11925748563542263,0.22395134987930448
61.55282950401306,1.1366939146230695,0.09882545046056686,0.220654532135723
61.58982300758362,1.1366939146230695,0.09452177024991217,0.21935147633316374
61.594807624816895,1.1366939146230695,0.10872809327537428,0.21601463720525726
61.64279842376709,1.1366939146230695,0.12046920142288851,0.21636606093390884
61.664766788482666,1.1366939146230695,0.12448039851243077,0.21762932019138087
61.67376255989075,1.1366939146230695,0.1340487749031097,0.2168649792025447
61.701746702194214,1.1366939146230695,0.134884440963431,0.21251231639834406
61.70674395561218,1.1366939146230695,0.16158397159069654,0.21819389151744875
61.7427237033844,1.1366939146230695,0.19254539912560073,0.22977367436126
61.77870321273804,1.1366939146230695,0.1976011787905447,0.22977367436126
61.78470015525818,1.1366939146230695,0.20014996027452467,0.23336075956081662
61.788697481155396,1.1366939146230695,0.2660422291308592,0.24094346285497778
61.82267951965332,1.1366939146230695,0.3420878406200976,0.2658626204174737
61.85468006134033,1.227520435967302,0.3588429451295397,0.2768979550469985
61.85967683792114,1.227520435967302,0.45377460958203963,0.3600237193254539
61.89064049720764,1.227520435967302,0.4770061260589717,0.3829648536935723
61.8946578502655,1.227520435967302,0.5031624737470285,0.3829648536935723
61.89964485168457,1.227520435967302,0.541352412703712,0.40370739757505003
61.905632734298706,1.227520435967302,0.9186556389387796,0.4620019164329819
61.94461107254028,1.227520435967302,0.9453969528690612,0.4620019164329819
61.949626445770264,1.227520435967302,1.2450668021002798,0.5119124049533014
61.98059034347534,1.227520435967302,1.3631046331206635,0.5226923222087071
62.00357723236084,1.227520435967302,1.3873389488699812,0.5284320182707781
62.018569231033325,1.227520435967302,1.385249783719178,0.5340003868336601
62.023566246032715,1.227520435967302,1.3671158302102058,0.5340003868336601
62.02856397628784,1.227520435967302,1.2815854089363208,0.548268235184761
62.063544273376465,1.227520435967302,1.1902053252401863,0.559822723614322
62.13350582122803,1.3183469573115345,1.1814726149098287,0.559822723614322
62.14050221443176,1.3183469573115345,1.0998280408164376,0.5609570375689266
62.17848038673401,1.3183469573115345,1.092348829576562,0.563422624650432
62.182477951049805,1.3183469573115345,0.980578494008588,0.5706170305809456
62.21547794342041,1.3183469573115345,0.9568873611984791,0.571784395903504
62.22047567367554,1.3183469573115345,0.8574013167172281,0.582611304559606
62.252440214157104,1.3183469573115345,0.8462451748119386,0.582611304559606
62.25743556022644,1.3183469573115345,0.8371364147544366,0.5875337099923433
62.26144742965698,1.3183469573115345,0.8749920872869915,0.6116773970237329
62.293434143066406,1.3183469573115345,0.8948391562196225,0.6199813845926953
62.29943037033081,1.3183469573115345,0.9034465166409317,0.6199813845926953
62.30540895462036,1.3183469573115345,1.1786731336077525,0.6427267964043254
62.36837363243103,1.3183469573115345,1.2143142910804559,0.6455577472472248
62.37437057495117,1.3183469573115345,1.2359580420427774,0.6480925848139667
62.37936758995056,1.3183469573115345,1.3039394760499154,0.6487769954537719
62.41035032272339,1.4091734786557668,1.315304534470285,0.6487769954537719
62.41634678840637,1.4091734786557668,1.3849155172950496,0.6483286660136367
62.43334650993347,1.4091734786557668,1.4973126024082646,0.6657946276829333
62.45532512664795,1.4091734786557668,1.5436085021500647,0.6961931174701499
62.488306760787964,1.4091734786557668,1.5550571271764664,0.6983612422400712
62.493303537368774,1.4091734786557668,1.570767649110507,0.6944488146634457
62.499300718307495,1.4091734786557668,1.7645586084990166,0.6875646868810698
62.534281730651855,1.4091734786557668,1.7861605761583224,0.6940791789565338
62.54027771949768,1.4091734786557668,1.9326528365326465,0.7245536644061205
62.5782744884491,1.4091734786557668,1.924087259414353,0.7463102332499901
62.61723518371582,1.4999999999999993,1.917694414052895,0.7463102332499901
62.623231410980225,1.4999999999999993,1.8433201346842991,0.7552185886901075
62.65621280670166,1.4999999999999993,1.8279020958713712,0.7552185886901075
62.66222405433655,1.4999999999999993,1.5843890058937442,0.7793402414761945
62.697208404541016,1.4999999999999993,1.5304885450030203,0.8260393511632893
62.729172229766846,1.4999999999999993,1.5450291344526108,0.8260393511632893
62.734169721603394,1.4999999999999993,1.6482338929022915,0.80869322880773
62.7731659412384,1.4999999999999993,1.692816677220433,0.8035086608237401
62.789138317108154,1.4999999999999993,1.8413981027455602,0.812379468111148
62.8121440410614,1.4999999999999993,2.285972446836493,0.8408144368348239
62.84410786628723,1.4999999999999993,2.337533042758317,0.8408144368348239
62.8491051197052,1.4999999999999993,2.3847063918634546,0.8418142969252357
62.8541202545166,1.4999999999999993,2.428161027000162,0.8418142969252357
62.85911226272583,1.4999999999999993,2.575990353071,0.8259550364491215
62.88908243179321,1.4999999999999993,2.6024391838801697,0.8184764337220529
62.89409804344177,1.4999999999999993,2.6279687820229847,0.8184764337220529
62.89907646179199,1.5908265213442319,2.817163578079728,0.8283545207947194
62.93505644798279,1.5908265213442319,2.650281065833564,0.8140441778276778
62.969038009643555,1.5908265213442319,2.4315872578474798,0.7997927427409349
62.98902678489685,1.5908265213442319,2.3737591664732456,0.7867352040068086
63.00603532791138,1.5908265213442319,2.3595946267507997,0.779947307418203
63.011027812957764,1.5908265213442319,2.2174060465871297,0.7489977366591853
63.04599571228027,1.5908265213442319,2.1987289101389487,0.7434098070826164
63.050992488861084,1.5908265213442319,1.9385024989548953,0.7059279819483499
63.08197641372681,1.5908265213442319,1.9043237570877543,0.7059279819483499
63.089970111846924,1.5908265213442319,1.8422755521088976,0.7014534562772721
63.09796619415283,1.5908265213442319,1.1770853680931417,0.6638059246247612
63.16792702674866,1.4999999999999993,1.0862484673362163,0.6568840238504381
63.178922176361084,1.5908265213442319,0.9207030207865667,0.6503205168211378
63.20490574836731,1.5908265213442319,0.9021094509444177,0.6528501830854108
63.2099027633667,1.5908265213442319,0.8869003286465699,0.6528501830854108
63.214900732040405,1.5908265213442319,0.8642537784118629,0.663799853965341
63.24788188934326,1.5908265213442319,0.9833361920076481,0.6705618940416019
63.2808632850647,1.4999999999999993,1.0617634517688024,0.6766550373854645
63.31484532356262,1.4999999999999993,1.0765129577334733,0.6813022395911581
63.31984305381775,1.4999999999999993,1.0953154440907025,0.6813022395911581
63.32483887672424,1.4999999999999993,1.267796918941019,0.693225239531442
63.364816665649414,1.4999999999999993,1.2692175512435655,0.6969346372763514
63.37580990791321,1.5908265213442319,1.272393082272786,0.6964253764027776
63.40079641342163,1.5908265213442319,1.2782009613920193,0.6968381812433434
63.40579342842102,1.5908265213442319,1.3145106517129799,0.7119255686161557
63.438775062561035,1.5908265213442319,1.3154298843793333,0.7119255686161557
63.443772315979004,1.5908265213442319,1.3144270851069475,0.7103753020716563
63.448769330978394,1.5908265213442319,1.4195538754953676,0.7156367650749674
63.480769872665405,1.5908265213442319,1.4264899037960341,0.7163166789300168
63.48675036430359,1.5908265213442319,1.429540084916207,0.7163166789300168
63.491745948791504,1.5908265213442319,1.4658079919341516,0.721598602303966
63.527727365493774,1.5908265213442319,1.479763615141517,0.7226468028305005
63.56070804595947,1.4999999999999993,1.474540702264509,0.7206619220393707
63.56670379638672,1.4999999999999993,1.464805192661766,0.7206619220393707
63.57171964645386,1.4999999999999993,1.0887136822141643,0.7280481158397113
63.6356680393219,1.5908265213442319,1.0793960056415817,0.7228898540465417
63.6466588973999,1.5908265213442319,1.0939365950911726,0.7220826811829083
63.67564296722412,1.5908265213442319,1.1018754226642247,0.7220826811829083
63.681639432907104,1.5908265213442319,1.2153170903528412,0.7252812441795795
63.71863794326782,1.5908265213442319,1.2300248130144964,0.7275912425085406
63.723615646362305,1.5908265213442319,1.2702203505159508,0.7279419917194787
63.7595956325531,1.5908265213442319,1.2795798103915494,0.7477658424753837
63.79459500312805,1.5908265213442319,1.2914462684481118,0.7477658424753837
63.79957294464111,1.5908265213442319,1.3044408756861081,0.7519049080036925
63.80557179450989,1.5908265213442319,1.5320345272146147,0.748473636395918
63.837570667266846,1.5908265213442319,1.6204062130935921,0.7476601680336267
63.84354901313782,1.5908265213442319,1.6905185955545494,0.7476601680336267
63.8485643863678,1.5908265213442319,2.0025980857815395,0.7571214031594473
63.87854743003845,1.5908265213442319,2.074214667151075,0.7630110669931183
63.88354468345642,1.5908265213442319,2.228269705371307,0.7572063923913285
63.91750764846802,1.5908265213442319,2.112989572349983,0.7354253160705407
63.95248770713806,1.5908265213442319,2.049729651583661,0.7354253160705407
63.95750379562378,1.5908265213442319,1.95809886806943,0.7314602761122744
63.96747970581055,1.5908265213442319,1.762218743530117,0.728036199360109
63.995463848114014,1.5908265213442319,1.6524957898099302,0.6964089631384196
64.02944564819336,1.4999999999999993,1.6448494453579903,0.6932463744197933
64.03446078300476,1.4999999999999993,1.6448494453579903,0.682269048313616
64.03945803642273,1.4999999999999993,1.6509080242953198,0.6783750575544885
64.04943323135376,1.4999999999999993,1.717259909484831,0.6569177497361052
64.07741832733154,1.4999999999999993,1.7271207689966224,0.6485249506682195
64.08241605758667,1.4999999999999993,1.606074540159082,0.5586344482426499
64.1583743095398,1.4999999999999993,1.5789153931986397,0.5211820770485327
64.1913549900055,1.4999999999999993,1.563789837506824,0.5211820770485327
64.1963517665863,1.4999999999999993,1.5044993305270278,0.48709914667180026
64.21334171295166,1.4091734786557668,1.4186764261320302,0.4632679861809262
64.2333312034607,1.4091734786557668,1.2754432633929589,0.4362589479032567
64.26731252670288,1.4091734786557668,1.2638692884575091,0.4284302704829632
64.27331042289734,1.4091734786557668,1.253590595915557,0.41903851068161685
64.27830600738525,1.4091734786557668,1.1819740145460216,0.4073952107531325
64.29329681396484,1.4091734786557668,1.0729613769771078,0.39771026058571984
64.31528496742249,1.4091734786557668,0.9539625299873545,0.3757441415722384
64.34027075767517,1.3183469573115345,0.915730807727655,0.3636613933535112
64.35626220703125,1.3183469573115345,0.8870256785556181,0.34996890861189167
64.38926219940186,1.3183469573115345,0.8927082077658031,0.3463197677827075
64.39425921440125,1.3183469573115345,0.8918725417054816,0.3463197677827075
64.3992383480072,1.3183469573115345,0.878543668043357,0.34260092678981124
64.40423512458801,1.3183469573115345,0.8108547171573315,0.3369037253436808
64.43523597717285,1.3183469573115345,0.8066763868557252,0.3369037253436808
64.44123244285583,1.3183469573115345,0.8080552358552551,0.3411004621364804
64.44623017311096,1.3183469573115345,0.9274719158751692,0.3464503993798582
64.50517964363098,1.3183469573115345,0.9496170664736837,0.35668575600135854
64.51517415046692,1.3183469573115345,0.8815520658605136,0.3789039198003924
64.55115389823914,1.3183469573115345,0.8651312277751999,0.3870812104588652
64.5551507472992,1.3183469573115345,0.7379010700912819,0.41230952197330983
64.5901312828064,1.3183469573115345,0.7678596983538006,0.4449222285741929
64.62611150741577,1.3183469573115345,0.777135591623367,0.4449222285741929
64.63210988044739,1.3183469573115345,0.791801530982006,0.45700194146321
64.63810515403748,1.3183469573115345,0.974854181495387,0.5093825138497906
64.66908812522888,1.3183469573115345,1.063393000586429,0.5155433338042252
64.67508435249329,1.3183469573115345,1.4358075803686166,0.5242520320011932
64.71206402778625,1.4091734786557668,1.6178992149126283,0.5135919540595247
64.75104188919067,1.4091734786557668,1.6411307313895604,0.5135919540595247
64.75703835487366,1.4091734786557668,1.6677884787138098,0.4989929175111726
64.79101920127869,1.4091734786557668,1.5512966299050206,0.4867018557386414
64.82400035858154,1.4999999999999993,1.5378006230308316,0.4867018557386414
64.82899761199951,1.4999999999999993,1.4940952880760276,0.47276969236954736
64.86098003387451,1.4999999999999993,1.483524112412963,0.4737981070431572
64.86497807502747,1.4999999999999993,1.4722008372956095,0.47030882691203535
64.86997485160828,1.4999999999999993,1.2764878459683608,0.4594481923702663
64.90397500991821,1.4091734786557668,1.2545516118849263,0.4552198656645585
64.9099531173706,1.4091734786557668,1.1137418807207873,0.45230707333910686
64.94593214988708,1.4091734786557668,1.105176303602494,0.44835507405663183
64.9519293308258,1.4091734786557668,0.9685031194369451,0.4455627955626307
64.98391127586365,1.4091734786557668,0.9506616490490853,0.44898889586793617
64.98890852928162,1.4091734786557668,0.9180706726965545,0.44898889586793617
64.993905544281,1.4091734786557668,0.8891566270094375,0.4428055919897234
65.0048987865448,1.4091734786557668,0.8217601592445246,0.4390015369257082
65.03088474273682,1.4091734786557668,0.8094340848547853,0.44095134279574427
65.0368824005127,1.4091734786557668,0.5474109916410415,0.4420204533713925
65.08785343170166,1.3183469573115345,0.4537328262790235,0.44432640459407347
65.1048436164856,1.3183469573115345,0.25296405528683086,0.447698093803836
65.18380093574524,1.3183469573115345,0.2654572628886343,0.44753126308940255
65.21778225898743,1.3183469573115345,0.28008141894425714,0.4472425695080919
65.22206807136536,1.3183469573115345,0.3047753510267515,0.4426034615149584
65.22706508636475,1.3183469573115345,0.33465041268323803,0.4452815216761668
65.23704147338867,1.3183469573115345,0.4291224608025612,0.44703751612323567
65.26402616500854,1.3183469573115345,0.452145060764413,0.44703751612323567
65.26904296875,1.3183469573115345,0.5701828917847968,0.44678816940853666
65.30401945114136,1.3183469573115345,0.585057747658516,0.44752316887684246
65.30900359153748,1.3183469573115345,0.6684154371755657,0.44158111750076856
65.34098482131958,1.3183469573115345,0.6860062077453293,0.4408650045284364
65.34999680519104,1.3183469573115345,0.7860772184688051,0.4387074472026908
65.38297843933105,1.3183469573115345,0.8514263043859308,0.4270304213885393
65.41594290733337,1.3183469573115345,0.8526798034764128,0.4270304213885393
65.42093873023987,1.3183469573115345,0.8512591711738666,0.4180797961717191
65.45292043685913,1.3183469573115345,0.854768968627216,0.41440569818714124
65.45791792869568,1.3183469573115345,0.8507159882346575,0.41440569818714124
65.46291494369507,1.3183469573115345,0.7275805942463138,0.41307982120194725
65.49591517448425,1.3183469573115345,0.6847944919578633,0.41307982120194725
65.50189352035522,1.3183469573115345,0.6463956364860995,0.41307982120194725
65.50689148902893,1.3183469573115345,0.47483339430213634,0.40577996566891444
65.54387021064758,1.3183469573115345,0.4590393057620637,0.4078014952558026
65.57785129547119,1.3183469573115345,0.45607269124792316,0.4090239461916174
65.58384728431702,1.3183469573115345,0.4548609754604573,0.4090239461916174
65.58886313438416,1.3183469573115345,0.5065051379883135,0.4072782943494864
65.62082648277283,1.3183469573115345,0.5172016635604263,0.4072782943494864
65.6258237361908,1.3183469573115345,0.5854755806886766,0.4043740459150704
65.66480302810669,1.3183469573115345,0.6303090648249144,0.40733832642597395
65.69778633117676,1.3183469573115345,0.6576771283004371,0.4088876936135222
65.71477437019348,1.3183469573115345,0.6872597068358111,0.40944394588779215
65.74075937271118,1.3183469573115345,0.6988754650742772,0.4113944262755415
65.7797372341156,1.3183469573115345,0.7060204098900243,0.41670422971497545
65.81072068214417,1.3183469573115345,0.6995022146195182,0.41670422971497545
65.81571769714355,1.3183469573115345,0.691605170349482,0.4152047768382146
65.82073330879211,1.3183469573115345,0.6855883747151685,0.4152047768382146
65.82573056221008,1.3183469573115345,0.6502397003635775,0.4209955114072619
65.85771250724792,1.3183469573115345,0.6450167874865693,0.4209955114072619
65.86270999908447,1.3183469573115345,0.5950857403823716,0.42641818414406185
65.89667224884033,1.3183469573115345,0.590782060171717,0.42340668739322435
65.90068888664246,1.3183469573115345,0.5370069491900411,0.4268240189682564
65.93465304374695,1.3183469573115345,0.5492494569737483,0.4266713531258032
65.94464540481567,1.3183469573115345,0.5589849665764913,0.43844505981220044
65.9786262512207,1.3183469573115345,0.6111305287405405,0.4401063969401636
66.00960898399353,1.3183469573115345,0.616520574829613,0.4401063969401636
66.01460647583008,1.3183469573115345,0.6501561337575453,0.43798121646465843
66.04658842086792,1.3183469573115345,0.6494876009092883,0.436304815107764
66.05158567428589,1.3183469573115345,0.652537782029461,0.437048808145581
66.05658316612244,1.3183469573115345,0.6998782643466627,0.4413250256089361
66.08956408500671,1.3183469573115345,0.7147113369173658,0.4413250256089361
66.09556126594543,1.3183469573115345,0.733973439607772,0.4405713644838945
66.10155820846558,1.3183469573115345,0.855980684414682,0.4427451102347604
66.1755166053772,1.3183469573115345,0.8622063965640754,0.4427451102347604
66.18051314353943,1.3183469573115345,0.7679850482628489,0.4462656430199338
66.21449446678162,1.3183469573115345,0.7511463771473745,0.4462656430199338
66.21949195861816,1.3183469573115345,0.6290973490374485,0.44588858761817524
66.25347304344177,1.3183469573115345,0.6149328093150025,0.44588858761817524
66.25846982002258,1.3183469573115345,0.5473274250350092,0.4594951837709625
66.29145193099976,1.4091734786557668,0.7003796639828556,0.5202179663969282
66.32443308830261,1.4091734786557668,0.7544890413886598,0.546517412040161
66.33042931556702,1.4091734786557668,0.7975676267982229,0.5785601511732695
66.3364269733429,1.4091734786557668,1.158533581554009,0.650809767002549
66.36940813064575,1.4091734786557668,1.4595822797847577,0.7160288847056573
66.39839148521423,1.4999999999999993,1.5996399114946078,0.7394832146340106
66.40838599205017,1.4999999999999993,1.6652396972298298,0.7576093043054319
66.41338324546814,1.4999999999999993,1.7449622393844821,0.7576093043054319
66.41838097572327,1.4999999999999993,2.0278769841062587,0.7767986587323191
66.45037293434143,1.4091734786557668,2.0732954344847214,0.7757760898788916
66.45535945892334,1.4091734786557668,2.088212073661457,0.7726409315472745
66.46035671234131,1.4091734786557668,2.09932643226373,0.7628273733358513
66.49233913421631,1.4999999999999993,2.100120315021035,0.7628273733358513
66.4973361492157,1.4999999999999993,1.9420540797112609,0.7704368324993083
66.5373146533966,1.4999999999999993,1.8763707273700068,0.7696321328672905
66.54231214523315,1.4999999999999993,1.5826341071670693,0.7624040010511098
66.57329392433167,1.4999999999999993,1.3225330458920643,0.7594464657173398
66.60627579689026,1.5908265213442319,1.3104158880174055,0.7594464657173398
66.6102728843689,1.5908265213442319,1.2089242449913833,0.7427186512656778
66.64327311515808,1.5908265213442319,1.2050801811139054,0.7427186512656778
66.64825177192688,1.5908265213442319,1.1984784192373672,0.7357378426110562
66.65324974060059,1.5908265213442319,1.265791320396248,0.7007501591414934
66.69322896003723,1.5908265213442319,1.2984658633548107,0.6753781753541067
66.7282087802887,1.5908265213442319,1.175288686063451,0.6382167461336781
66.76518702507019,1.5908265213442319,1.1511379369201655,0.636639498880645
66.77018404006958,1.5908265213442319,1.1134076142966585,0.636639498880645
66.77518129348755,1.5908265213442319,0.9030286836107712,0.6112382859923469
66.80918049812317,1.4999999999999993,0.8804239166790797,0.6112382859923469
66.81415891647339,1.4999999999999993,0.8603261479283527,0.6075295627651508
66.81915807723999,1.4999999999999993,0.8398523294504807,0.6067522935201421
66.85215282440186,1.4999999999999993,0.858696599110726,0.6072930318870052
66.88012170791626,1.4091734786557668,0.8668861265018748,0.6013323188541956
66.89013600349426,1.4091734786557668,0.9054938984887189,0.5957954277846029
66.92311668395996,1.4091734786557668,0.8320806350894926,0.6040519742743934
66.96309494972229,1.4091734786557668,0.7985286427675924,0.6025626391633326
66.96907424926758,1.4091734786557668,0.7793918899862347,0.6025626391633326
66.97307181358337,1.4091734786557668,0.669794286175096,0.6026943949566723
67.00607013702393,1.4091734786557668,0.6624822081472845,0.6026943949566723
67.01104879379272,1.4091734786557668,0.6611869257537866,0.6003574159191776
67.01604652404785,1.4091734786557668,0.6298494484917377,0.6047433549305697
67.05002808570862,1.4091734786557668,0.7371907539400089,0.6096718310227273
67.08202338218689,1.4091734786557668,0.7808125222887807,0.6083086307240616
67.08702039718628,1.4091734786557668,0.7984868594645764,0.6079457401942832
67.09300374984741,1.4091734786557668,0.8274426884547095,0.6095526662267033
67.1019983291626,1.4091734786557668,0.8950480727347025,0.5977393878344566
67.13597989082336,1.4091734786557668,0.8878613446159396,0.5997148253775997
67.14197587966919,1.4091734786557668,0.8825130818298832,0.5997148253775997
67.14799165725708,1.4091734786557668,0.9021930175504497,0.5893542333006554
67.17797422409058,1.4091734786557668,0.9007306019448875,0.5893542333006554
67.18295335769653,1.4091734786557668,0.8928335576748513,0.5904449284431306
67.1879506111145,1.4091734786557668,0.7835284369848251,0.5790114035234958
67.21293592453003,1.4091734786557668,0.5022432410806751,0.5759693286363201
67.2938928604126,1.4091734786557668,0.371921118973568,0.5766474437774674
67.32587313652039,1.4091734786557668,0.2902347615771609,0.5797016599834832
67.35285806655884,1.4091734786557668,0.26921776016008014,0.5795262853780141
67.36884903907776,1.4091734786557668,0.2580198349517747,0.5845289584186393
67.37286567687988,1.4091734786557668,0.24406421174440898,0.5879190844458999
67.40584659576416,1.4091734786557668,0.36941412079260416,0.5851344504859833
67.43782901763916,1.4091734786557668,0.627509583522838,0.5847351359996844
67.47179126739502,1.4091734786557668,0.6938614687123494,0.5893686230118734
67.4757890701294,1.4091734786557668,0.7242797133080449,0.5872834639206932
67.48078632354736,1.4091734786557668,0.7513135103594388,0.5872834639206932
67.48678374290466,1.4091734786557668,0.940257606598085,0.5886889339960617
67.51876711845398,1.4091734786557668,0.9643247891353385,0.5856596749454395
67.55674433708191,1.4091734786557668,0.9664975208921739,0.5836743444758341
67.56174159049988,1.4091734786557668,0.9032793834288675,0.586372415329205
67.59372353553772,1.4091734786557668,0.8856468295560879,0.5893171348264216
67.59872078895569,1.4091734786557668,0.8780840517101802,0.5893171348264216
67.60373640060425,1.4091734786557668,0.8714405065306259,0.5850438402731576
67.60871458053589,1.4091734786557668,0.8434456935098623,0.5835794623174906
67.63971590995789,1.4091734786557668,0.8455766419636817,0.5835794623174906
67.64471340179443,1.4091734786557668,0.8473733239933724,0.5835794623174906
67.64971113204956,1.4091734786557668,0.8652565776842481,0.585017758921575
67.68467235565186,1.4091734786557668,0.9832108420985999,0.5903504959632626
67.754634141922,1.4091734786557668,0.9840465081589213,0.5903732047262785
67.7606303691864,1.4091734786557668,0.9879323553394151,0.5847245685555087
67.79461169242859,1.4091734786557668,0.8746996041658791,0.5864538071332817
67.82859206199646,1.4091734786557668,0.849086439417031,0.5864538071332817
67.8336079120636,1.4091734786557668,0.8185428449122877,0.585486773571586
67.83860516548157,1.4091734786557668,0.7897123658312026,0.585486773571586
67.84358382225037,1.4091734786557668,0.646061370061971,0.5893686230118734
67.87756514549255,1.4091734786557668,0.6710060019625618,0.5893686230118734
67.88256216049194,1.4091734786557668,0.7898794990432668,0.5910086004122473
67.91554355621338,1.4091734786557668,0.9188645554538597,0.5884335166219425
67.95252275466919,1.4091734786557668,0.9342825942667877,0.5855054352283218
67.95752000808716,1.4091734786557668,1.0458857966226975,0.5832125246814321
67.98951697349548,1.4091734786557668,1.0445905142291996,0.583193188506983
67.9945125579834,1.4091734786557668,1.0259551610840345,0.583193188506983
68.00051498413086,1.4091734786557668,0.816871512791645,0.5793234803855357
68.03047919273376,1.4091734786557668,0.7889184830738973,0.5779935562940617
68.03547668457031,1.4091734786557668,0.6988336817712612,0.5634003655658918
68.06745862960815,1.4091734786557668,0.6979562324079237,0.5634003655658918
68.07245683670044,1.4091734786557668,0.6972459162566507,0.5620661695288999
68.07745313644409,1.4091734786557668,0.729586192791085,0.557398731791806
68.11443257331848,1.4091734786557668,0.7404080682722459,0.557398731791806
68.11942982673645,1.4091734786557668,0.7775952079565438,0.5214163595343004
68.1554102897644,1.4091734786557668,0.7836120035908571,0.5080417974749031
68.16040635108948,1.4091734786557668,0.8794211174066945,0.47043226365357704
68.19838547706604,1.4091734786557668,0.8899922930697589,0.46585633548626
68.20338296890259,1.4091734786557668,0.9765672969190455,0.4232902206680539
68.23638439178467,1.4091734786557668,1.1671409419753183,0.3880465577262775
68.27134466171265,1.4091734786557668,1.293535433598915,0.3738714555607612
68.30632591247559,1.3183469573115345,1.2899838528425498,0.3724230411909766
68.31132197380066,1.3183469573115345,1.267003036183714,0.3718927578486703
68.320317029953,1.3183469573115345,1.187949026877319,0.36886979429670597
68.352299451828,1.3183469573115345,1.1701911230954911,0.36518748967994913
68.35729646682739,1.3183469573115345,1.1517646864654065,0.36518748967994913
68.36229395866394,1.3183469573115345,1.1284913866854582,0.36435513482168425
68.36729073524475,1.3183469573115345,0.9499095495947961,0.3499889193040542
68.4262580871582,1.3183469573115345,0.9409679227493583,0.34575530887625855
68.43125510215759,1.3183469573115345,0.9333633616004343,0.34575530887625855
68.43625259399414,1.3183469573115345,0.8344205000583922,0.32411891660498277
68.46825289726257,1.3183469573115345,0.8241000242134241,0.3230713905961615
68.47323179244995,1.3183469573115345,0.8071360031889018,0.31917031740104385
68.4822268486023,1.3183469573115345,0.5904060104445723,0.27903381538629823
68.54319286346436,1.227520435967302,0.5681772932400257,0.27903381538629823
68.54820823669434,1.227520435967302,0.4961846621433455,0.2707126276156457
68.57719254493713,1.227520435967302,0.4776328756042127,0.2688997488414182
68.58616828918457,1.227520435967302,0.4712400302427548,0.264732465988768
68.59116578102112,1.227520435967302,0.4613791707309634,0.2561605824679897
68.62314796447754,1.227520435967302,0.46468005166923254,0.2562920010024726
68.6281635761261,1.227520435967302,0.47387237833276685,0.2552083882959875
68.66112804412842,1.227520435967302,0.4663513837898751,0.2552083882959875
68.66612553596497,1.227520435967302,0.4277018285000149,0.2527296481190719
68.69310879707336,1.227520435967302,0.40806367608246435,0.2504947460955297
68.71309804916382,1.227520435967302,0.3287171836549568,0.23901614090871984
68.74907755851746,1.227520435967302,0.2367103504135816,0.22234633498040546
68.78505802154541,1.1366939146230695,0.17604099443425505,0.19352441792850852
68.8190565109253,1.1366939146230695,0.16906318283057226,0.19352441792850852
68.82405424118042,1.1366939146230695,0.1627956873781624,0.18362036192387837
68.82905220985413,1.1366939146230695,0.10480046279186411,0.15576761440643605
68.86301612854004,1.1366939146230695,0.0650645416235863,0.11414717342233642
68.89699506759644,1.1366939146230695,0.057418197171646396,0.11414717342233642
68.90199184417725,1.1366939146230695,0.050774651992092024,0.10214098296407366
68.91298604011536,1.1366939146230695,0.03147076599866997,0.057000458873276136
68.94396901130676,1.1366939146230695,0.02979943387802733,0.057000458873276136
68.94896578788757,1.1366939146230695,0.01851794206368978,0.018430411828150105
68.98194766044617,1.1366939146230695,0.016512343518918657,0.010819266370409666
68.98794412612915,1.1366939146230695,0.008865999066978757,-0.02638746795643182
69.01992654800415,0.9550408719346045,0.008322816127769915,-0.030594997032644858
69.02492356300354,0.9550408719346045,0.007863199794593158,-0.030594997032644858
69.02992105484009,0.9550408719346045,0.007528933370464674,-0.035337643494776465
69.03591775894165,0.9550408719346045,0.004019135917115224,-0.03829315527540651
69.06889915466309,0.682561307901907,0.0019299707663119412,-0.03420467857559846
69.1038806438446,0.682561307901907,0.0013867878271030996,-0.023098407166553793
69.13586258888245,0.5917347865576746,0.0013867878271030996,-0.023098407166553793
69.14085960388184,0.5917347865576746,0.0013032212210710157,-0.01487569898204928
69.14485740661621,0.5917347865576746,0.0010943047059906578,-0.009907313925185644
69.1498544216156,0.5917347865576746,-0.0005770274146519834,0.007730312502156649
69.18383598327637,0.5917347865576746,-0.0005352441116358671,0.011793719626952127
69.18883347511292,0.5917347865576746,-0.0012873435659250668,0.013094864295990246
69.20482540130615,0.5009082652134421,-0.002415492747358792,0.02044958060304156
69.22881197929382,0.5009082652134421,-0.0034182920197443917,0.04023048706453037
69.26779079437256,0.41008174386920965,-0.002540842656406992,0.04763815301207908
69.30576944351196,0.41008174386920965,-0.0020812263232303082,0.04572375932199353
69.31076622009277,0.41008174386920965,-0.001120210353860825,0.04423363727360056
69.34374785423279,0.3192552225249772,-0.001245560262909025,0.04633284881714202
69.34774541854858,0.3192552225249772,-0.0002427609905234254,0.04719330858012956
69.37972807884216,0.3192552225249772,4.972213058901639e-05,0.04719330858012956
69.3837251663208,0.3192552225249772,0.00034220525170145817,0.04586507078293883
69.38872265815735,0.3192552225249772,0.000592905069797858,0.04057482835719183
69.41071081161499,0.3192552225249772,0.0016374876451994995,0.03615662491517808
69.45468640327454,0.3192552225249772,0.0016374876451994995,0.0361480810241424
69.46068286895752,0.3192552225249772,0.002347803796472583,0.03327890751082022
69.4946641921997,0.3192552225249772,0.0025985036145689828,0.02926800034804659
69.50066113471985,0.3192552225249772,0.002431370402504741,0.025465743997933638
69.50565838813782,0.3192552225249772,0.002849203432665383,0.02391817552428764
69.53764057159424,0.3192552225249772,0.002640286917585025,0.02391817552428764
69.54263806343079,0.3192552225249772,0.0025985036145689828,0.02480775196856781
69.54663562774658,0.3192552225249772,0.002974553341713583,0.02480775196856781
69.55263233184814,0.3192552225249772,0.002473153705520783,0.025205492580202236
69.58961176872253,0.3192552225249772,0.0030999032507617826,0.021059906713997836
69.61559772491455,0.3192552225249772,0.0030581199477457406,0.021778492917945622
69.62059473991394,0.3192552225249772,0.0030999032507617826,0.0195422418589767
69.62959051132202,0.3192552225249772,0.003684869492986666,0.014867272007417151
69.66157221794128,0.41008174386920965,0.0035595195839384663,0.016265772066414406
69.66756844520569,0.41008174386920965,0.004228052432195508,0.007397550430240904
69.73353266716003,0.41008174386920965,0.004060919220131266,-0.0010154841690451478
69.76951289176941,0.41008174386920965,0.004060919220131266,-0.0003158968806898495
69.77550911903381,0.41008174386920965,0.004144485826163424,-0.0017100125745503755
69.81049036979675,0.5009082652134421,0.003977352614099108,-0.0029742836085924268
69.81848692893982,0.5009082652134421,0.003977352614099108,-0.00012377175200606284
69.82348346710205,0.5009082652134421,0.003684869492986666,-0.00956724457804202
69.85446667671204,0.5009082652134421,0.0035177362809224243,-0.01638279639289471
69.86445999145508,0.5009082652134421,0.0032670364628260245,-0.019782365668142055
69.89344382286072,0.5009082652134421,0.0031416865537778247,-0.019782365668142055
69.89844059944153,0.5009082652134421,0.0031416865537778247,-0.021742851401972692
69.90343856811523,0.5009082652134421,0.002473153705520783,-0.026669079101752407
69.93643832206726,0.5009082652134421,0.002347803796472583,-0.027634763628021412
69.94143557548523,0.5009082652134421,0.002097103978376183,-0.038010082675040344
69.97341918945312,0.41008174386920965,0.002473153705520783,-0.04445240135517673
70.00638103485107,0.41008174386920965,0.0025985036145689828,-0.04445240135517673
70.01137781143188,0.41008174386920965,0.002514937008536899,-0.04674351318816419
70.01737451553345,0.5009082652134421,0.002347803796472583,-0.05053778774533592
70.05335736274719,0.5009082652134421,0.002514937008536899,-0.05044223106927904
70.08533644676208,0.5009082652134421,0.0023895870994886993,-0.05697605931919225
70.0913336277008,0.5009082652134421,0.002264237190440499,-0.05697605931919225
70.09733009338379,0.5009082652134421,0.0013867878271030996,-0.059848830260318925
70.12831330299377,0.5009082652134421,0.0014285711301191416,-0.057348842775433
70.13331031799316,0.5009082652134421,0.0013450045240870577,-0.057348842775433
70.13830733299255,0.5009082652134421,0.0015957043421834577,-0.059985644936508604
70.17128872871399,0.5009082652134421,0.0018881874632958994,-0.059985644936508604
70.17628598213196,0.5009082652134421,0.0010943047059906578,-0.06283964180128057
70.20826840400696,0.5009082652134421,0.0010107380999584998,-0.06454313628632763
70.21826267242432,0.5009082652134421,0.00034220525170145817,-0.0652218135255693
70.25824046134949,0.5009082652134421,-0.0005352441116358671,-0.0689316609489543
70.29122161865234,0.5009082652134421,-0.0013709101719571507,-0.07422415176707912
70.32220458984375,0.5009082652134421,-0.001036643747828667,-0.07485268985629565
70.32820129394531,0.5009082652134421,-0.000994860444812625,-0.07485268985629565
70.33319807052612,0.5009082652134421,-0.000702377323700109,-0.07670120564971139
70.34918928146362,0.5917347865576746,-7.562777845918355e-05,-0.0783794057205081
70.37017774581909,0.5917347865576746,-0.00020097768750738349,-0.0783794057205081
70.37417650222778,0.5917347865576746,0.00034220525170145817,-0.07584344395757722
70.4081563949585,0.5917347865576746,0.0009689547969424578,-0.07702340027745143
70.44413566589355,0.5917347865576746,0.0009689547969424578,-0.07601612049219296
70.44913339614868,0.5917347865576746,0.000801821584878216,-0.0778740795335955
70.45612907409668,0.5917347865576746,0.0007600382818621,-0.07401403949937285
70.46712350845337,0.5917347865576746,0.00025863864566937436,-0.07453791492340238
70.49110984802246,0.5917347865576746,0.00013328873662117442,-0.07469440303289789
70.49610662460327,0.5917347865576746,-0.00015919438449126736,-0.07599835819240827
70.53110599517822,0.5917347865576746,-3.3844475443067426e-05,-0.07711389807065826
70.56207013130188,0.5917347865576746,-0.00020097768750738349,-0.07692615730711119
70.56606793403625,0.5917347865576746,-0.0002427609905234254,-0.07692615730711119
70.57206463813782,0.5917347865576746,-0.00028454429353946733,-0.07383540472495592
70.6060471534729,0.5917347865576746,-0.0002427609905234254,-0.07383540472495592
70.61104273796082,0.5917347865576746,0.000592905069797858,-0.07599521044307934
70.64402389526367,0.5917347865576746,0.0006346883728139741,-0.07548932215807229
70.67800617218018,0.5917347865576746,0.000592905069797858,-0.07548932215807229
70.68300294876099,0.5917347865576746,0.000592905069797858,-0.07828879550768239
70.68799996376038,0.5917347865576746,0.0010943047059906578,-0.07758853370161375
70.72298049926758,0.5917347865576746,0.0010107380999584998,-0.07941996171295815
70.72897696495056,0.5917347865576746,0.0008853881909102998,-0.07856534777015291
70.75196528434753,0.5917347865576746,0.0006346883728139741,-0.0772358733571544
70.78794431686401,0.5917347865576746,0.0011778713120228158,-0.0755975822510638
70.81093144416809,0.5917347865576746,0.0004257718577336162,-0.07630515133236032
70.8389163017273,0.5917347865576746,0.0006346883728139741,-0.07681812205335746
70.87589454650879,0.5917347865576746,0.0005093384637657743,-0.07681812205335746
70.88089203834534,0.5917347865576746,0.00017507203963721633,-0.07496117478852493
70.91487264633179,0.5917347865576746,-0.00011741108147522546,-0.07629705711980021
70.92186951637268,0.5917347865576746,-3.3844475443067426e-05,-0.07629705711980021
70.92586708068848,0.5917347865576746,0.0006346883728139741,-0.07713042375463515
70.95884943008423,0.682561307901907,0.0006764716758300161,-0.07632639864033061
70.96384692192078,0.682561307901907,0.0009689547969424578,-0.07632639864033061
70.96984243392944,0.682561307901907,0.0013867878271030996,-0.07969111783372192
71.00382351875305,0.682561307901907,0.0018464041602798574,-0.07687410702356491
71.03680467605591,0.682561307901907,0.0019299707663119412,-0.07753131211559851
71.04082083702087,0.682561307901907,0.002180670584408341,-0.07753131211559851
71.04679918289185,0.682561307901907,0.0020553206753601413,-0.07506718648913864
71.0518147945404,0.682561307901907,0.0016792709482155413,-0.07291727369747758
71.0837790966034,0.682561307901907,0.001971754069327983,-0.07508596056549334
71.08777785301208,0.682561307901907,0.0020135373723440993,-0.07508596056549334
71.09179258346558,0.682561307901907,0.0014703544331352576,-0.0755564366705499
71.14976048469543,0.5917347865576746,0.0015539210391673415,-0.07721417637070854
71.1557388305664,0.5917347865576746,0.0020553206753601413,-0.072620261064369
71.18272376060486,0.5917347865576746,0.002306020493456541,-0.07378841332425971
71.19871497154236,0.5917347865576746,0.0023895870994886993,-0.07495948849424158
71.20371079444885,0.5917347865576746,0.002473153705520783,-0.07509843914319018
71.2366931438446,0.5917347865576746,0.002180670584408341,-0.07494150135521911
71.2406919002533,0.5917347865576746,0.002222453887424383,-0.07584704138538172
71.27667093276978,0.5917347865576746,0.002347803796472583,-0.07267186166943972
71.28166818618774,0.5917347865576746,0.002514937008536899,-0.07086336726034898
71.28766536712646,0.5917347865576746,0.0029327700386975407,-0.07045191145520992
71.3186469078064,0.5917347865576746,0.004186269129179466,-0.07045191145520992
71.3236448764801,0.5917347865576746,0.020774240426557306,-0.056516937595643635
71.36062407493591,0.5917347865576746,0.03364349775550534,-0.055700883582117826
71.39660358428955,0.682561307901907,0.035398396482180065,-0.055700883582117826
71.40459942817688,0.682561307901907,0.03849036090536887,-0.0515261810346208
71.41559362411499,0.682561307901907,0.05867169626212832,-0.044503439862152994
71.45159125328064,0.682561307901907,0.0598834120495942,-0.03947502272880186
71.47357416152954,0.682561307901907,0.05758533038371064,-0.039275365485652414
71.51054000854492,0.682561307901907,0.05754354708069452,-0.039275365485652414
71.51553702354431,0.682561307901907,0.05119248502225266,-0.03533044863916747
71.55151653289795,0.682561307901907,0.04830943711414421,-0.03552920652536579
71.55651426315308,0.682561307901907,0.04049595945014,-0.03205307948965405
71.5914945602417,0.7733878292461396,0.03936781026870627,-0.034240877692881186
71.59649157524109,0.7733878292461396,0.03548196308821222,-0.02949530832065843
71.62849307060242,0.7733878292461396,0.034896996845987266,-0.026863677462051785
71.63348937034607,0.7733878292461396,0.03468808033090698,-0.026863677462051785
71.63846826553345,0.7733878292461396,0.03431203060376238,-0.025399974024098066
71.64346528053284,0.7733878292461396,0.03264069848311981,-0.02180175928227129
71.67546606063843,0.7733878292461396,0.032557131877087656,-0.02180175928227129
71.6804449558258,0.7733878292461396,0.03218108214994306,-0.022797122587927373
71.6854419708252,0.7733878292461396,0.02098315694163759,-0.012155593883375844
71.72042274475098,0.864214350590372,0.020899590335605508,-0.004345690539437081
71.75540351867676,0.864214350590372,0.024785437516099556,0.0013599423781101554
71.79638266563416,0.864214350590372,0.06564950786581118,0.01411754556903671
71.83136200904846,0.864214350590372,0.08466091073812078,0.02021215036794492
71.84135508537292,0.9550408719346045,0.12548319778481637,0.02623514386961991
71.86734080314636,0.9550408719346045,0.12974509469245502,0.02911724563911449
71.87233805656433,0.9550408719346045,0.13601259014486478,0.02911724563911449
71.87833428382874,0.9550408719346045,0.23236488689991072,0.0354097089672699
71.91031646728516,0.9550408719346045,0.2508748901360276,0.0354097089672699
71.91633200645447,0.9550408719346045,0.2672957282213412,0.04014594751112475
71.92231059074402,0.9550408719346045,0.3221989883844507,0.056867803722985395
71.95728969573975,0.9550408719346045,0.3453887215583668,0.06400757371871817
71.99027109146118,0.9550408719346045,0.3488567357087001,0.06400757371871817
71.99426913261414,0.9550408719346045,0.3517815669198247,0.06409323746831269
71.99926710128784,0.9550408719346045,0.3141765942053662,0.07920659377308871
72.03324818611145,1.045867393278837,0.30903724793439014,0.08253747466119399
72.03724551200867,1.045867393278837,0.2980482392411651,0.08253747466119399
72.04224252700806,1.045867393278837,0.22455140923590663,0.0961693652282316
72.10122799873352,1.1366939146230695,0.22108339508557318,0.0961693652282316
72.10722064971924,1.1366939146230695,0.2182839137834968,0.10010641270139421
72.1122043132782,1.1366939146230695,0.25208660592349347,0.1188546325437553
72.14818382263184,1.1366939146230695,0.29884212199847027,0.1188546325437553
72.15418124198914,1.1366939146230695,0.459874971822385,0.12708745849395997
72.18516302108765,1.227520435967302,0.4792206411188232,0.13167451620354717
72.18916034698486,1.227520435967302,0.6725102008711402,0.15242481703872837
72.22314143180847,1.227520435967302,0.705142960526687,0.15675106123248975
72.22813868522644,1.227520435967302,0.7293772762760048,0.15675106123248975
72.23413729667664,1.227520435967302,0.8705212738642726,0.1769883913466738
72.2691159248352,1.227520435967302,0.8772483856498591,0.17829852958522313
72.27611422538757,1.227520435967302,0.9126806266074822,0.19338018355747205
72.31009268760681,1.227520435967302,0.8752427871050878,0.2073650717278257
72.3500714302063,1.227520435967302,0.8056735875833396,0.22451794475851236
72.3820526599884,1.227520435967302,0.8002835414942672,0.2292637389699729
72.3870496749878,1.227520435967302,0.709028807707181,0.23116610376083718
72.4210307598114,1.227520435967302,0.6928586694399638,0.22906633011920127
72.42602825164795,1.227520435967302,0.6042362837428898,0.25840796306922875
72.45702409744263,1.3183469573115345,0.6074118147721108,0.25840796306922875
72.46202611923218,1.3183469573115345,0.612718294255151,0.26915955058067403
72.46802353858948,1.3183469573115345,0.6476073522735654,0.27492206782537987
72.47801780700684,1.3183469573115345,0.6864240407754898,0.30831766465221605
72.50598359107971,1.3183469573115345,0.7157559194927675,0.3859937754853378
72.54396152496338,1.3183469573115345,1.035899587201858,0.42830750825913483
72.57995533943176,1.4091734786557668,1.0747998423098144,0.4459699794222519
72.58495283126831,1.4091734786557668,1.1029617885426424,0.4640670648319995
72.5909492969513,1.4091734786557668,1.2610280238524165,0.5399186052505291
72.62293100357056,1.4091734786557668,1.2847191566625253,0.5399186052505291
72.62792897224426,1.4091734786557668,1.30824315626057,0.5555228980309999
72.63292527198792,1.4091734786557668,1.482145263413433,0.591633878332516
72.66591215133667,1.4999999999999993,1.4960173200147666,0.5983111540161334
72.67189049720764,1.4999999999999993,1.6527047063250104,0.6482005076481016
72.70487236976624,1.6816530426884644,1.8814682903379667,0.6810845952089862
72.74384999275208,1.6816530426884644,2.192921031019716,0.7161727818178371
72.76683735847473,1.7724795640326967,2.3291345988520873,0.7274597115544387
72.78382802009583,1.7724795640326967,2.431963307574624,0.735919737554421
72.82380628585815,1.7724795640326967,2.432673623725897,0.7322978022730083
72.82880401611328,1.7724795640326967,2.356920495357771,0.7300316475954145
72.86178398132324,1.8633060853769292,2.340123607545313,0.731586860603145
72.86778163909912,1.8633060853769292,1.9865950807263864,0.734567104699931
72.90076327323914,1.8633060853769292,1.9275134902616704,0.7350116118730239
72.9077582359314,1.8633060853769292,1.6862149153438946,0.7598574718440032
72.94074058532715,1.9541326067211617,1.6198212468513673,0.7594415192541085
72.9507348537445,1.9541326067211617,1.4973961690142967,0.758222890585336
72.96472668647766,1.9541326067211617,1.311502253895823,0.7563670675166924
72.98771405220032,1.9541326067211617,1.254259128763814,0.7563670675166924
72.99371075630188,1.9541326067211617,1.0772232738847463,0.7473262817655221
73.03168940544128,1.9541326067211617,0.9986288809115279,0.7594010481913079
73.05667519569397,1.9541326067211617,0.9875980889152869,0.7594010481913079
73.06168627738953,1.9541326067211617,0.955675645411013,0.7582955136591393
73.0676691532135,1.9541326067211617,0.9295610810259723,0.7352247594704402
73.09865212440491,1.9541326067211617,0.9748123981923708,0.7352247594704402
73.10466814041138,1.9541326067211617,1.2505821980984002,0.7278815099645157
73.14263200759888,1.9541326067211617,1.3880074817182382,0.7121902043990238
73.17562675476074,1.9541326067211617,1.3918933288987325,0.7121902043990238
73.18060731887817,1.9541326067211617,1.3997068065627365,0.7050477363324377
73.18660378456116,1.9541326067211617,1.4032166040160858,0.7050477363324377
73.19160151481628,1.9541326067211617,1.4456266565773919,0.6850174831562499
73.2245819568634,1.9541326067211617,1.2520863970069787,0.6808462656169384
73.25758218765259,1.9541326067211617,1.2157349233830022,0.6739686581724582
73.27455520629883,1.9541326067211617,1.2598163080649507,0.6773711503577967
73.29854035377502,1.9541326067211617,1.264579604608782,0.6747513235591736
73.30453753471375,1.9541326067211617,1.2433119033736049,0.6846345819343089
73.34151649475098,2.0449591280653943,1.2314454453170425,0.6846345819343089
73.34751319885254,2.0449591280653943,1.089841831395598,0.6682215424155404
73.40748023986816,2.0449591280653943,1.0759279914912483,0.6682215424155404
73.41347599029541,2.0449591280653943,1.065273249222152,0.6607377683860028
73.41747379302979,2.0449591280653943,1.1187140937796989,0.6351004742980347
73.4514548778534,2.0449591280653943,1.1312908679875346,0.6308921582844894
73.45645141601562,2.0449591280653943,1.13994001171186,0.6257640249491825
73.46144914627075,2.0449591280653943,1.192419840300038,0.5989236160998487
73.49243187904358,2.0449591280653943,1.212642958959813,0.5938168424921308
73.4974308013916,2.0449591280653943,1.2225456017746206,0.5532643878874905
73.53740620613098,2.0449591280653943,1.2147321241106166,0.5355232229911502
73.54240369796753,2.0449591280653943,1.2090913782034478,0.5250787658785137
73.54840064048767,2.0449591280653943,1.1945925720568733,0.5250787658785137
73.55339741706848,2.0449591280653943,1.2255539995917775,0.4496836491126792
73.61136507987976,1.9541326067211617,1.21957898726048,0.4496836491126792
73.61636257171631,1.9541326067211617,1.2190358043212712,0.39553314224628733
73.65034413337708,1.9541326067211617,1.227392464924484,0.3874733300895551
73.65434098243713,1.9541326067211617,1.2342449266191189,0.37533088705319706
73.66033840179443,1.9541326067211617,1.2448996688882155,0.37533088705319706
73.66533541679382,1.9541326067211617,1.2059994137802588,0.34467327004443793
73.69931602478027,1.9541326067211617,1.1916259575427324,0.34467327004443793
73.70431280136108,1.9541326067211617,1.14248879319584,0.31749312910681715
73.76527905464172,1.7724795640326967,1.1354691982891412,0.3184576894368973
73.77127599716187,1.7724795640326967,1.125900821898462,0.3184576894368973
73.77527356147766,1.7724795640326967,1.0623484180110274,0.3116302211424422
73.81025505065918,1.7724795640326967,1.0508997929846255,0.3116302211424422
73.81525135040283,1.7724795640326967,0.9544639296235473,0.3185161476387203
73.85123133659363,1.6816530426884644,0.9487396171103464,0.3185161476387203
73.85722923278809,1.6816530426884644,0.777135591623367,0.3183732623031105
73.89220905303955,1.6816530426884644,0.7627203520828246,0.33286358907999564
73.93118667602539,1.6816530426884644,0.7663554994452223,0.33605518206029567
73.93618392944336,1.6816530426884644,0.7673165154145918,0.33605518206029567
73.94018125534058,1.6816530426884644,0.7837791368029214,0.33822735393649705
73.972163438797,1.7724795640326967,0.7896705825281866,0.33692002618841993
73.97716093063354,1.7724795640326967,0.8096430013698658,0.35235231695198815
74.00814318656921,1.7724795640326967,0.8252699566978742,0.35235231695198815
74.01314043998718,1.7724795640326967,0.8331252176648942,0.3529589332155211
74.01913714408875,1.7724795640326967,0.7825256377124394,0.3462249980439828
74.04412293434143,1.7724795640326967,0.714794903523398,0.3348416122743732
74.07110786437988,1.7724795640326967,0.671047785265578,0.337373526931024
74.09209752082825,1.7724795640326967,0.5799601846905561,0.3320272995350696
74.12508249282837,1.7724795640326967,0.5723556235416322,0.3320272995350696
74.13107466697693,1.7724795640326967,0.5538456203055154,0.32529954744257034
74.13608837127686,1.7724795640326967,0.5213799938620328,0.3205939994546726
74.17005348205566,1.7724795640326967,0.5248897913153823,0.3212813330045688
74.17505025863647,1.7724795640326967,0.5273967894963462,0.3212813330045688
74.17905163764954,1.7724795640326967,0.5293188214350852,0.3216251121991358
74.18404507637024,1.7724795640326967,0.5317004697070009,0.3101168282329389
74.23301768302917,1.7724795640326967,0.5019507579595626,0.3106384552645906
74.25200819969177,1.7724795640326967,0.45778580667158186,0.30559272550993033
74.29498267173767,1.7724795640326967,0.49605931223429733,0.29652608324641516
74.36094760894775,1.7724795640326967,0.5152796316216873,0.29413233230138075
74.36494517326355,1.7724795640326967,0.5355863168874949,0.29791367860238005
74.37094068527222,1.7724795640326967,0.6304761980369787,0.29713955710670037
74.40392422676086,1.7724795640326967,0.6347798782476334,0.29713955710670037
74.40891981124878,1.7724795640326967,0.7105747899187754,0.2991418629387583
74.44290089607239,1.6816530426884644,0.726327095155832,0.2991418629387583
74.44889855384827,1.6816530426884644,0.698039799013956,0.29527226723692995
74.47987961769104,1.6816530426884644,0.6868000905026344,0.29685727144366647
74.48587727546692,1.6816530426884644,0.6013532358347814,0.2956268387149104
74.52585411071777,1.6816530426884644,0.5936233247768092,0.2934605126588914
74.53085064888,1.6816530426884644,0.5045831060495746,0.29494119145929754
74.56283378601074,1.6816530426884644,0.4912124490844338,0.29494119145929754
74.5678300857544,1.6816530426884644,0.4221864325018944,0.2851806953079905
74.60181093215942,1.6816530426884644,0.41963765101791445,0.2851806953079905
74.60782170295715,1.6816530426884644,0.3924785040574721,0.2873762504649211
74.63780474662781,1.6816530426884644,0.38658705833220697,0.2912755249461365
74.64280295372009,1.6816530426884644,0.4452925990697783,0.28640393318113755
74.6767840385437,1.6816530426884644,0.461755220458108,0.28513910004900106
74.6817672252655,1.6816530426884644,0.5770353534794315,0.2840713385087795
74.71874618530273,1.6816530426884644,0.585057747658516,0.2840713385087795
74.72274446487427,1.6816530426884644,0.591534159626006,0.2845934152189068
74.72774171829224,1.6816530426884644,0.6322728800666695,0.27735426628007487
74.76172232627869,1.6816530426884644,0.6504904001816738,0.2743714365320544
74.76671886444092,1.6816530426884644,0.6557550963616982,0.2743714365320544
74.77271580696106,1.6816530426884644,0.6508664499088185,0.26777780104489146
74.80669713020325,1.6816530426884644,0.6270081838866453,0.28353138707924863
74.84467577934265,1.6816530426884644,0.6228298535850388,0.2847818305001672
74.84867405891418,1.6816530426884644,0.6263814343414044,0.2869111705015713
74.86766719818115,1.6816530426884644,1.0328076227786693,0.44752923953626256
74.95161557197571,1.6816530426884644,1.0479331784704846,0.47044620368631945
74.95561337471008,1.6816530426884644,1.064145100040718,0.47044620368631945
74.96061086654663,1.6816530426884644,1.0773904070968108,0.4876531505536924
74.9666075706482,1.6816530426884644,1.103463188178835,0.4876531505536924
74.97160506248474,1.6816530426884644,1.2364594416789703,0.5322138142502529
75.0045862197876,1.6816530426884644,1.267295519304826,0.5591999189256688
75.03656792640686,1.7724795640326967,1.1506783205869888,0.5959919372784234
75.07054924964905,1.7724795640326967,1.132795066896113,0.5956299461055962
75.07654595375061,1.7724795640326967,1.1208868255365343,0.6001721483872461
75.08254313468933,1.7724795640326967,1.1376001467429602,0.6242250003665721
75.11852264404297,1.7724795640326967,1.1120705486001445,0.6252878154435625
75.12351989746094,1.7724795640326967,1.0870423500935216,0.631263143026828
75.15450239181519,1.8633060853769292,1.1073908186623453,0.631263143026828
75.15949940681458,1.8633060853769292,1.1813890483037965,0.6546248391892155
75.19248127937317,1.8633060853769292,1.1981859361162548,0.6546248391892155
75.19847798347473,1.8633060853769292,1.2154006569588736,0.6549339931411643
75.20247507095337,1.8633060853769292,1.2487019494626772,0.6542399144141345
75.21346950531006,1.8633060853769292,1.2748165138477179,0.6614705194619308
75.23945498466492,1.8633060853769292,1.28233750839061,0.6612861512869505
75.24345231056213,1.8633060853769292,1.3516977913972779,0.6707775148706338
75.3064181804657,1.8633060853769292,1.35942770245525,0.6707775148706338
75.3104157447815,1.8633060853769292,1.3768513398129487,0.6750672226882557
75.31541204452515,1.8633060853769292,1.4790115156872279,0.6759461192687413
75.34439587593079,1.8633060853769292,1.5943334320115676,0.6765133886656626
75.36038732528687,1.8633060853769292,1.7191401581205539,0.6741397608324095
75.3933687210083,1.8633060853769292,1.7704082709212658,0.6740125018238255
75.39936518669128,1.8633060853769292,2.0056900502047283,0.6847184469700013
75.43334674835205,1.8633060853769292,2.0458855877061826,0.689687843803435
75.43934392929077,1.8633060853769292,1.9751464556999845,0.7045245354261215
75.47332501411438,1.8633060853769292,1.915647032205108,0.7096445745488684
75.4833197593689,1.8633060853769292,1.9204521120519555,0.7141874513482317
75.51630139350891,1.8633060853769292,1.915020282659867,0.7149748383589404
75.52029848098755,1.8633060853769292,1.822470266479283,0.7177507035885835
75.55229830741882,1.8633060853769292,1.8010354320320414,0.719143807505874
75.55729603767395,1.8633060853769292,1.8643371361013799,0.7323454681914179
75.59025883674622,1.9541326067211617,1.8818861233681274,0.7323454681914179
75.59525609016418,1.9541326067211617,1.9088781371165053,0.736804255115851
75.6282377243042,1.9541326067211617,1.8819696899741596,0.736804255115851
75.63423418998718,1.9541326067211617,1.6325651542712671,0.7484360882432086
75.66621732711792,1.9541326067211617,1.579876409168009,0.7447581679915884
75.67521238327026,1.9541326067211617,1.5255581152471245,0.7405046592912493
75.68022775650024,1.9541326067211617,1.1982277194192708,0.7346750275340659
75.71319031715393,1.9541326067211617,1.1607063133108444,0.7326548469826044
75.71818947792053,1.9541326067211617,0.9697566185274271,0.7374747257229137
75.7441725730896,1.9541326067211617,0.9405918730222137,0.7371664711279161
75.75716495513916,1.9541326067211617,0.9280150988143779,0.7370646189532013
75.79014730453491,1.9541326067211617,0.9335722781155148,0.736670925447847
75.79516243934631,1.9541326067211617,0.9496170664736837,0.736670925447847
75.80114150047302,1.9541326067211617,1.314009252076787,0.7451534353716074
75.86610531806946,1.9541326067211617,1.4583287806942757,0.7417520673824577
75.91107940673828,1.9541326067211617,1.656339853687408,0.7341583469656453
75.94506120681763,1.9541326067211617,1.6705461767128702,0.7341583469656453
75.95005822181702,1.9541326067211617,1.717301692787847,0.7375943401974132
75.95505475997925,1.9541326067211617,2.048935768826355,0.7242611485577675
75.98705530166626,1.9541326067211617,2.1492574793679275,0.7194482398338293
75.99703097343445,1.9541326067211617,2.448384145659938,0.7183955425225391
76.0230360031128,1.9541326067211617,2.491086681342356,0.7183955425225391
76.0280327796936,1.9541326067211617,2.494262212371577,0.7157255765738908
76.03501057624817,1.9541326067211617,2.441657033874351,0.7182406282877081
76.06699299812317,1.9541326067211617,2.418676217215515,0.7169185735695563
76.07698702812195,1.9541326067211617,2.363187990810181,0.7158912830921353
76.08198428153992,1.9541326067211617,1.9330288862597909,0.7285812096724898
76.12795758247375,1.9541326067211617,1.7499762357464101,0.7327090332389096
76.1469612121582,1.9541326067211617,1.7187223250903931,0.7353913653456359
76.15294432640076,1.9541326067211617,1.6686659280771472,0.7329345469944039
76.18392872810364,1.9541326067211617,1.681326268891015,0.7329345469944039
76.18893814086914,1.9541326067211617,1.6958250750375894,0.7335022660698006
76.19293522834778,1.9541326067211617,1.848208781137179,0.7390870478970406
76.22490406036377,1.9541326067211617,1.8681811999788578,0.7420086089527658
76.2299017906189,2.0449591280653943,2.0415401241925117,0.7417167676221261
76.27187728881836,2.0449591280653943,1.9956202741778566,0.7376471774182917
76.29986262321472,2.0449591280653943,1.9879739297259167,0.7438756739832985
76.30585861206055,2.0449591280653943,1.9190314797494092,0.7339350816025288
76.33885908126831,2.0449591280653943,1.9064129222385577,0.732327930730871
76.34385657310486,2.0449591280653943,1.7650600081352095,0.7362578957680435
76.37781882286072,2.0449591280653943,1.757037613956125,0.7321651471227175
76.3838152885437,2.0449591280653943,1.755825898168659,0.7331034012619773
76.38981318473816,2.0449591280653943,1.7407421257798597,0.7292307702304389
76.4247932434082,2.0449591280653943,1.724404854300578,0.7267078491432993
76.4308078289032,2.0449591280653943,1.6410471647835283,0.709614221251768
76.50075006484985,2.0449591280653943,1.629891022878239,0.709614221251768
76.50474715232849,2.0449591280653943,1.618275264639773,0.7080345007671193
76.50974464416504,2.0449591280653943,1.4595404964817418,0.7063376390395868
76.54274439811707,2.0449591280653943,1.444958123729135,0.7043478117852258
76.54772353172302,2.0449591280653943,1.4381474453375165,0.7043478117852258
76.55272006988525,2.0449591280653943,1.3963641423214515,0.7008607800464817
76.6107063293457,2.0449591280653943,1.3952359931400176,0.7008607800464817
76.61668467521667,2.0449591280653943,1.3907651797172986,0.6996695817647184
76.62170100212097,2.0449591280653943,1.5164493551896223,0.6970825814948112
76.65766167640686,2.0449591280653943,1.7613830774697956,0.6916704762021869
76.68864488601685,2.0449591280653943,1.783361094856246,0.688588604769924
76.69863891601562,2.0449591280653943,1.8054644621517444,0.688588604769924
76.70463562011719,2.0449591280653943,1.8377211720801465,0.6744217092365867
76.73461937904358,1.9541326067211617,1.8238491154788128,0.6761365581031418
76.7396354675293,1.9541326067211617,1.802706764152684,0.6745626834386754
76.74463200569153,1.9541326067211617,1.7960214356701136,0.6745626834386754
76.74961066246033,1.9541326067211617,1.6165203659130982,0.6711039814438916
76.7825939655304,1.9541326067211617,1.5834697732273906,0.6668376569069989
76.78758955001831,1.9541326067211617,1.3932303945952464,0.6622624032573952
76.81957221031189,1.9541326067211617,1.3249982607700121,0.6493395432266996
76.8585684299469,1.9541326067211617,1.4214341241310902,0.6424187666485656
76.89652967453003,1.9541326067211617,1.4406962268214965,0.6419432316606589
76.91052007675171,1.9541326067211617,1.353828739851097,0.6276243448025817
76.93850564956665,1.9541326067211617,1.1629208283706958,0.6046572415024997
76.97248697280884,1.9541326067211617,1.1382686795912176,0.5980883383314926
76.97748327255249,1.9541326067211617,1.1117780654790324,0.597687674809767
76.98248100280762,1.9541326067211617,0.9281404487234262,0.5762036111220878
77.01546335220337,1.8633060853769292,0.8903265594938873,0.5762036111220878
77.02045917510986,1.8633060853769292,0.8160776300343396,0.5497991655548112
77.03844904899597,1.8633060853769292,0.7445863985738523,0.515630796267722
77.05943751335144,1.8633060853769292,0.731466441426808,0.515630796267722
77.06643319129944,1.8633060853769292,0.7239872301869323,0.5076474294518353
77.07143092155457,1.8633060853769292,0.6996275645285663,0.48977473360139306
77.10341310501099,1.8633060853769292,0.6865076073815218,0.4874899172670635
77.10841012001038,1.8633060853769292,0.6636521406317344,0.4874899172670635
77.11340689659119,1.8633060853769292,0.6063672321967091,0.4454699369574272
77.14738988876343,1.8633060853769292,0.6000997367442994,0.4358677276295179
77.16339778900146,1.8633060853769292,0.5854755806886766,0.4342156089103038
77.18436932563782,1.8633060853769292,0.5810047672659576,0.42772315108014225
77.18938326835632,1.8633060853769292,0.5134829495919965,0.4008517144159947
77.22534418106079,1.8633060853769292,0.5239287753460128,0.4008517144159947
77.23334002494812,1.8633060853769292,0.5425223451881618,0.3963730292190179
77.24533414840698,1.7724795640326967,0.496477145264458,0.35988746674735866
77.29830384254456,1.7724795640326967,0.49338518084126914,0.35988746674735866
77.30330085754395,1.7724795640326967,0.49217346505380327,0.3567677099035297
77.30829811096191,1.7724795640326967,0.4785521082705662,0.3362916005188223
77.34227991104126,1.7724795640326967,0.39937274905512277,0.320312388309352
77.36326766014099,1.7724795640326967,0.27623735506677904,0.2803485628292221
77.4132399559021,1.7724795640326967,0.23378551920245702,0.25706218781149115
77.44622159004211,1.6816530426884644,0.22338147675145673,0.25122288796708314
77.45621705055237,1.6816530426884644,0.19150081655019915,0.2261484789108995
77.49119663238525,1.6816530426884644,0.18640325358223922,0.22251384021255224
77.49519348144531,1.6816530426884644,0.16780968374009028,0.2104482921955153
77.52817511558533,1.6816530426884644,0.1645088028018211,0.2104482921955153
77.53317308425903,1.6816530426884644,0.14386785111188496,0.1983650942983126
77.56615543365479,1.5908265213442319,0.1424472188093388,0.1983650942983126
77.57015180587769,1.5908265213442319,0.14136085293092113,0.1946988656870571
77.57514905929565,1.5908265213442319,0.13931347108313397,0.1946988656870571
77.58114576339722,1.5908265213442319,0.13851958832582864,0.19568253735234858
77.58614325523376,1.5908265213442319,0.12920191175324616,0.19015205420103268
77.62312173843384,1.5908265213442319,0.1312075102980173,0.18263545364277908
77.65410542488098,1.5908265213442319,0.13521870738755948,0.18263545364277908
77.65910243988037,1.5908265213442319,0.17449501222266067,0.19529266611403648
77.6920838356018,1.4999999999999993,0.29236571003098016,0.19359827761811954
77.72506546974182,1.4999999999999993,0.30828514848010097,0.19359827761811954
77.73006248474121,1.4999999999999993,0.33410722974402923,0.1927238778223896
77.73506021499634,1.4999999999999993,0.47466626109007215,0.1992176846879778
77.76604175567627,1.4999999999999993,0.49438798011365476,0.1992176846879778
77.7700400352478,1.4999999999999993,0.6590559772999672,0.22458505927098996
77.80402112007141,1.4999999999999993,0.6988754650742772,0.22470422406701385
77.81301593780518,1.4999999999999993,0.7172601184013457,0.22470422406701385
77.81702780723572,1.4999999999999993,0.7826092043184716,0.24996232678046448
77.84999752044678,1.4999999999999993,0.8088073353095443,0.2603582186177404
77.85599207878113,1.4999999999999993,0.9365806759326712,0.2894084599156038
77.88897395133972,1.5908265213442319,0.9410932726584065,0.2959250879638268
77.89497017860413,1.5908265213442319,0.9295610810259723,0.33731675502348435
77.9359667301178,1.5908265213442319,0.9436420541423864,0.35415215505042436
77.945960521698,1.5908265213442319,0.936455326023623,0.35919653576965793
77.97492599487305,1.5908265213442319,0.920828370695615,0.3616888787204593
77.98092222213745,1.6816530426884644,0.7592941212355072,0.38832637015769583
78.049884557724,1.6816530426884644,0.7147113369173658,0.3898667437757328
78.08286643028259,1.6816530426884644,0.7123714719484663,0.38912207622020245
78.0888819694519,1.6816530426884644,0.7113686726760807,0.38912207622020245
78.09385991096497,1.6816530426884644,0.7651855669607726,0.39894327896571036
78.12684178352356,1.7724795640326967,0.7734168776549373,0.3982080546581668
78.13183903694153,1.7724795640326967,0.768068614868881,0.39946513083659985
78.16282176971436,1.7724795640326967,0.7689460642322183,0.398422326451772
78.16881942749023,1.7724795640326967,0.7699488635046039,0.398422326451772
78.17381644248962,1.7724795640326967,0.7574974392058165,0.3991220261597462
78.19080686569214,1.7724795640326967,0.6438468550021196,0.4032896462712531
78.24077916145325,1.7724795640326967,0.6285541660982398,0.4032896462712531
78.24477696418762,1.7724795640326967,0.4845689039048795,0.4093063442742702
78.27677774429321,1.7724795640326967,0.4689419485768712,0.40791638810630865
78.28177428245544,1.7724795640326967,0.45573842482379456,0.4072090438642499
78.28775310516357,1.7724795640326967,0.39891313272194606,0.4088811732756265
78.31973528862,1.7724795640326967,0.3973671505103517,0.4088811732756265
78.32674932479858,1.7724795640326967,0.3964897011470143,0.4088811732756265
78.33272743225098,1.7724795640326967,0.4357660059821155,0.41081456588130455
78.36571025848389,1.7724795640326967,0.5268536065571373,0.4159851938325521
78.39869260787964,1.7724795640326967,0.5426059117941938,0.41437849263936977
78.40768790245056,1.7724795640326967,0.5698068420576522,0.4209541409875102
78.43167328834534,1.7724795640326967,0.5975927385633356,0.42535874165563825
78.44966411590576,1.7724795640326967,0.5924533922923595,0.42776204826827835
78.48364520072937,1.7724795640326967,0.5758654209949816,0.4330432971245141
78.48864340782166,1.7724795640326967,0.5524249880029691,0.434229773782284
78.49363923072815,1.7724795640326967,0.5153631982277195,0.44545239949688026
78.52762007713318,1.7724795640326967,0.49651892856747415,0.4644888632420765
78.55960273742676,1.7724795640326967,0.500906175384161,0.4695218895798021
78.56559991836548,1.7724795640326967,0.5602802489699894,0.4837800698436785
78.59958100318909,1.7724795640326967,0.5931219251406165,0.4995010541885574
78.63556051254272,1.7724795640326967,0.6051137331062273,0.4995010541885574
78.64055800437927,1.7724795640326967,0.6257129014931473,0.5030400237912289
78.64457583427429,1.7724795640326967,0.6466045530011798,0.5030400237912289
78.64957356452942,1.7724795640326967,0.7224412479753379,0.512513175396652
78.68155431747437,1.7724795640326967,0.7461323807854469,0.517176341188228
78.6875319480896,1.7724795640326967,0.7280402105794906,0.5409748999896239
78.71853351593018,1.6816530426884644,0.7871218010442066,0.5593809145120824
78.75249600410461,1.6816530426884644,0.802748756372215,0.5608434937538472
78.75749373435974,1.6816530426884644,0.8060914206135001,0.5631552907967106
78.76249051094055,1.7724795640326967,0.8205902267600748,0.5886059683173206
78.79847073554993,1.7724795640326967,0.8300750365447215,0.5922656765906804
78.80246829986572,1.7724795640326967,0.8835994477083007,0.5967867439839789
78.83545017242432,1.7724795640326967,0.8945466730985098,0.599622191611634
78.84044742584229,1.7724795640326967,0.9723054000114071,0.6011218693276327
78.8744285106659,1.7724795640326967,0.9822916094322465,0.6011218693276327
78.87942624092102,1.7724795640326967,0.9902304370052988,0.5998094826967054
78.88442277908325,1.7724795640326967,1.1722385049432782,0.6040548971844846
78.92040371894836,1.7724795640326967,1.2039520319324717,0.6042693938173276
78.92739939689636,1.7724795640326967,1.408982699832303,0.6173599839194076
78.96138072013855,1.7724795640326967,1.5711854821406674,0.62335284896322
78.99835920333862,1.7724795640326967,1.6053642240078088,0.6310144708298423
79.03533864021301,1.7724795640326967,1.6196541136393028,0.6335906788163359
79.04033589363098,1.7724795640326967,1.7122876964259193,0.643798605050827
79.07331800460815,1.7724795640326967,1.6959504249466377,0.650117037310946
79.07731533050537,1.7724795640326967,1.6785685708919547,0.650117037310946
79.08331251144409,1.7724795640326967,1.6123838189145077,0.6579403185895327
79.11529397964478,1.7724795640326967,1.6000159612217524,0.6616775963999271
79.12130928039551,1.7724795640326967,1.5103489929492766,0.6694824408610157
79.14727640151978,1.7724795640326967,1.44554308997136,0.6671549050715078
79.16026902198792,1.7724795640326967,1.180386249031411,0.6765408190526718
79.1982479095459,1.7724795640326967,1.1804280323344272,0.6765408190526718
79.20424556732178,1.7724795640326967,1.0919309965464012,0.678961438286621
79.23524522781372,1.7724795640326967,1.0870841333965378,0.678961438286621
79.24024391174316,1.7724795640326967,1.134299265804691,0.6752614837896984
79.2712070941925,1.7724795640326967,1.1594945975233784,0.6789596395727189
79.27522325515747,1.7724795640326967,1.198311286025303,0.6789596395727189
79.28022027015686,1.7724795640326967,1.3504860756098118,0.6863100839342523
79.31218433380127,1.7724795640326967,1.3809043202055071,0.6886524591134539
79.32317805290222,1.7724795640326967,1.3697063949972017,0.6909318793060767
79.34916424751282,1.7724795640326967,1.4186764261320302,0.6946385789801327
79.35915851593018,1.7724795640326967,1.4929671388945938,0.7091515021004149
79.39214038848877,1.7724795640326967,1.4968112027720717,0.7067666323052727
79.40013527870178,1.7724795640326967,1.4856550608667825,0.7064320715194548
79.40413284301758,1.7724795640326967,1.3809878868115393,0.7073208610264027
79.4391131401062,1.7724795640326967,1.2920730179933528,0.7165388200969444
79.47309494018555,1.7724795640326967,1.1199675928701809,0.7239144464531093
79.50807499885559,1.7724795640326967,1.0697858459478868,0.726523480968319
79.51407265663147,1.7724795640326967,0.9371238588718803,0.7223203362572427
79.54905390739441,1.7724795640326967,0.9715115172541019,0.7234254211109359
79.57603764533997,1.7724795640326967,0.9624027571965995,0.7233638151597839
79.59502601623535,1.7724795640326967,0.8793375508006622,0.7362073069395427
79.62800765037537,1.7724795640326967,0.8664682934717142,0.7351595560914838
79.63300442695618,1.7724795640326967,0.8563985174448425,0.7351595560914838
79.63900089263916,1.7724795640326967,0.8546436187181677,0.7311576424982213
79.66999936103821,1.7724795640326967,0.8510502546587861,0.7334476301350199
79.67498135566711,1.7724795640326967,0.8103115342181227,0.7347328112181756
79.70696353912354,1.7724795640326967,0.8157433636102113,0.7383920698130598
79.71097946166992,1.7724795640326967,0.8269412888185167,0.7383920698130598
79.71695828437805,1.7724795640326967,0.8416072281771555,0.7415616285480573
79.72195625305176,1.7724795640326967,0.9633219898629529,0.729552964858179
79.78691911697388,1.7724795640326967,0.9643247891353385,0.7309968824432079
79.78991770744324,1.7724795640326967,0.9736842490109372,0.7372609036077841
79.81989979743958,1.7724795640326967,0.9751048813134834,0.7378744898876882
79.82589745521545,1.7724795640326967,0.9778625793125435,0.7364377671582681
79.8318943977356,1.7724795640326967,1.1037556712999477,0.7306652445674812
79.86389493942261,1.7724795640326967,1.1240205732627393,0.7299810587669138
79.86887311935425,1.7724795640326967,1.1551491340097078,0.7299810587669138
79.87486958503723,1.7724795640326967,1.242643370525348,0.7182658102823396
79.90786933898926,1.7724795640326967,1.2718498993335774,0.7167647835309142
79.91784596443176,1.7724795640326967,1.3102487548053414,0.711645194086643
79.95182681083679,1.7724795640326967,1.296084215082895,0.7089558919635455
79.9578230381012,1.7724795640326967,1.1151625130233334,0.6974148938882514
79.9898054599762,1.7724795640326967,1.091220680395128,0.6926305397475114
79.99680161476135,1.7724795640326967,1.1581575318268644,0.6841008135838171
80.02978301048279,1.7724795640326967,1.4823541799285134,0.6835299467590914
80.0607659816742,1.7724795640326967,1.5609485729017316,0.6835299467590914
80.06676292419434,1.7724795640326967,1.960020900008169,0.6645404744145914
80.09974408149719,1.7724795640326967,2.000300004115656,0.6645404744145914
80.10474252700806,1.7724795640326967,2.147084747611092,0.6541589722885335
80.1407220363617,1.7724795640326967,2.0985743328094406,0.6549038646833016
80.14971613883972,1.7724795640326967,1.8024978476376037,0.6379741445961125
80.17770004272461,1.7724795640326967,1.6313116551807851,0.6266145917857077
80.19069361686707,1.7724795640326967,1.5715615318678122,0.6199881297698286
80.19569087028503,1.7724795640326967,1.3661548142408362,0.6075725070595669
80.21267986297607,1.7724795640326967,1.0858724176090717,0.5677438099613433
80.2596685886383,1.7724795640326967,1.0818194372165133,0.560625174853962
80.26465177536011,1.7724795640326967,1.0978224422716665,0.526195992051047
80.29663372039795,1.6816530426884644,1.10012052393755,0.526195992051047
80.30262994766235,1.6816530426884644,1.1028782219366104,0.5218599673504422
80.30662798881531,1.6816530426884644,1.2241333672892312,0.4984760121035143
80.34261059761047,1.6816530426884644,1.238005423890565,0.49253261169201373
80.34762072563171,1.6816530426884644,1.2496211821290308,0.48569794854194964
80.35260248184204,1.6816530426884644,1.3406669994010365,0.4551422961275241
80.39557766914368,1.6816530426884644,1.4213505575250582,0.44109523990792404
80.41956520080566,1.6816530426884644,1.436058280186713,0.43288186255178746
80.42456245422363,1.6816530426884644,1.357046054183334,0.3870161194995276
80.46453928947449,1.6816530426884644,1.1289092197156188,0.34268108197808017
80.50451803207397,1.5908265213442319,0.8228465251229424,0.3066507065433084
80.54049754142761,1.5908265213442319,0.7346419724560289,0.2978719709237717
80.54649496078491,1.5908265213442319,0.4920898984477712,0.2509113732031377
80.58149337768555,1.5908265213442319,0.4495544959774169,0.2509113732031377
80.58649110794067,1.5908265213442319,0.3688291545503793,0.24097808809759605
80.61845397949219,1.5908265213442319,0.36360624167337113,0.2388244654585116
80.62245154380798,1.5908265213442319,0.3439263059528045,0.2249189455390946
80.65543341636658,1.4999999999999993,0.3387869596818285,0.21769238759757842
80.66044902801514,1.4999999999999993,0.3362799615008646,0.21769238759757842
80.66544103622437,1.4999999999999993,0.32165580544524175,0.2140581985777067
80.698410987854,1.4999999999999993,0.3212797557180972,0.21314681272736177
80.70340633392334,1.4999999999999993,0.3203605230517438,0.21069527809821764
80.70842266082764,1.4999999999999993,0.2832987332764941,0.20421765965774966
80.74440264701843,1.4999999999999993,0.23959339832169005,0.1933736632195764
80.77736520767212,1.4999999999999993,0.21640366514777395,0.19262551065586045
80.8113477230072,1.4999999999999993,0.21957919617699492,0.19262551065586045
80.8163435459137,1.4999999999999993,0.2211669616916054,0.19195886231584006
80.8203604221344,1.4999999999999993,0.23875773226136876,0.21256504119960368
80.85134172439575,1.4091734786557668,0.2698862930083373,0.21256504119960368
80.85633969306946,1.4091734786557668,0.5617008812725356,0.2516923522955697
80.8903021812439,1.4091734786557668,0.6658666556915858,0.2605280846618839
80.89629864692688,1.4091734786557668,0.7157977027957835,0.2747391611054451
80.90229535102844,1.4091734786557668,1.0677802474031155,0.3174658111394268
80.94227385520935,1.4091734786557668,1.2211249694720745,0.3362677675596175
80.97025656700134,1.4999999999999993,1.1557341002519328,0.3446696726166334
81.00124096870422,1.5908265213442319,0.9312741964496312,0.3464527601918549
81.03022384643555,1.5908265213442319,0.8238075410923117,0.3472886000583054
81.05021262168884,1.5908265213442319,0.8089326852185925,0.3472886000583054
81.05620908737183,1.5908265213442319,0.6893906552896305,0.35192186223125665
81.08919048309326,1.6816530426884644,0.665950222297618,0.35192186223125665
81.09518814086914,1.6816530426884644,0.6364929936712921,0.35110288530763967
81.12717080116272,1.6816530426884644,0.6392506916703524,0.35110288530763967
81.13116693496704,1.6816530426884644,0.6379971925798704,0.34833072992541997
81.14116144180298,1.6816530426884644,0.6669530215700035,0.35551513050985223
81.17314386367798,1.6816530426884644,0.6703374691143048,0.355939177312307
81.1771411895752,1.6816530426884644,0.6748918491430559,0.355939177312307
81.1821391582489,1.6816530426884644,0.7244886298231251,0.36282768945981964
81.21711921691895,1.6816530426884644,0.7551575742369168,0.3748021775855553
81.25010061264038,1.6816530426884644,0.748179762633234,0.37267103887024894
81.25511288642883,1.6816530426884644,0.7472605299668805,0.37267103887024894
81.26009488105774,1.6816530426884644,0.671841668022883,0.37486962935688956
81.29307675361633,1.6816530426884644,0.6460195867589549,0.37486962935688956
81.3000738620758,1.6816530426884644,0.4734545453026063,0.3750976163439994
81.36603546142578,1.6816530426884644,0.4621312701852526,0.3750976163439994
81.37103247642517,1.6816530426884644,0.4280360949241434,0.3773636586019743
81.40601444244385,1.6816530426884644,0.4344289402856015,0.3773636586019743
81.4110107421875,1.6816530426884644,0.4382730041630794,0.3833529262179821
81.41500782966614,1.6816530426884644,0.40275719659942416,0.3958901869558834
81.4819712638855,1.6816530426884644,0.416127853564565,0.39621654110952237
81.49296545982361,1.6816530426884644,0.4221864325018944,0.39679505246833263
81.49996185302734,1.6816530426884644,0.43526460634592273,0.4010015697679757
81.50495862960815,1.6816530426884644,0.4522286273704451,0.429808759849798
81.56192564964294,1.6816530426884644,0.5367562493719447,0.4678915802666528
81.60390281677246,1.6816530426884644,0.5450711266721417,0.4678915802666528
81.60890030860901,1.6816530426884644,0.5576061175769613,0.47293809695864525
81.61389684677124,1.6816530426884644,0.5746119219044997,0.4802289589221668
81.62489342689514,1.6816530426884644,0.5731912896019534,0.5052346795912084
81.65087938308716,1.6816530426884644,0.5698486253606683,0.5052346795912084
81.65587735176086,1.6816530426884644,0.5867708630821747,0.5285509582275641
81.68287563323975,1.6816530426884644,0.6084563973475124,0.5309852926550181
81.69286966323853,1.6816530426884644,0.594667907352211,0.5401650290551371
81.72583675384521,1.7724795640326967,0.5884839785058333,0.5445057753797353
81.73083448410034,1.7724795640326967,0.5412270627946638,0.5583639666395994
81.76581716537476,1.7724795640326967,0.5484137909134269,0.5616538143668096
81.77181196212769,1.7724795640326967,0.6714238349927225,0.5825247414530603
81.8087911605835,1.7724795640326967,0.7794336732892506,0.5718979397185834
81.84077334403992,1.7724795640326967,0.7922193640121665,0.5718979397185834
81.84478974342346,1.7724795640326967,0.8052557545531788,0.5687569355667841
81.84976768493652,1.7724795640326967,0.9926120852772146,0.5693093655740118
81.88274931907654,1.7724795640326967,1.0267072605383238,0.5662742607032073
81.88874793052673,1.7724795640326967,1.0831565029130277,0.5662742607032073
81.89374375343323,1.7724795640326967,1.131625134411663,0.5397346867540244
81.92872667312622,1.6816530426884644,1.1126137315393534,0.5328089637126591
81.97070050239563,1.6816530426884644,1.099619124301357,0.527720851761677
81.97569823265076,1.6816530426884644,1.0381141022617093,0.521987451198264
82.01067876815796,1.6816530426884644,1.035231054353601,0.521987451198264
82.01567578315735,1.6816530426884644,1.1648010770064188,0.516252701599424
82.05865097045898,1.6816530426884644,1.2727691319999308,0.5138203907251102
82.07863998413086,1.6816530426884644,1.2909030855089032,0.5138203907251102
82.08363747596741,1.6816530426884644,1.346600228429318,0.5144791696918082
82.1006281375885,1.6816530426884644,1.3753471409043707,0.5088991094885617
82.12061786651611,1.6816530426884644,1.3773109561461256,0.5088991094885617
82.12561368942261,1.6816530426884644,1.3960716592003388,0.47921808170910385
82.1615936756134,1.6816530426884644,1.3757649739345312,0.46121430458303536
82.19557547569275,1.6816530426884644,1.3641909989990813,0.45568955483228285
82.19959139823914,1.6816530426884644,1.342881514460888,0.4488476968266098
82.20457339286804,1.6816530426884644,1.3308061398892452,0.4488476968266098
82.20956707000732,1.6816530426884644,1.2549694449150872,0.40015786052820285
82.24256134033203,1.6816530426884644,1.2472395338571152,0.3886161879351954
82.24754524230957,1.6816530426884644,1.0755519417641037,0.35674309000699267
82.28052735328674,1.6816530426884644,0.983754025037809,0.34809599776117667
82.2865240573883,1.6816530426884644,0.6617718919960114,0.3164194093267944
82.31950497627258,1.6816530426884644,0.6124258111340385,0.30655121518059036
82.32849979400635,1.6816530426884644,0.5019507579595626,0.2858142922800571
82.36348080635071,1.5908265213442319,0.42699151234874183,0.2731678720922132
82.39446353912354,1.5908265213442319,0.3659043233392547,0.2408770228602135
82.43046188354492,1.5908265213442319,0.3587175952204915,0.2332173121271124
82.43544054031372,1.5908265213442319,0.3510712507685516,0.2332173121271124
82.4414370059967,1.5908265213442319,0.3331044304716436,0.22835864861828586
82.44643449783325,1.5908265213442319,0.26215638195036517,0.218892467029234
82.48341608047485,1.5908265213442319,0.2632427478287828,0.20556118652310948
82.51839685440063,1.4999999999999993,0.26353523094989534,0.20541886328559417
82.52339172363281,1.4999999999999993,0.27314539064359034,0.20646627687479652
82.56236982345581,1.4999999999999993,0.27385570679486343,0.20823969636279344
82.59535074234009,1.4999999999999993,0.27013699282643355,0.20823969636279344
82.60034823417664,1.4999999999999993,0.259482250557337,0.20536872413556903
82.6053454875946,1.4999999999999993,0.2577691351336783,0.2007606439572493
82.6383273601532,1.4999999999999993,0.27490028937026495,0.20130655362658134
82.64232444763184,1.4999999999999993,0.3417953574989851,0.2040381255263816
82.67430663108826,1.4999999999999993,0.4058073777195968,0.19422467973457716
82.7092878818512,1.4999999999999993,0.4091918252638982,0.19298131874964874
82.71428418159485,1.4999999999999993,0.4141222550197938,0.18866328118806638
82.72028183937073,1.4999999999999993,0.36949768739863625,0.1707817041877318
82.76827359199524,1.4999999999999993,0.2903601114862091,0.1570399796530382
82.79324054718018,1.4999999999999993,0.25873015110304776,0.1570399796530382
82.79923701286316,1.4999999999999993,0.24343746219916798,0.14831914013723008
82.80323481559753,1.4999999999999993,0.14988464674619828,0.12224577034758587
82.83523535728455,1.4999999999999993,0.13897920465900532,0.1133077361280814
82.84023261070251,1.4999999999999993,0.11662513754541058,0.10361930095248315
82.85120820999146,1.4999999999999993,0.08031544722444997,0.08410674012128584
82.87719368934631,1.4999999999999993,0.07563571728665076,0.07574406951126272
82.88119101524353,1.4999999999999993,0.04713950462969437,0.04538155400209099
82.91417574882507,1.4091734786557668,0.04154054202554164,0.03840321857908492
82.92416834831238,1.4091734786557668,0.030593316635332574,0.011222515543369727
82.9451744556427,1.4091734786557668,0.02369907163768187,-0.006828252983394987
82.9651472568512,1.4091734786557668,0.012584713035408566,-0.04534332683488358
83.01011872291565,1.227520435967302,0.00932561540015544,-0.05112057104966404
83.03110790252686,1.227520435967302,0.008281032824753874,-0.05112057104966404
83.03610515594482,1.227520435967302,0.003977352614099108,-0.006859730476684314
83.0700855255127,1.1366939146230695,0.0036013028869545825,-0.006859730476684314
83.07408356666565,1.1366939146230695,0.0031416865537778247,0.031110108223185575
83.08507704734802,0.13760217983651224,0.0012614379180548997,0.08250037618696014
83.11506032943726,-0.0440508628519527,-0.0007859439297322671,0.12076464186870413
83.15104079246521,-0.0440508628519527,-0.001120210353860825,0.1283010282798824
83.15703749656677,-0.0440508628519527,-0.0012037769598929088,0.1283010282798824
83.16205501556396,-0.0440508628519527,-0.0008695105357644251,0.1445422906209864
83.19301724433899,-0.13487738419618517,-0.0005770274146519834,0.1488076033813091
83.1990134716034,-0.13487738419618517,-0.0008695105357644251,0.14963051499158725
83.232013463974,-0.22570390554041764,-0.0007859439297322671,0.1491939896114356
83.23801016807556,-0.22570390554041764,-0.00036811089957162536,0.11171452528916588
83.26897597312927,-0.22570390554041764,0.0005511217667818161,0.09667963787837539
83.28298568725586,-0.22570390554041764,0.0005511217667818161,0.08599808778949886
83.30495500564575,-0.22570390554041764,0.0010943047059906578,0.06819565420086315
83.34295344352722,-0.22570390554041764,0.0011778713120228158,0.0637104486659907
83.34893107414246,-0.22570390554041764,0.0013867878271030996,0.058851110639450796
83.35592746734619,-0.22570390554041764,0.002514937008536899,0.030634460815660063
83.38892555236816,-0.22570390554041764,0.0029327700386975407,0.029766693777444644
83.39390444755554,-0.22570390554041764,0.0027656368266332247,0.031769674127215874
83.42688608169556,-0.22570390554041764,0.0028909867356814245,0.031769674127215874
83.43288254737854,-0.22570390554041764,0.0029327700386975407,0.02834042607258145
83.44787526130676,-0.13487738419618517,0.0033088197658420666,0.018205235331512526
83.47485947608948,-0.13487738419618517,0.003935569311083066,0.0010475282572135823
83.51383781433105,-0.13487738419618517,0.003810219402034866,0.004591894001591831
83.5258309841156,-0.13487738419618517,0.005356201613629308,0.004805828536340366
83.59879040718079,-0.0440508628519527,0.005147285098548949,-0.005785785857423803
83.6187789440155,-0.0440508628519527,0.005105501795532907,-0.010516291000715237
83.62377619743347,-0.0440508628519527,0.005147285098548949,-0.010516291000715237
83.62877321243286,-0.0440508628519527,0.005105501795532907,-0.0063662083497552195
83.66175508499146,-0.0440508628519527,0.004938368583468666,-0.0057188961841839825
83.66675209999084,-0.0440508628519527,0.004562318856324066,-0.006341026355123757
83.67076849937439,-0.0440508628519527,0.004228052432195508,-0.015055682791892898
83.70473098754883,-0.13487738419618517,0.004311619038227666,-0.015055682791892898
83.70972871780396,-0.0440508628519527,0.003852002705050982,-0.02662804594085739
83.7467086315155,-0.0440508628519527,0.0037684360990188244,-0.02657059951560437
83.751704454422,-0.0440508628519527,0.003935569311083066,-0.030198043358342665
83.78570032119751,-0.0440508628519527,0.004019135917115224,-0.028360207428721515
83.79068279266357,-0.0440508628519527,0.004144485826163424,-0.028360207428721515
83.79468059539795,-0.0440508628519527,0.004311619038227666,-0.040455996323239964
83.85364770889282,-0.0440508628519527,0.004436968947275866,-0.040455996323239964
83.8576455116272,-0.0440508628519527,0.004186269129179466,-0.0452512551670123
83.86266231536865,-0.0440508628519527,0.004269835735211624,-0.050229870409194965
83.87963438034058,-0.0440508628519527,0.004144485826163424,-0.04724445500994006
83.90162253379822,-0.0440508628519527,0.003810219402034866,-0.04852401511215121
83.94059944152832,0.04677565849227978,0.004019135917115224,-0.04807950793905835
83.95159339904785,0.04677565849227978,0.0038937860080670243,-0.055891209996899366
83.9815764427185,0.04677565849227978,0.003977352614099108,-0.055891209996899366
83.98657560348511,0.04677565849227978,0.004060919220131266,-0.05521849099745888
83.99157190322876,0.04677565849227978,0.004060919220131266,-0.05372623297630699
84.02555179595947,0.04677565849227978,0.004186269129179466,-0.050705068138244914
84.03154754638672,0.04677565849227978,0.004562318856324066,-0.05246184952264605
84.06255054473877,0.04677565849227978,0.0047712353714043495,-0.058619072049276244
84.06852960586548,0.04677565849227978,0.004562318856324066,-0.05767373547402641
84.10151052474976,0.13760217983651224,0.0045205355533080235,-0.05185152341168977
84.13948798179626,0.13760217983651224,0.004436968947275866,-0.052549536825380605
84.15048122406006,0.13760217983651224,0.003810219402034866,-0.050491133603496385
84.17746663093567,0.13760217983651224,0.0036013028869545825,-0.050491133603496385
84.1824643611908,0.13760217983651224,0.0030581199477457406,-0.04959312568779943
84.21548223495483,0.13760217983651224,0.0032670364628260245,-0.05321056418445648
84.2204794883728,0.13760217983651224,0.0034341696748902664,-0.049498243529455886
84.22547602653503,0.13760217983651224,0.0031416865537778247,-0.04920910026966964
84.25845742225647,0.13760217983651224,0.0030581199477457406,-0.04920910026966964
84.2644681930542,0.13760217983651224,0.0031834698567939405,-0.048332564501180765
84.29643630981445,0.13760217983651224,0.0033923863718742244,-0.05098937735441888
84.33841276168823,0.13760217983651224,0.0031416865537778247,-0.05098937735441888
84.34241199493408,0.13760217983651224,0.002682070220601141,-0.04836100666476005
84.34840798377991,0.13760217983651224,0.002180670584408341,-0.04722590577282313
84.38138890266418,0.13760217983651224,0.002431370402504741,-0.04655633452271159
84.38538646697998,0.13760217983651224,0.002222453887424383,-0.04655633452271159
84.39038324356079,0.13760217983651224,0.0015957043421834577,-0.04774955635761487
84.4393720626831,0.13760217983651224,0.0015121377361512996,-0.04774955635761487
84.45634865760803,0.13760217983651224,0.0016374876451994995,-0.04774955635761487
84.46036314964294,0.13760217983651224,0.002222453887424383,-0.048589893008821015
84.50132131576538,0.13760217983651224,0.002556720311552941,-0.047975294952346904
84.54029989242554,0.13760217983651224,0.0027238535236171826,-0.0507535209939867
84.57328176498413,0.13760217983651224,0.002514937008536899,-0.0554797541917603
84.5782790184021,0.13760217983651224,0.002222453887424383,-0.05122062451047654
84.58327674865723,0.13760217983651224,0.0018881874632958994,-0.04835853343314446
84.61525774002075,0.22842870118074474,0.0017210542512316575,-0.04835853343314446
84.62125492095947,0.22842870118074474,0.001971754069327983,-0.04763916029186444
84.62725114822388,0.22842870118074474,0.0007600382818621,-0.049883617983012364
84.6592333316803,0.13760217983651224,0.00034220525170145817,-0.047362608029393925
84.66423058509827,0.13760217983651224,-0.0008695105357644251,-0.04972578083809017
84.696213722229,0.13760217983651224,-0.001120210353860825,-0.050566792007009656
84.73319244384766,0.13760217983651224,-0.001120210353860825,-0.050566792007009656
84.73719024658203,0.13760217983651224,-0.0014126934749732667,-0.051275148025638415
84.76917219161987,0.13760217983651224,-0.0014126934749732667,-0.05180217119899686
84.7741687297821,0.13760217983651224,-0.00015919438449126736,-0.0513059510012144
84.80815029144287,0.13760217983651224,9.15054336050583e-05,-0.05129954308293764
84.81314730644226,0.13760217983651224,0.00017507203963721633,-0.05129954308293764
84.81814432144165,0.13760217983651224,0.0005511217667818161,-0.05503670847371302
84.85112595558167,0.13760217983651224,0.0006764716758300161,-0.05503670847371302
84.85612297058105,0.13760217983651224,0.0006764716758300161,-0.05003100010337775
84.89010429382324,0.13760217983651224,0.0005511217667818161,-0.054509010782641226
84.93008160591125,0.13760217983651224,0.0005093384637657743,-0.05723473686225918
84.9360785484314,0.13760217983651224,0.000592905069797858,-0.05611661133277473
84.94307684898376,0.13760217983651224,0.0004257718577336162,-0.057951074673829164
84.97405743598938,0.13760217983651224,0.0006346883728139741,-0.05618900956734018
84.98005437850952,0.13760217983651224,0.000927171493926416,-0.055441531521337545
85.01803350448608,0.13760217983651224,0.0013032212210710157,-0.056199914270372554
85.05101466178894,0.13760217983651224,0.0006764716758300161,-0.05741573244867282
85.08599472045898,0.13760217983651224,0.000843604887894258,-0.05381605625180046
85.09299063682556,0.13760217983651224,0.0004257718577336162,-0.05523704023457581
85.12697267532349,0.13760217983651224,0.000843604887894258,-0.052554258449374
85.16295170783997,0.13760217983651224,0.0007600382818621,-0.052554258449374
85.16794896125793,0.13760217983651224,0.0009689547969424578,-0.052554258449374
85.17294645309448,0.13760217983651224,0.0009689547969424578,-0.05155170028810893
85.20592927932739,0.13760217983651224,0.0010943047059906578,-0.05308757712139032
85.20993947982788,0.13760217983651224,0.0013032212210710157,-0.04946845233044992
85.21592235565186,0.13760217983651224,0.0018046208572637414,-0.049188077800937126
85.24690508842468,0.13760217983651224,0.0018046208572637414,-0.049188077800937126
85.25290179252625,0.13760217983651224,0.0012614379180548997,-0.04753236165391851
85.28488421440125,0.13760217983651224,0.000927171493926416,-0.047322361805831145
85.29088258743286,0.13760217983651224,0.0015539210391673415,-0.04030153176688448
85.33085799217224,0.13760217983651224,0.0016374876451994995,-0.04111027850518241
85.33485817909241,0.13760217983651224,0.0016374876451994995,-0.042026610818758504
85.3558440208435,0.13760217983651224,0.000927171493926416,-0.049091959026785786
85.40081882476807,0.13760217983651224,0.0012614379180548997,-0.049091959026785786
85.40483522415161,0.13760217983651224,0.0014703544331352576,-0.04669663420708687
85.40983176231384,0.13760217983651224,0.002347803796472583,-0.049044855206470686
85.44279551506042,0.13760217983651224,0.001971754069327983,-0.049044855206470686
85.4477927684784,0.13760217983651224,0.0017628375542476993,-0.049044855206470686
85.45378994941711,0.13760217983651224,0.0010943047059906578,-0.04763365173053881
85.48577308654785,0.13760217983651224,0.000843604887894258,-0.0513883545818611
85.52574896812439,0.13760217983651224,0.0005093384637657743,-0.0513883545818611
85.53174591064453,0.13760217983651224,-3.3844475443067426e-05,-0.04873974836080199
85.56672620773315,0.13760217983651224,-0.00015919438449126736,-0.04873974836080199
85.57172322273254,0.13760217983651224,0.00021685534265325824,-0.05044391736356239
85.60870289802551,0.13760217983651224,0.0013450045240870577,-0.05221654991422708
85.63968586921692,0.13760217983651224,0.0011360880090066996,-0.05013217776037916
85.64468216896057,0.13760217983651224,0.0013867878271030996,-0.05065830157678649
85.67866349220276,0.13760217983651224,0.0013032212210710157,-0.051392626527378936
85.6836609840393,0.13760217983651224,0.0011360880090066996,-0.051392626527378936
85.68865776062012,0.13760217983651224,0.0003004219486854163,-0.05271277011200955
85.72463774681091,0.13760217983651224,-7.562777845918355e-05,-0.05291984705000576
85.75761985778809,0.13760217983651224,-0.00015919438449126736,-0.052618899730236014
85.76361584663391,0.13760217983651224,0.00021685534265325824,-0.052618899730236014
85.76761388778687,0.13760217983651224,0.00021685534265325824,-0.052618899730236014
85.77261090278625,0.13760217983651224,0.00013328873662117442,-0.04894682529879821
85.80461120605469,0.13760217983651224,0.00025863864566937436,-0.051612182043072
85.80960845947266,0.13760217983651224,0.0003004219486854163,-0.051612182043072
85.81458735466003,0.13760217983651224,0.0008853881909102998,-0.04920876301081297
85.84756898880005,0.13760217983651224,0.00046755516074965814,-0.05098892767594332
85.85656571388245,0.13760217983651224,0.0005093384637657743,-0.051005790618776886
85.90353727340698,0.13760217983651224,0.0003839885547175743,-0.04874177191394202
