state,element,term,unit,shell,signedInfinityN,unitTriangleInfinityN,signedWorkJ,unitTriangleWorkJ,grossUnitAbsoluteL1N
control45,195,matrix,195-whole,whole,2.7658379059269933e-12,2.7658379059269933e-12,1.1378182979537388e-16,1.1378182979537388e-16,1.3783968119400361e-11
control45,196,matrix,196-whole,whole,3.6116318269385772e-12,3.6116318269385772e-12,1.7612453313530895e-16,1.7612453313530895e-16,2.413747947718238e-11
control45,197,matrix,197-s1,s1,7.992024237063813e-09,7.992024237063813e-09,2.1511538543719463e-13,2.1511538543719463e-13,6.93351249459133e-08
control45,197,matrix,197-s2,s2,7.655206980469731e-12,7.655206980469731e-12,1.521081614176165e-16,1.521081614176165e-16,5.259315397331812e-11
control45,197,matrix,197-s3,s3,4.175194803605897e-15,4.175194803605897e-15,7.098725302241628e-20,7.098725302241628e-20,2.6302064960558166e-14
control45,197,matrix,197-s4,s4,3.1977187824744346e-17,3.1977187824744346e-17,2.8802775939278672e-22,2.8802775939278672e-22,1.067691912156742e-16
control45,197,matrix,197-s5,s5,2.6215669717520595e-18,2.6215669717520595e-18,7.4416749842691e-24,7.4416749842691e-24,1.0586735589847704e-17
control45,197,matrix,197-s6,s6,2.081583467877443e-19,2.081583467877443e-19,1.871746644415251e-24,1.871746644415251e-24,1.0924158691730029e-18
control45,197,matrix,197-s7,s7,7.768880313098036e-20,7.768880313098036e-20,4.243539976161004e-25,4.243539976161004e-25,3.38668176725279e-19
control45,197,matrix,197-s8,s8,1.7412151894241233e-20,1.7412151894241233e-20,2.5763915576404886e-25,2.5763915576404886e-25,6.38205862099811e-20
control45,197,matrix,197-s9,s9,2.3781442610899546e-22,2.3781442610899546e-22,2.4353471769744697e-27,2.4353471769744697e-27,1.3176990187195607e-21
control45,197,matrix,197-s10,s10,5.350824587452398e-23,5.350824587452398e-23,1.9421902685216434e-28,1.9421902685216434e-28,1.821198617019823e-22
control45,197,matrix,197-s11,s11,2.107048740022771e-23,2.107048740022771e-23,4.592621533329279e-28,4.592621533329279e-28,1.1212429945160752e-22
control45,197,matrix,197-s12,s12,4.1823511928645515e-24,4.1823511928645515e-24,5.028858279469342e-29,5.028858279469342e-29,1.4571381816822697e-23
control45,197,matrix,197-s13,s13,2.3526987637311456e-25,2.3526987637311456e-25,2.6606846545039797e-30,2.6606846545039797e-30,7.868298233535209e-25
control45,197,matrix,197-s14,s14,2.5211994530863537e-26,2.5211994530863537e-26,6.68334071905582e-31,6.68334071905582e-31,1.817367782908845e-25
control45,197,matrix,197-s15,s15,1.8222686910605373e-27,1.8222686910605373e-27,4.6542446571417056e-32,4.6542446571417056e-32,1.0469470561957542e-26
control45,197,matrix,197-s16,s16,1.854809203400904e-28,1.854809203400904e-28,1.1180897160447567e-33,1.1180897160447567e-33,1.2369280691226455e-27
control45,197,matrix,197-s17,s17,7.43254884137922e-30,7.43254884137922e-30,1.874349765921635e-35,1.874349765921635e-35,3.034051656987201e-29
control45,197,matrix,197-s18,s18,1.2439966696786034e-29,1.2439966696786034e-29,1.0518265837773126e-34,1.0518265837773126e-34,4.071451472967141e-29
control45,197,matrix,197-s19,s19,4.599120707196719e-31,4.599120707196719e-31,5.091794606691375e-36,5.091794606691375e-36,1.832689479840562e-30
control45,197,matrix,197-s20,s20,5.599641313305888e-32,5.599641313305888e-32,9.484918458720475e-37,9.484918458720475e-37,2.885569810920937e-31
control45,197,matrix,197-core,core,1.5717393905522708e-32,1.5717393905522708e-32,1.3251349523512053e-37,1.3251349523512053e-37,6.376527213008538e-32
control45,198,matrix,198-whole,whole,2.550959443681222e-12,2.550959443681222e-12,9.9228115481551e-17,9.9228115481551e-17,1.3756689845156444e-11
control45,199,matrix,199-whole,whole,1.920682363154569e-12,1.920682363154569e-12,2.3725579885343505e-17,2.3725579885343505e-17,1.3577548470367182e-11
control45,200,matrix,200-s1,s1,7.97364015087251e-09,7.97364015087251e-09,6.10538795757872e-14,6.10538795757872e-14,5.971899816730947e-08
control45,200,matrix,200-s2,s2,7.660928749014806e-12,7.660928749014806e-12,5.641845858217617e-17,5.641845858217617e-17,4.698527314342807e-11
control45,200,matrix,200-s3,s3,4.161750696667077e-15,4.161750696667077e-15,3.0364169172259477e-20,3.0364169172259477e-20,2.649647887428773e-14
control45,200,matrix,200-s4,s4,4.206026802885954e-17,4.206026802885954e-17,1.7179185470156935e-22,1.7179185470156935e-22,1.0796984718351737e-16
control45,200,matrix,200-s5,s5,9.84252284709497e-19,9.84252284709497e-19,7.644517404678977e-24,7.644517404678977e-24,5.614905306732402e-18
control45,200,matrix,200-s6,s6,6.692619074493041e-19,6.692619074493041e-19,2.950975692538887e-24,2.950975692538887e-24,2.0732202065954374e-18
control45,200,matrix,200-s7,s7,3.23196008936719e-20,3.23196008936719e-20,1.4146995336966676e-26,1.4146995336966676e-26,1.0747078838875003e-19
control45,200,matrix,200-s8,s8,7.672927362041885e-21,7.672927362041885e-21,4.443803920402641e-27,4.443803920402641e-27,2.3476069177612562e-20
control45,200,matrix,200-s9,s9,1.798911037149697e-21,1.798911037149697e-21,8.61733442792013e-28,8.61733442792013e-28,5.795517584007212e-21
control45,200,matrix,200-s10,s10,2.0981953225290393e-22,2.0981953225290393e-22,6.603545160888836e-28,6.603545160888836e-28,8.254622565647074e-22
control45,200,matrix,200-s11,s11,6.4720420583738845e-24,6.4720420583738845e-24,5.776124912334468e-30,5.776124912334468e-30,2.5322688232641248e-23
control45,200,matrix,200-s12,s12,2.9116919120579963e-24,2.9116919120579963e-24,2.632918469800832e-30,2.632918469800832e-30,7.204188465170957e-24
control45,200,matrix,200-s13,s13,1.3904146771063466e-25,1.3904146771063466e-25,1.2369108847539832e-30,1.2369108847539832e-30,6.023643532358756e-25
control45,200,matrix,200-s14,s14,1.9544817787755788e-26,1.9544817787755788e-26,1.2365740071320104e-31,1.2365740071320104e-31,8.15342946790723e-26
control45,200,matrix,200-s15,s15,5.768939799881259e-27,5.768939799881259e-27,1.339516826524354e-32,1.339516826524354e-32,1.5398464100896025e-26
control45,200,matrix,200-s16,s16,1.3450078434018251e-28,1.3450078434018251e-28,1.7505519389147706e-33,1.7505519389147706e-33,4.941857751420634e-28
control45,200,matrix,200-s17,s17,2.791211749801533e-29,2.791211749801533e-29,1.977564466801867e-34,1.977564466801867e-34,1.3888973239386464e-28
control45,200,matrix,200-s18,s18,4.623772610484876e-30,4.623772610484876e-30,2.1749869545489067e-35,2.1749869545489067e-35,1.6860365686265508e-29
control45,200,matrix,200-s19,s19,6.255420459369742e-31,6.255420459369742e-31,4.8629650102260504e-36,4.8629650102260504e-36,2.0161995555780153e-30
control45,200,matrix,200-s20,s20,1.2720767282677693e-31,1.2720767282677693e-31,6.038506428361835e-37,6.038506428361835e-37,4.258180541806149e-31
control45,200,matrix,200-core,core,1.1555579666323415e-32,1.1555579666323415e-32,3.250655048606274e-39,3.250655048606274e-39,3.653470583806694e-32
control45,202,matrix,202-whole,whole,8.125063555991519e-12,8.125063555991519e-12,4.2076605909244043e-16,4.2076605909244043e-16,6.014466438178812e-11
control45,203,matrix,203-s1,s1,1.9178296162638588e-08,1.9178296162638588e-08,3.2573759192163354e-13,3.2573759192163354e-13,1.3299034032985532e-07
control45,203,matrix,203-s2,s2,1.8433044695655154e-11,1.8433044695655154e-11,4.016408289804757e-16,4.016408289804757e-16,1.1142876567941397e-10
control45,203,matrix,203-s3,s3,1.0022473302673252e-14,1.0022473302673252e-14,2.4543066339992817e-19,2.4543066339992817e-19,6.418970300157609e-14
control45,203,matrix,203-s4,s4,1.5043305143236374e-17,1.5043305143236374e-17,2.5784755083016184e-22,2.5784755083016184e-22,7.602163053254708e-17
control45,203,matrix,203-s5,s5,2.3276465390548173e-18,2.3276465390548173e-18,1.6295478824129408e-23,1.6295478824129408e-23,9.09844079887902e-18
control45,203,matrix,203-s6,s6,2.591920818598159e-19,2.591920818598159e-19,1.2870496802247356e-24,1.2870496802247356e-24,1.3828513899495592e-18
control45,203,matrix,203-s7,s7,2.6575658720103673e-20,2.6575658720103673e-20,2.480321420095543e-25,2.480321420095543e-25,1.1976582653032777e-19
control45,203,matrix,203-s8,s8,7.497565072180643e-21,7.497565072180643e-21,9.777627392067049e-26,9.777627392067049e-26,2.5135214156222073e-20
control45,203,matrix,203-s9,s9,2.2491040855316822e-21,2.2491040855316822e-21,3.769007880893635e-26,3.769007880893635e-26,6.711377357821048e-21
control45,203,matrix,203-s10,s10,2.5032553287386e-22,2.5032553287386e-22,3.828900697294353e-27,3.828900697294353e-27,8.648228082743163e-22
control45,203,matrix,203-s11,s11,6.074607623436297e-24,6.074607623436297e-24,1.249856148509303e-28,1.249856148509303e-28,2.0758969778630005e-23
control45,203,matrix,203-s12,s12,1.71252236192619e-24,1.71252236192619e-24,1.0851672178121766e-29,1.0851672178121766e-29,5.984877111353929e-24
control45,203,matrix,203-s13,s13,1.2238072539236689e-25,1.2238072539236689e-25,1.4619302675696004e-30,1.4619302675696004e-30,5.907623087763069e-25
control45,203,matrix,203-s14,s14,7.429176461009401e-26,7.429176461009401e-26,7.934075561943421e-31,7.934075561943421e-31,2.250048875922073e-25
control45,203,matrix,203-s15,s15,9.844984097158227e-27,9.844984097158227e-27,1.4242016034559623e-31,1.4242016034559623e-31,2.8167813424581564e-26
control45,203,matrix,203-s16,s16,9.470275167178247e-28,9.470275167178247e-28,1.4054937948015748e-32,1.4054937948015748e-32,2.6525235062612356e-27
control45,203,matrix,203-s17,s17,1.5727914297843923e-28,1.5727914297843923e-28,2.2214946000164692e-33,2.2214946000164692e-33,4.999132292961977e-28
control45,203,matrix,203-s18,s18,5.842115893304241e-30,5.842115893304241e-30,6.423052535053397e-35,6.423052535053397e-35,2.2728142418842766e-29
control45,203,matrix,203-s19,s19,3.7194522050978492e-31,3.7194522050978492e-31,7.96497781960606e-36,7.96497781960606e-36,1.9740781844562156e-30
control45,203,matrix,203-s20,s20,8.589647551967072e-32,8.589647551967072e-32,5.032110280903864e-37,5.032110280903864e-37,2.3414296756576746e-31
control45,203,matrix,203-core,core,3.224728950633378e-32,3.224728950633378e-32,4.475351473833871e-37,4.475351473833871e-37,8.403828053331078e-32
control45,206,matrix,206-s1,s1,1.924108765892496e-08,1.924108765892496e-08,1.438281196806219e-13,1.438281196806219e-13,1.3426163197119694e-07
control45,206,matrix,206-s2,s2,1.8409591451100382e-11,1.8409591451100382e-11,2.776042136605433e-16,2.776042136605433e-16,1.0661518590951294e-10
control45,206,matrix,206-s3,s3,9.990475786057773e-15,9.990475786057773e-15,1.9787770694628594e-19,1.9787770694628594e-19,5.923880613190056e-14
control45,206,matrix,206-s4,s4,2.8094388794530634e-16,2.8094388794530634e-16,5.520962334761918e-21,5.520962334761918e-21,6.892415750253507e-16
control45,206,matrix,206-s5,s5,1.9403830755701512e-17,1.9403830755701512e-17,1.4251466306650045e-22,1.4251466306650045e-22,8.308987149601984e-17
control45,206,matrix,206-s6,s6,2.2319318160150814e-18,2.2319318160150814e-18,4.733492295773503e-23,4.733492295773503e-23,6.7249733652736514e-18
control45,206,matrix,206-s7,s7,3.280135088242278e-19,3.280135088242278e-19,1.865565813756865e-24,1.865565813756865e-24,1.3001709686433018e-18
control45,206,matrix,206-s8,s8,3.3616620094155045e-20,3.3616620094155045e-20,1.0183846946637963e-24,1.0183846946637963e-24,1.674715510612925e-19
control45,206,matrix,206-s9,s9,3.051469279708119e-21,3.051469279708119e-21,2.747377435920036e-26,2.747377435920036e-26,1.5885394209078184e-20
control45,206,matrix,206-s10,s10,5.143383199460584e-22,5.143383199460584e-22,1.5139467398351913e-26,1.5139467398351913e-26,2.6283490162037816e-21
control45,206,matrix,206-s11,s11,3.766256726530504e-23,3.766256726530504e-23,1.1636819888864564e-27,1.1636819888864564e-27,1.8758170179715794e-22
control45,206,matrix,206-s12,s12,1.34416849539867e-23,1.34416849539867e-23,1.2375239895268607e-28,1.2375239895268607e-28,5.192289785605132e-23
control45,206,matrix,206-s13,s13,1.6987898712881027e-24,1.6987898712881027e-24,4.24341231094868e-29,4.24341231094868e-29,6.0707590545766115e-24
control45,206,matrix,206-s14,s14,1.6408306828597046e-26,1.6408306828597046e-26,3.450663028989012e-31,3.450663028989012e-31,4.588951676719733e-26
control45,206,matrix,206-s15,s15,2.0485139986779235e-26,2.0485139986779235e-26,2.5567800422031478e-31,2.5567800422031478e-31,6.450465686089411e-26
control45,206,matrix,206-s16,s16,2.4024758868505915e-27,2.4024758868505915e-27,3.262133909550882e-32,3.262133909550882e-32,7.660538083601769e-27
control45,206,matrix,206-s17,s17,3.8338639993741174e-28,3.8338639993741174e-28,6.291921492431766e-33,6.291921492431766e-33,1.3885441355466427e-27
control45,206,matrix,206-s18,s18,3.967723834228808e-29,3.967723834228808e-29,1.2698402187986379e-33,1.2698402187986379e-33,1.72651497025043e-28
control45,206,matrix,206-s19,s19,5.06673649769394e-30,5.06673649769394e-30,4.941893062479178e-35,4.941893062479178e-35,1.9106412413879448e-29
control45,206,matrix,206-s20,s20,7.983942584457286e-31,7.983942584457286e-31,1.3416851097726201e-35,1.3416851097726201e-35,2.136504643518878e-30
control45,206,matrix,206-core,core,1.1223356750916617e-31,1.1223356750916617e-31,2.0003953079468546e-36,2.0003953079468546e-36,3.1110412532936923e-31
control45,237,matrix,237-whole,whole,1.3053169656274122e-12,1.3053169656274122e-12,7.216069000085795e-17,7.216069000085795e-17,7.349128097722439e-12
control45,240,matrix,240-whole,whole,1.2706918850469151e-12,1.2706918850469151e-12,8.507710347080463e-17,8.507710347080463e-17,7.004414117792022e-12
control45,243,matrix,243-whole,whole,3.0662972161366042e-12,3.0662972161366042e-12,1.4162186326326588e-16,1.4162186326326588e-16,1.4482492159829236e-11
control45,244,matrix,244-whole,whole,1.189472131901681e-12,1.189472131901681e-12,1.1328872987311877e-16,1.1328872987311877e-16,6.6408599539574675e-12
control45,246,matrix,246-s1,s1,6.552868317410976e-11,6.552868317410976e-11,9.489949895053142e-16,9.489949895053142e-16,3.1852182221104436e-10
control45,246,matrix,246-s2,s2,3.2502646407639446e-14,3.2502646407639446e-14,2.4561520122008247e-19,2.4561520122008247e-19,1.59659754645267e-13
control45,246,matrix,246-s3,s3,4.3237982638721917e-16,4.3237982638721917e-16,1.2335356901131494e-20,1.2335356901131494e-20,1.9260138498342517e-15
control45,246,matrix,246-s4,s4,4.046920134073706e-16,4.046920134073706e-16,6.00011786511737e-21,6.00011786511737e-21,1.211445751457981e-15
control45,246,matrix,246-s5,s5,2.876693295465055e-17,2.876693295465055e-17,5.926020635157048e-22,5.926020635157048e-22,7.196586638188731e-17
control45,246,matrix,246-s6,s6,7.995991022080595e-19,7.995991022080595e-19,3.0645734426409685e-23,3.0645734426409685e-23,4.167897271485347e-18
control45,246,matrix,246-s7,s7,4.2446938569281126e-19,4.2446938569281126e-19,1.5540194546399178e-23,1.5540194546399178e-23,2.017444795986812e-18
control45,246,matrix,246-s8,s8,1.479660679734856e-20,1.479660679734856e-20,2.6789628055598885e-25,2.6789628055598885e-25,6.355574705008991e-20
control45,246,matrix,246-s9,s9,4.7943388303573484e-21,4.7943388303573484e-21,1.2338407225620874e-25,1.2338407225620874e-25,1.672698765115751e-20
control45,246,matrix,246-s10,s10,1.0612727259055345e-21,1.0612727259055345e-21,2.2356323025332503e-26,2.2356323025332503e-26,2.646333202063746e-21
control45,246,matrix,246-s11,s11,1.2848441358421325e-22,1.2848441358421325e-22,2.885988895767236e-27,2.885988895767236e-27,3.407506965422733e-22
control45,246,matrix,246-s12,s12,9.338093633899414e-24,9.338093633899414e-24,2.937671141049992e-28,2.937671141049992e-28,3.8134276159216615e-23
control45,246,matrix,246-s13,s13,6.8591771253329065e-25,6.8591771253329065e-25,1.77128171314439e-29,1.77128171314439e-29,2.376903034677908e-24
control45,246,matrix,246-s14,s14,1.3276844579231717e-25,1.3276844579231717e-25,3.689357067052045e-30,3.689357067052045e-30,4.824540665240158e-25
control45,246,matrix,246-s15,s15,4.758093435931055e-26,4.758093435931055e-26,1.3073501127061546e-30,1.3073501127061546e-30,1.624261905020358e-25
control45,246,matrix,246-s16,s16,4.195162293965341e-27,4.195162293965341e-27,1.9167037309853238e-32,1.9167037309853238e-32,1.7289672175787316e-26
control45,246,matrix,246-s17,s17,5.318894653452672e-28,5.318894653452672e-28,1.482045202267903e-32,1.482045202267903e-32,1.824902232069755e-27
control45,246,matrix,246-s18,s18,4.2388947703985306e-29,4.2388947703985306e-29,7.251472365247574e-34,7.251472365247574e-34,1.1626071845559882e-28
control45,246,matrix,246-s19,s19,1.8758557658331677e-30,1.8758557658331677e-30,8.845476067023675e-36,8.845476067023675e-36,8.77182421343629e-30
control45,246,matrix,246-s20,s20,1.5330402357322397e-31,1.5330402357322397e-31,1.611907698762053e-36,1.611907698762053e-36,5.685236817088684e-31
control45,246,matrix,246-core,core,1.8113371126961953e-31,1.8113371126961953e-31,4.2188781427618696e-36,4.2188781427618696e-36,6.172882590615415e-31
control45,247,matrix,247-s1,s1,4.9264411994265345e-14,4.9264411994265345e-14,1.2818363898243914e-18,1.2818363898243914e-18,3.456047297303866e-13
control45,247,matrix,247-s2,s2,9.055256544598933e-16,9.055256544598933e-16,2.265377580115012e-21,2.265377580115012e-21,4.661307435551614e-15
control45,247,matrix,247-s3,s3,6.727474480272555e-17,6.727474480272555e-17,4.609103489069597e-21,4.609103489069597e-21,5.169095058282417e-16
control45,247,matrix,247-s4,s4,3.0960748288039186e-17,3.0960748288039186e-17,1.2527363232077715e-21,1.2527363232077715e-21,1.7316791452657853e-16
control45,247,matrix,247-s5,s5,1.0614169862043638e-17,1.0614169862043638e-17,2.553787754752235e-22,2.553787754752235e-22,4.2188882206402345e-17
control45,247,matrix,247-s6,s6,1.019615910257364e-19,1.019615910257364e-19,4.006105766158304e-24,4.006105766158304e-24,7.662995346265824e-19
control45,247,matrix,247-s7,s7,3.5241864561699233e-19,3.5241864561699233e-19,1.0548547487134414e-23,1.0548547487134414e-23,1.4732723693167154e-18
control45,247,matrix,247-s8,s8,2.80579663777987e-21,2.80579663777987e-21,2.525443133829022e-25,2.525443133829022e-25,2.9189281697447347e-20
control45,247,matrix,247-s9,s9,2.079118469652035e-21,2.079118469652035e-21,1.3918516705377757e-26,1.3918516705377757e-26,1.1289126078923869e-20
control45,247,matrix,247-s10,s10,5.05872643364461e-22,5.05872643364461e-22,2.0575796481677453e-26,2.0575796481677453e-26,2.539399051122947e-21
control45,247,matrix,247-s11,s11,3.535550883810636e-23,3.535550883810636e-23,1.9803458519225298e-27,1.9803458519225298e-27,2.0272926989329214e-22
control45,247,matrix,247-s12,s12,5.910625529346195e-24,5.910625529346195e-24,3.0545101622654207e-29,3.0545101622654207e-29,3.1969709946599844e-23
control45,247,matrix,247-s13,s13,6.352286662074093e-25,6.352286662074093e-25,9.00182845960337e-30,9.00182845960337e-30,3.869403489259827e-24
control45,247,matrix,247-s14,s14,1.0007804987995844e-25,1.0007804987995844e-25,2.29470365301787e-30,2.29470365301787e-30,6.346399655447078e-25
control45,247,matrix,247-s15,s15,7.629862675297626e-27,7.629862675297626e-27,5.11957011522059e-31,5.11957011522059e-31,4.836069024574368e-26
control45,247,matrix,247-s16,s16,1.1736278117425603e-27,1.1736278117425603e-27,4.925478999764335e-32,4.925478999764335e-32,5.73431655089364e-27
control45,247,matrix,247-s17,s17,5.534352288191161e-29,5.534352288191161e-29,2.308442585187381e-33,2.308442585187381e-33,3.070473957183128e-28
control45,247,matrix,247-s18,s18,4.001312052458921e-29,4.001312052458921e-29,6.480167377421226e-34,6.480167377421226e-34,2.4805313329988935e-28
control45,247,matrix,247-s19,s19,2.6847463424758068e-31,2.6847463424758068e-31,5.9782178267848534e-36,5.9782178267848534e-36,1.4311639155659659e-30
control45,247,matrix,247-s20,s20,4.913047288131839e-31,4.913047288131839e-31,1.6889214840869825e-36,1.6889214840869825e-36,2.523209603337495e-30
control45,247,matrix,247-core,core,1.988522667579821e-32,1.988522667579821e-32,1.192852233025238e-36,1.192852233025238e-36,9.62355823065346e-32
control45,248,matrix,248-s1,s1,1.8231943732516243e-15,1.8231943732516243e-15,8.017329195762173e-22,8.017329195762173e-22,1.0335436730090665e-14
control45,248,matrix,248-s2,s2,1.3535179921309037e-15,1.3535179921309037e-15,2.4492249051765408e-20,2.4492249051765408e-20,8.56611195821852e-15
control45,248,matrix,248-s3,s3,2.5673907444456745e-16,2.5673907444456745e-16,7.737129434762946e-21,7.737129434762946e-21,1.2901876680053046e-15
control45,248,matrix,248-s4,s4,1.7809375935790017e-16,1.7809375935790017e-16,2.143195728202964e-21,2.143195728202964e-21,6.715244118607591e-16
control45,248,matrix,248-s5,s5,3.83892272354594e-17,3.83892272354594e-17,2.402783600739102e-22,2.402783600739102e-22,1.1752287666855348e-16
control45,248,matrix,248-s6,s6,1.600256995600187e-18,1.600256995600187e-18,2.198127151993407e-23,2.198127151993407e-23,7.173554290340559e-18
control45,248,matrix,248-s7,s7,5.323866771289295e-19,5.323866771289295e-19,1.935099450117199e-24,1.935099450117199e-24,1.5187744578367028e-18
control45,248,matrix,248-s8,s8,4.533611501280634e-20,4.533611501280634e-20,5.721750488584194e-26,5.721750488584194e-26,1.3550651297847643e-19
control45,248,matrix,248-s9,s9,3.62677339573875e-21,3.62677339573875e-21,4.9289777090596156e-26,4.9289777090596156e-26,1.3054508891504155e-20
control45,248,matrix,248-s10,s10,4.426450252924389e-22,4.426450252924389e-22,3.206495047280226e-28,3.206495047280226e-28,1.4454030784745548e-21
control45,248,matrix,248-s11,s11,3.949787424940707e-23,3.949787424940707e-23,1.005142535352915e-27,1.005142535352915e-27,1.9861481859013064e-22
control45,248,matrix,248-s12,s12,9.460878256075254e-24,9.460878256075254e-24,6.376219602600032e-30,6.376219602600032e-30,2.562917454868926e-23
control45,248,matrix,248-s13,s13,1.5994312625537059e-25,1.5994312625537059e-25,3.7143225232568415e-30,3.7143225232568415e-30,1.0027682156580755e-24
control45,248,matrix,248-s14,s14,9.704882400390976e-26,9.704882400390976e-26,1.208125654973517e-30,1.208125654973517e-30,4.32385849589794e-25
control45,248,matrix,248-s15,s15,1.9028902755741247e-26,1.9028902755741247e-26,2.469922237844957e-31,2.469922237844957e-31,7.31209463991211e-26
control45,248,matrix,248-s16,s16,3.035142332837843e-27,3.035142332837843e-27,2.0532234989779066e-33,2.0532234989779066e-33,8.478794825070517e-27
control45,248,matrix,248-s17,s17,1.7806069745035526e-28,1.7806069745035526e-28,4.740213797094887e-33,4.740213797094887e-33,1.008852008672437e-27
control45,248,matrix,248-s18,s18,5.29492067750494e-29,5.29492067750494e-29,2.8767412650999667e-34,2.8767412650999667e-34,1.5128220861635362e-28
control45,248,matrix,248-s19,s19,1.190340261427975e-29,1.190340261427975e-29,1.1120300186562807e-35,1.1120300186562807e-35,3.33699588842515e-29
control45,248,matrix,248-s20,s20,1.1208912276333713e-31,1.1208912276333713e-31,4.417071290717247e-36,4.417071290717247e-36,4.665135780656103e-31
control45,248,matrix,248-core,core,4.2021383974099e-32,4.2021383974099e-32,2.3417134432729155e-37,2.3417134432729155e-37,1.130883558606001e-31
control45,195,volume,195-whole,whole,3.0256783745130633e-09,3.0256783745130633e-09,1.2107417247735974e-13,1.2107417247735974e-13,1.482959352365476e-08
control45,196,volume,196-whole,whole,3.764137446182758e-09,3.764137446182758e-09,1.7988187026782718e-13,1.7988187026782718e-13,2.447670219979381e-08
control45,197,volume,197-s1,s1,7.558984172817418e-06,7.558984172817418e-06,1.9851814219617106e-10,1.9851814219617106e-10,6.357804427164528e-05
control45,197,volume,197-s2,s2,6.918035921898991e-09,6.918035921898991e-09,1.3618175074709367e-13,1.3618175074709367e-13,4.663707470382861e-08
control45,197,volume,197-s3,s3,3.650010849121088e-12,3.650010849121088e-12,5.880797495122405e-17,5.880797495122405e-17,2.232363989843056e-11
control45,197,volume,197-s4,s4,5.731526364627371e-15,5.731526364627371e-15,1.277270484393005e-19,1.277270484393005e-19,2.216738247227002e-14
control45,197,volume,197-s5,s5,1.7763568394002505e-15,1.7763568394002505e-15,2.943364414382572e-20,2.943364414382572e-20,5.716873753431055e-15
control45,197,volume,197-s6,s6,1.9081958235744878e-17,1.9081958235744878e-17,1.177207682079148e-21,1.177207682079148e-21,5.249994910376879e-17
control45,197,volume,197-s7,s7,6.158268339717665e-17,6.158268339717665e-17,8.830139973812083e-22,8.830139973812083e-22,1.8940481234240748e-16
control45,197,volume,197-s8,s8,4.980553729855286e-18,4.980553729855286e-18,6.710527448903198e-23,6.710527448903198e-23,1.5008879540503142e-17
control45,197,volume,197-s9,s9,4.45539330255762e-19,4.45539330255762e-19,4.9569313563053125e-24,4.9569313563053125e-24,1.3473737427241305e-18
control45,197,volume,197-s10,s10,6.638620724105579e-20,6.638620724105579e-20,1.031096315245476e-24,1.031096315245476e-24,2.117215096712603e-19
control45,197,volume,197-s11,s11,9.727644003623605e-21,9.727644003623605e-21,9.934248141439426e-26,9.934248141439426e-26,2.91454065665635e-20
control45,197,volume,197-s12,s12,1.522012327097571e-22,1.522012327097571e-22,1.3000600744377912e-27,1.3000600744377912e-27,5.574756197589207e-22
control45,197,volume,197-s13,s13,5.583469134732937e-23,5.583469134732937e-23,3.3925472317484776e-28,3.3925472317484776e-28,1.9604775989161062e-22
control45,197,volume,197-s14,s14,4.1488277598362794e-23,4.1488277598362794e-23,6.245450206691734e-28,6.245450206691734e-28,1.297687642116313e-22
control45,197,volume,197-s15,s15,3.654458096865134e-24,3.654458096865134e-24,5.39107921111421e-29,5.39107921111421e-29,1.1599826121073467e-23
control45,197,volume,197-s16,s16,1.6317430052315585e-25,1.6317430052315585e-25,3.132515770891755e-30,3.132515770891755e-30,5.0226503945229065e-25
control45,197,volume,197-s17,s17,2.8272774843121063e-26,2.8272774843121063e-26,3.431986552983011e-31,3.431986552983011e-31,8.808681434584084e-26
control45,197,volume,197-s18,s18,3.3069049146864815e-27,3.3069049146864815e-27,4.3957104489463554e-32,4.3957104489463554e-32,1.0647420534987055e-26
control45,197,volume,197-s19,s19,7.257520328033309e-28,7.257520328033309e-28,9.116474005282913e-33,9.116474005282913e-33,2.2681403487572504e-27
control45,197,volume,197-s20,s20,1.34106353887572e-29,1.34106353887572e-29,2.7426786864593734e-34,2.7426786864593734e-34,4.5819159144448214e-29
control45,197,volume,197-core,core,3.821045009664276e-30,3.821045009664276e-30,4.8014489781818673e-35,4.8014489781818673e-35,1.1607167100540448e-29
control45,198,volume,198-whole,whole,2.775481178218797e-09,2.775481178218797e-09,1.0497696118802307e-13,1.0497696118802307e-13,1.4814237328172886e-08
control45,199,volume,199-whole,whole,2.0487709306848956e-09,2.0487709306848956e-09,2.751753141046382e-14,2.751753141046382e-14,1.4132279280848481e-08
control45,200,volume,200-s1,s1,7.669716996616671e-06,7.669716996616671e-06,5.975549065159813e-11,5.975549065159813e-11,5.613553632090838e-05
control45,200,volume,200-s2,s2,7.014930192283941e-09,7.014930192283941e-09,5.2413708224203675e-14,5.2413708224203675e-14,4.246622341578729e-08
control45,200,volume,200-s3,s3,3.695543870918527e-12,3.695543870918527e-12,2.6871629103484506e-17,2.6871629103484506e-17,2.3079875873964137e-11
control45,200,volume,200-s4,s4,9.492406860545088e-15,9.492406860545088e-15,1.4682725772861514e-19,1.4682725772861514e-19,3.0014571828374664e-14
control45,200,volume,200-s5,s5,1.0061396160665481e-15,1.0061396160665481e-15,6.503236411479498e-21,6.503236411479498e-21,2.7510269580148148e-15
control45,200,volume,200-s6,s6,3.230922474006803e-16,3.230922474006803e-16,3.0778113601527957e-21,3.0778113601527957e-21,9.19342121714538e-16
control45,200,volume,200-s7,s7,9.269928574751063e-18,9.269928574751063e-18,1.2991507001533266e-23,1.2991507001533266e-23,2.3256996660855972e-17
control45,200,volume,200-s8,s8,1.7957098481791167e-18,1.7957098481791167e-18,4.835983629750187e-24,4.835983629750187e-24,4.448816880645699e-18
control45,200,volume,200-s9,s9,2.659683454378503e-19,2.659683454378503e-19,1.3312290306482368e-24,1.3312290306482368e-24,6.847909972193525e-19
control45,200,volume,200-s10,s10,9.77264262894649e-20,9.77264262894649e-20,9.090761831368457e-25,9.090761831368457e-25,2.618761230044242e-19
control45,200,volume,200-s11,s11,7.940933880509066e-22,7.940933880509066e-22,9.820640247689298e-27,9.820640247689298e-27,2.8477043937423058e-21
control45,200,volume,200-s12,s12,5.343586757092559e-22,5.343586757092559e-22,7.155738640431846e-27,7.155738640431846e-27,1.555503337548208e-21
control45,200,volume,200-s13,s13,1.5799149699762829e-22,1.5799149699762829e-22,1.3139260730249644e-27,1.3139260730249644e-27,4.236422804740615e-22
control45,200,volume,200-s14,s14,1.527699193808873e-23,1.527699193808873e-23,1.5144125012174164e-28,1.5144125012174164e-28,4.3230334849409957e-23
control45,200,volume,200-s15,s15,1.5574259970724974e-24,1.5574259970724974e-24,1.940006399869046e-29,1.940006399869046e-29,4.421267859380043e-24
control45,200,volume,200-s16,s16,1.5832753912147795e-25,1.5832753912147795e-25,1.7436132659615126e-30,1.7436132659615126e-30,4.474189394730689e-25
control45,200,volume,200-s17,s17,4.205575257914258e-26,4.205575257914258e-26,3.571583428730253e-31,3.571583428730253e-31,1.1558508432278048e-25
control45,200,volume,200-s18,s18,3.2248633805434963e-27,3.2248633805434963e-27,2.529281054900322e-32,2.529281054900322e-32,8.84943353424966e-27
control45,200,volume,200-s19,s19,5.750795999061176e-28,5.750795999061176e-28,5.252877172331525e-33,5.252877172331525e-33,1.538140750944664e-27
control45,200,volume,200-s20,s20,5.502304813916557e-29,5.502304813916557e-29,7.056337734323145e-34,7.056337734323145e-34,1.5552826281396416e-28
control45,200,volume,200-core,core,9.367723249499515e-31,9.367723249499515e-31,1.49616947978728e-35,1.49616947978728e-35,3.1369858406203132e-30
control45,202,volume,202-whole,whole,8.485422142712196e-09,8.485422142712196e-09,4.3463952700619236e-13,4.3463952700619236e-13,6.231424473646108e-08
control45,203,volume,203-s1,s1,1.8394080314010353e-05,1.8394080314010353e-05,3.004885674899921e-10,3.004885674899921e-10,0.00012576251118216059
control45,203,volume,203-s2,s2,1.6839413863323216e-08,1.6839413863323216e-08,3.5621426235246356e-13,3.5621426235246356e-13,1.0027954355350949e-07
control45,203,volume,203-s3,s3,8.8863083558266e-12,8.8863083558266e-12,2.1183690562678802e-16,2.1183690562678802e-16,5.575852746100146e-11
control45,203,volume,203-s4,s4,1.5376588891058418e-14,1.5376588891058418e-14,7.022315171782845e-20,7.022315171782845e-20,5.27998326484147e-14
control45,203,volume,203-s5,s5,3.427813588530171e-15,3.427813588530171e-15,2.33695214967746e-20,2.33695214967746e-20,1.068990138379175e-14
control45,203,volume,203-s6,s6,6.938893903907228e-17,6.938893903907228e-17,1.6026904842914835e-21,1.6026904842914835e-21,2.2346285571609023e-16
control45,203,volume,203-s7,s7,7.697835424647081e-18,7.697835424647081e-18,5.278862704476018e-24,5.278862704476018e-24,2.9472120970464255e-17
control45,203,volume,203-s8,s8,3.4558944247975454e-18,3.4558944247975454e-18,4.140652166108076e-23,4.140652166108076e-23,1.1194609115316997e-17
control45,203,volume,203-s9,s9,1.3298417271892515e-18,1.3298417271892515e-18,4.454572219560054e-24,4.454572219560054e-24,3.9394048348377005e-18
control45,203,volume,203-s10,s10,4.446922973085077e-20,4.446922973085077e-20,1.1386509126194615e-25,1.1386509126194615e-25,1.2091367049280294e-19
control45,203,volume,203-s11,s11,1.4161332086907834e-20,1.4161332086907834e-20,3.346575823414788e-28,3.346575823414788e-28,4.1295793618979146e-20
control45,203,volume,203-s12,s12,2.2003004293910536e-21,2.2003004293910536e-21,5.6109985425167865e-27,5.6109985425167865e-27,6.275282061608929e-21
control45,203,volume,203-s13,s13,1.286265852519958e-22,1.286265852519958e-22,9.368832971814242e-28,9.368832971814242e-28,4.15453053787204e-22
control45,203,volume,203-s14,s14,3.4276296632666084e-23,3.4276296632666084e-23,2.510343844711007e-28,2.510343844711007e-28,1.0657299905386146e-22
control45,203,volume,203-s15,s15,2.4233807008389483e-24,2.4233807008389483e-24,4.671489687757997e-30,4.671489687757997e-30,7.159766265461619e-24
control45,203,volume,203-s16,s16,1.4378725491644426e-25,1.4378725491644426e-25,9.013400090689098e-31,9.013400090689098e-31,4.493834727813356e-25
control45,203,volume,203-s17,s17,1.3631516442219084e-26,1.3631516442219084e-26,1.5354940815783427e-31,1.5354940815783427e-31,5.260307625006876e-26
control45,203,volume,203-s18,s18,8.570184874321072e-27,8.570184874321072e-27,8.654492179731994e-33,8.654492179731994e-33,2.405298873585673e-26
control45,203,volume,203-s19,s19,5.285368064980779e-28,5.285368064980779e-28,6.199982380858866e-34,6.199982380858866e-34,1.5356587057754054e-27
control45,203,volume,203-s20,s20,5.107874361306051e-29,5.107874361306051e-29,1.2837354615828069e-34,1.2837354615828069e-34,1.4829205649149666e-28
control45,203,volume,203-core,core,1.232595164407831e-29,1.232595164407831e-29,3.7861092880886364e-36,3.7861092880886364e-36,3.7992397805386394e-29
control45,206,volume,206-s1,s1,1.8428895039335202e-05,1.8428895039335202e-05,1.3610162801205617e-10,1.3610162801205617e-10,0.00012702622327012865
control45,206,volume,206-s2,s2,1.6864629692747712e-08,1.6864629692747712e-08,2.4918504990717027e-13,2.4918504990717027e-13,9.660569692294951e-08
control45,206,volume,206-s3,s3,8.893857872394051e-12,8.893857872394051e-12,1.5847409308072724e-16,1.5847409308072724e-16,5.3037752575230135e-11
control45,206,volume,206-s4,s4,4.413136522884997e-14,4.413136522884997e-14,6.906831465009719e-19,6.906831465009719e-19,1.4059893115210553e-13
control45,206,volume,206-s5,s5,1.1463052729254741e-14,1.1463052729254741e-14,1.9085267378085143e-19,1.9085267378085143e-19,3.301138964235343e-14
control45,206,volume,206-s6,s6,3.434752482434078e-16,3.434752482434078e-16,5.211523494003048e-21,5.211523494003048e-21,1.0274408006240993e-15
control45,206,volume,206-s7,s7,2.5012544119240587e-16,2.5012544119240587e-16,3.915711839194325e-21,3.915711839194325e-21,7.053869891469731e-16
control45,206,volume,206-s8,s8,3.618524750670371e-18,3.618524750670371e-18,9.494057351300685e-23,9.494057351300685e-23,1.0525117251657404e-17
control45,206,volume,206-s9,s9,2.4292904927253334e-18,2.4292904927253334e-18,4.076709297447362e-23,4.076709297447362e-23,6.7770814528650645e-18
control45,206,volume,206-s10,s10,6.113460296807913e-19,6.113460296807913e-19,1.0203452892030324e-23,1.0203452892030324e-23,1.729568744893318e-18
control45,206,volume,206-s11,s11,3.978407874135042e-20,3.978407874135042e-20,6.518374780366378e-25,6.518374780366378e-25,1.1141724972367883e-19
control45,206,volume,206-s12,s12,7.815202427401005e-21,7.815202427401005e-21,1.248944367319806e-25,1.248944367319806e-25,2.2000799976727633e-20
control45,206,volume,206-s13,s13,2.2871543937091215e-22,2.2871543937091215e-22,3.592610083845768e-27,3.592610083845768e-27,6.234718209084628e-22
control45,206,volume,206-s14,s14,2.7296960214249913e-23,2.7296960214249913e-23,4.451529981472633e-28,4.451529981472633e-28,7.931333344684913e-23
control45,206,volume,206-s15,s15,7.709581802935641e-24,7.709581802935641e-24,1.294771088338874e-28,1.294771088338874e-28,2.2471189834266172e-23
control45,206,volume,206-s16,s16,8.990742400112498e-25,8.990742400112498e-25,1.4326312411580892e-29,1.4326312411580892e-29,2.5371500830785246e-24
control45,206,volume,206-s17,s17,1.63578197306629e-25,1.63578197306629e-25,2.6690913125280637e-30,2.6690913125280637e-30,4.451133939069824e-25
control45,206,volume,206-s18,s18,2.8436857911407034e-26,2.8436857911407034e-26,4.800798362052192e-31,4.800798362052192e-31,8.002638707529329e-26
control45,206,volume,206-s19,s19,2.2845411815200502e-27,2.2845411815200502e-27,3.879347877119685e-32,3.879347877119685e-32,6.36474768988311e-27
control45,206,volume,206-s20,s20,7.987216665362745e-29,7.987216665362745e-29,1.6589274180873046e-33,1.6589274180873046e-33,2.243096929078734e-28
control45,206,volume,206-core,core,1.050664118141235e-28,1.050664118141235e-28,1.7588286728936404e-33,1.7588286728936404e-33,2.9498159315384596e-28
control45,237,volume,237-whole,whole,4.786713247995067e-10,4.786713247995067e-10,2.6465380071624994e-14,2.6465380071624994e-14,2.653323022882778e-09
control45,240,volume,240-whole,whole,4.5656634029001e-10,4.5656634029001e-10,3.0332029097114043e-14,3.0332029097114043e-14,2.48761972436104e-09
control45,243,volume,243-whole,whole,1.1188134863004962e-09,1.1188134863004962e-09,5.080165295677846e-14,5.080165295677846e-14,5.269131483562339e-09
control45,244,volume,244-whole,whole,4.325109159708518e-10,4.325109159708518e-10,4.090210020946033e-14,4.090210020946033e-14,2.4019179700740523e-09
control45,246,volume,246-s1,s1,2.299642698488924e-08,2.299642698488924e-08,3.278441897157934e-13,3.278441897157934e-13,1.1214595055714289e-07
control45,246,volume,246-s2,s2,1.120303849688753e-11,1.120303849688753e-11,7.276864886081745e-17,7.276864886081745e-17,5.4614143285905414e-11
control45,246,volume,246-s3,s3,7.771561172376096e-15,7.771561172376096e-15,3.7922166537677106e-19,3.7922166537677106e-19,2.2879349239821045e-14
control45,246,volume,246-s4,s4,1.5432100042289676e-14,1.5432100042289676e-14,2.4965753321722033e-19,2.4965753321722033e-19,4.090901472826938e-14
control45,246,volume,246-s5,s5,1.4779844015322396e-15,1.4779844015322396e-15,2.62517320666578e-20,2.62517320666578e-20,3.950933725216138e-15
control45,246,volume,246-s6,s6,6.418476861114186e-16,6.418476861114186e-16,1.2795153488865591e-20,1.2795153488865591e-20,1.6581017093662405e-15
control45,246,volume,246-s7,s7,1.0907073855204175e-16,1.0907073855204175e-16,1.7746205732509603e-21,1.7746205732509603e-21,2.729996867013777e-16
control45,246,volume,246-s8,s8,1.883801274693564e-18,1.883801274693564e-18,5.1739118933640074e-23,5.1739118933640074e-23,5.21114185443423e-18
control45,246,volume,246-s9,s9,1.6432439176733427e-18,1.6432439176733427e-18,3.3275304716544354e-23,3.3275304716544354e-23,4.288267078803332e-18
control45,246,volume,246-s10,s10,1.2536087619363645e-19,1.2536087619363645e-19,2.817699961458385e-24,2.817699961458385e-24,3.157734713271395e-19
control45,246,volume,246-s11,s11,2.159934015498466e-20,2.159934015498466e-20,3.6422617839853295e-25,3.6422617839853295e-25,5.409523031950119e-20
control45,246,volume,246-s12,s12,4.430379360834016e-21,4.430379360834016e-21,8.660866042207586e-26,8.660866042207586e-26,1.1145171942060647e-20
control45,246,volume,246-s13,s13,1.3565762045869654e-22,1.3565762045869654e-22,2.444569347197295e-27,2.444569347197295e-27,3.5008098577802213e-22
control45,246,volume,246-s14,s14,6.467518414398985e-23,6.467518414398985e-23,1.2982364506771278e-27,1.2982364506771278e-27,1.6456809797757223e-22
control45,246,volume,246-s15,s15,6.126306411720861e-24,6.126306411720861e-24,1.1509360338463252e-28,1.1509360338463252e-28,1.5857970517354946e-23
control45,246,volume,246-s16,s16,5.8484254246913285e-25,5.8484254246913285e-25,1.0870907368323518e-29,1.0870907368323518e-29,1.5057108727010701e-24
control45,246,volume,246-s17,s17,2.877764582246251e-26,2.877764582246251e-26,3.9287460503607578e-31,3.9287460503607578e-31,7.531122576671809e-26
control45,246,volume,246-s18,s18,4.13994203059987e-27,4.13994203059987e-27,8.679515988194052e-32,8.679515988194052e-32,1.0297815989690001e-26
control45,246,volume,246-s19,s19,2.461246024289557e-28,2.461246024289557e-28,3.738790969600555e-33,3.738790969600555e-33,5.881157841672629e-28
control45,246,volume,246-s20,s20,8.184431891667997e-29,8.184431891667997e-29,1.588119441402994e-33,1.588119441402994e-33,2.2223244942378263e-28
control45,246,volume,246-core,core,5.635425091672603e-29,5.635425091672603e-29,1.0638160475462862e-33,1.0638160475462862e-33,1.4551829533201703e-28
control45,247,volume,247-s1,s1,1.7267964835809835e-11,1.7267964835809835e-11,5.162323994532605e-16,5.162323994532605e-16,1.0405427734727635e-10
control45,247,volume,247-s2,s2,1.5010215292932116e-13,1.5010215292932116e-13,9.619255997996661e-18,9.619255997996661e-18,5.738953488322075e-13
control45,247,volume,247-s3,s3,1.199040866595169e-14,1.199040866595169e-14,7.71074575063329e-19,7.71074575063329e-19,4.975860828514318e-14
control45,247,volume,247-s4,s4,3.913536161803677e-15,3.913536161803677e-15,1.7074939602038532e-19,1.7074939602038532e-19,1.492429193194946e-14
control45,247,volume,247-s5,s5,5.689893001203927e-16,5.689893001203927e-16,4.342129640758517e-20,4.342129640758517e-20,2.8252586226413563e-15
control45,247,volume,247-s6,s6,9.410874857174178e-17,9.410874857174178e-17,7.456048622284487e-21,7.456048622284487e-21,4.1218080705633573e-16
control45,247,volume,247-s7,s7,1.4148838350935833e-17,1.4148838350935833e-17,1.0176052295616404e-21,1.0176052295616404e-21,6.310041899371217e-17
control45,247,volume,247-s8,s8,1.294266343404571e-18,1.294266343404571e-18,1.3730105256328207e-22,1.3730105256328207e-22,6.598431372100517e-18
control45,247,volume,247-s9,s9,8.809142651444724e-20,8.809142651444724e-20,8.962036287140582e-24,8.962036287140582e-24,4.495700997935826e-19
control45,247,volume,247-s10,s10,5.0610218598444445e-20,5.0610218598444445e-20,3.0823758321430632e-24,3.0823758321430632e-24,2.075354878896711e-19
control45,247,volume,247-s11,s11,3.785178483042655e-21,3.785178483042655e-21,2.7392294671616367e-25,2.7392294671616367e-25,1.619144728390034e-20
control45,247,volume,247-s12,s12,8.288349737781337e-22,8.288349737781337e-22,5.509168814577874e-26,5.509168814577874e-26,3.6175273894867986e-21
control45,247,volume,247-s13,s13,1.0070923957833112e-22,1.0070923957833112e-22,6.3796509903833355e-27,6.3796509903833355e-27,4.310465389391387e-22
control45,247,volume,247-s14,s14,1.0830896145616206e-23,1.0830896145616206e-23,6.485312728722571e-28,6.485312728722571e-28,4.546739773515522e-23
control45,247,volume,247-s15,s15,2.0194839173657902e-24,2.0194839173657902e-24,1.5358693663126657e-28,1.5358693663126657e-28,8.990184541118893e-24
control45,247,volume,247-s16,s16,8.643391166325582e-26,8.643391166325582e-26,6.852606538970859e-30,6.852606538970859e-30,4.045759675626166e-25
control45,247,volume,247-s17,s17,2.473867798773093e-27,2.473867798773093e-27,2.090036648314272e-31,2.090036648314272e-31,1.2594265160838387e-26
control45,247,volume,247-s18,s18,6.014275541404994e-27,6.014275541404994e-27,3.999620600542423e-31,3.999620600542423e-31,2.571004975267107e-26
control45,247,volume,247-s19,s19,1.3252863207712998e-28,1.3252863207712998e-28,1.1428233051012528e-32,1.1428233051012528e-32,5.940288247795538e-28
control45,247,volume,247-s20,s20,4.4866463984445046e-30,4.4866463984445046e-30,2.1407630174125634e-34,2.1407630174125634e-34,2.1345286696305927e-29
control45,247,volume,247-core,core,5.6329599013437874e-30,5.6329599013437874e-30,4.561673873252829e-34,4.561673873252829e-34,2.4273402743394726e-29
control45,248,volume,248-s1,s1,8.029132914089132e-13,8.029132914089132e-13,5.1240283242728115e-18,5.1240283242728115e-18,3.1850485790463345e-12
control45,248,volume,248-s2,s2,1.723066134218243e-13,1.723066134218243e-13,2.96225916841309e-18,2.96225916841309e-18,5.698371462192764e-13
control45,248,volume,248-s3,s3,1.0680345496894006e-13,1.0680345496894006e-13,2.31897739049716e-18,2.31897739049716e-18,3.5330722722437535e-13
control45,248,volume,248-s4,s4,1.9068080447937064e-14,1.9068080447937064e-14,3.99319270908839e-19,3.99319270908839e-19,6.00766588169585e-14
control45,248,volume,248-s5,s5,3.608224830031759e-15,3.608224830031759e-15,9.265845955009866e-20,9.265845955009866e-20,1.0861830437359533e-14
control45,248,volume,248-s6,s6,8.413408858487514e-17,8.413408858487514e-17,1.8561507225152536e-21,1.8561507225152536e-21,2.6480859851438156e-16
control45,248,volume,248-s7,s7,1.8323016715005025e-17,1.8323016715005025e-17,5.390947607907547e-22,5.390947607907547e-22,5.2836016043036833e-17
control45,248,volume,248-s8,s8,1.5043305143236374e-18,1.5043305143236374e-18,3.9709206776652676e-23,3.9709206776652676e-23,4.7927533319182374e-18
control45,248,volume,248-s9,s9,7.504711912673101e-19,7.504711912673101e-19,1.612864655949084e-23,1.612864655949084e-23,2.3952731294737905e-18
control45,248,volume,248-s10,s10,7.517417406881916e-21,7.517417406881916e-21,2.162644368799444e-26,2.162644368799444e-26,3.3233994938680284e-20
control45,248,volume,248-s11,s11,9.926167350636332e-22,9.926167350636332e-22,4.27398197727482e-27,4.27398197727482e-27,4.667449859554952e-21
control45,248,volume,248-s12,s12,1.2118195973901855e-22,1.2118195973901855e-22,4.658188354684386e-27,4.658188354684386e-27,5.388294912470544e-22
control45,248,volume,248-s13,s13,1.493061005658215e-22,1.493061005658215e-22,3.4742402800877614e-27,3.4742402800877614e-27,4.666405095327521e-22
control45,248,volume,248-s14,s14,1.3234889800848443e-23,1.3234889800848443e-23,3.2865679886431153e-28,3.2865679886431153e-28,4.101714464686774e-23
control45,248,volume,248-s15,s15,2.1842738050228387e-24,2.1842738050228387e-24,5.259577768114493e-29,5.259577768114493e-29,6.726302264977814e-24
control45,248,volume,248-s16,s16,9.04728794979874e-26,9.04728794979874e-26,2.7867477803553893e-30,2.7867477803553893e-30,2.610957152847671e-25
control45,248,volume,248-s17,s17,4.4327671986179095e-26,4.4327671986179095e-26,8.287056973408991e-31,8.287056973408991e-31,1.3522279080938367e-25
control45,248,volume,248-s18,s18,5.818638036910183e-27,5.818638036910183e-27,1.3839164509414192e-31,1.3839164509414192e-31,1.651096338840673e-26
control45,248,volume,248-s19,s19,3.3132158019282496e-28,3.3132158019282496e-28,1.1078766277380461e-32,1.1078766277380461e-32,9.410602137206882e-28
control45,248,volume,248-s20,s20,1.0827115924158387e-28,1.0827115924158387e-28,2.3999989901111283e-33,2.3999989901111283e-33,3.319067157797837e-28
control45,248,volume,248-core,core,2.465190328815662e-30,2.465190328815662e-30,2.777353435298162e-35,2.777353435298162e-35,7.236447198157713e-30
control45,195,passiveFiber,195-whole,whole,0.0,0.0,0.0,0.0,0.0
control45,196,passiveFiber,196-whole,whole,0.0,0.0,0.0,0.0,0.0
control45,197,passiveFiber,197-s1,s1,0.0,0.0,0.0,0.0,0.0
control45,197,passiveFiber,197-s2,s2,0.0,0.0,0.0,0.0,0.0
control45,197,passiveFiber,197-s3,s3,0.0,0.0,0.0,0.0,0.0
control45,197,passiveFiber,197-s4,s4,0.0,0.0,0.0,0.0,0.0
control45,197,passiveFiber,197-s5,s5,0.0,0.0,0.0,0.0,0.0
control45,197,passiveFiber,197-s6,s6,0.0,0.0,0.0,0.0,0.0
control45,197,passiveFiber,197-s7,s7,0.0,0.0,0.0,0.0,0.0
control45,197,passiveFiber,197-s8,s8,0.0,0.0,0.0,0.0,0.0
control45,197,passiveFiber,197-s9,s9,0.0,0.0,0.0,0.0,0.0
control45,197,passiveFiber,197-s10,s10,0.0,0.0,0.0,0.0,0.0
control45,197,passiveFiber,197-s11,s11,0.0,0.0,0.0,0.0,0.0
control45,197,passiveFiber,197-s12,s12,0.0,0.0,0.0,0.0,0.0
control45,197,passiveFiber,197-s13,s13,0.0,0.0,0.0,0.0,0.0
control45,197,passiveFiber,197-s14,s14,0.0,0.0,0.0,0.0,0.0
control45,197,passiveFiber,197-s15,s15,0.0,0.0,0.0,0.0,0.0
control45,197,passiveFiber,197-s16,s16,0.0,0.0,0.0,0.0,0.0
control45,197,passiveFiber,197-s17,s17,0.0,0.0,0.0,0.0,0.0
control45,197,passiveFiber,197-s18,s18,0.0,0.0,0.0,0.0,0.0
control45,197,passiveFiber,197-s19,s19,0.0,0.0,0.0,0.0,0.0
control45,197,passiveFiber,197-s20,s20,0.0,0.0,0.0,0.0,0.0
control45,197,passiveFiber,197-core,core,0.0,0.0,0.0,0.0,0.0
control45,198,passiveFiber,198-whole,whole,0.0,0.0,0.0,0.0,0.0
control45,199,passiveFiber,199-whole,whole,0.0,0.0,0.0,0.0,0.0
control45,200,passiveFiber,200-s1,s1,0.0,0.0,0.0,0.0,0.0
control45,200,passiveFiber,200-s2,s2,0.0,0.0,0.0,0.0,0.0
control45,200,passiveFiber,200-s3,s3,0.0,0.0,0.0,0.0,0.0
control45,200,passiveFiber,200-s4,s4,0.0,0.0,0.0,0.0,0.0
control45,200,passiveFiber,200-s5,s5,0.0,0.0,0.0,0.0,0.0
control45,200,passiveFiber,200-s6,s6,0.0,0.0,0.0,0.0,0.0
control45,200,passiveFiber,200-s7,s7,0.0,0.0,0.0,0.0,0.0
control45,200,passiveFiber,200-s8,s8,0.0,0.0,0.0,0.0,0.0
control45,200,passiveFiber,200-s9,s9,0.0,0.0,0.0,0.0,0.0
control45,200,passiveFiber,200-s10,s10,0.0,0.0,0.0,0.0,0.0
control45,200,passiveFiber,200-s11,s11,0.0,0.0,0.0,0.0,0.0
control45,200,passiveFiber,200-s12,s12,0.0,0.0,0.0,0.0,0.0
control45,200,passiveFiber,200-s13,s13,0.0,0.0,0.0,0.0,0.0
control45,200,passiveFiber,200-s14,s14,0.0,0.0,0.0,0.0,0.0
control45,200,passiveFiber,200-s15,s15,0.0,0.0,0.0,0.0,0.0
control45,200,passiveFiber,200-s16,s16,0.0,0.0,0.0,0.0,0.0
control45,200,passiveFiber,200-s17,s17,0.0,0.0,0.0,0.0,0.0
control45,200,passiveFiber,200-s18,s18,0.0,0.0,0.0,0.0,0.0
control45,200,passiveFiber,200-s19,s19,0.0,0.0,0.0,0.0,0.0
control45,200,passiveFiber,200-s20,s20,0.0,0.0,0.0,0.0,0.0
control45,200,passiveFiber,200-core,core,0.0,0.0,0.0,0.0,0.0
control45,202,passiveFiber,202-whole,whole,0.0,0.0,0.0,0.0,0.0
control45,203,passiveFiber,203-s1,s1,0.0,0.0,0.0,0.0,0.0
control45,203,passiveFiber,203-s2,s2,0.0,0.0,0.0,0.0,0.0
control45,203,passiveFiber,203-s3,s3,0.0,0.0,0.0,0.0,0.0
control45,203,passiveFiber,203-s4,s4,0.0,0.0,0.0,0.0,0.0
control45,203,passiveFiber,203-s5,s5,0.0,0.0,0.0,0.0,0.0
control45,203,passiveFiber,203-s6,s6,0.0,0.0,0.0,0.0,0.0
control45,203,passiveFiber,203-s7,s7,0.0,0.0,0.0,0.0,0.0
control45,203,passiveFiber,203-s8,s8,0.0,0.0,0.0,0.0,0.0
control45,203,passiveFiber,203-s9,s9,0.0,0.0,0.0,0.0,0.0
control45,203,passiveFiber,203-s10,s10,0.0,0.0,0.0,0.0,0.0
control45,203,passiveFiber,203-s11,s11,0.0,0.0,0.0,0.0,0.0
control45,203,passiveFiber,203-s12,s12,0.0,0.0,0.0,0.0,0.0
control45,203,passiveFiber,203-s13,s13,0.0,0.0,0.0,0.0,0.0
control45,203,passiveFiber,203-s14,s14,0.0,0.0,0.0,0.0,0.0
control45,203,passiveFiber,203-s15,s15,0.0,0.0,0.0,0.0,0.0
control45,203,passiveFiber,203-s16,s16,0.0,0.0,0.0,0.0,0.0
control45,203,passiveFiber,203-s17,s17,0.0,0.0,0.0,0.0,0.0
control45,203,passiveFiber,203-s18,s18,0.0,0.0,0.0,0.0,0.0
control45,203,passiveFiber,203-s19,s19,0.0,0.0,0.0,0.0,0.0
control45,203,passiveFiber,203-s20,s20,0.0,0.0,0.0,0.0,0.0
control45,203,passiveFiber,203-core,core,0.0,0.0,0.0,0.0,0.0
control45,206,passiveFiber,206-s1,s1,0.0,0.0,0.0,0.0,0.0
control45,206,passiveFiber,206-s2,s2,0.0,0.0,0.0,0.0,0.0
control45,206,passiveFiber,206-s3,s3,0.0,0.0,0.0,0.0,0.0
control45,206,passiveFiber,206-s4,s4,0.0,0.0,0.0,0.0,0.0
control45,206,passiveFiber,206-s5,s5,0.0,0.0,0.0,0.0,0.0
control45,206,passiveFiber,206-s6,s6,0.0,0.0,0.0,0.0,0.0
control45,206,passiveFiber,206-s7,s7,0.0,0.0,0.0,0.0,0.0
control45,206,passiveFiber,206-s8,s8,0.0,0.0,0.0,0.0,0.0
control45,206,passiveFiber,206-s9,s9,0.0,0.0,0.0,0.0,0.0
control45,206,passiveFiber,206-s10,s10,0.0,0.0,0.0,0.0,0.0
control45,206,passiveFiber,206-s11,s11,0.0,0.0,0.0,0.0,0.0
control45,206,passiveFiber,206-s12,s12,0.0,0.0,0.0,0.0,0.0
control45,206,passiveFiber,206-s13,s13,0.0,0.0,0.0,0.0,0.0
control45,206,passiveFiber,206-s14,s14,0.0,0.0,0.0,0.0,0.0
control45,206,passiveFiber,206-s15,s15,0.0,0.0,0.0,0.0,0.0
control45,206,passiveFiber,206-s16,s16,0.0,0.0,0.0,0.0,0.0
control45,206,passiveFiber,206-s17,s17,0.0,0.0,0.0,0.0,0.0
control45,206,passiveFiber,206-s18,s18,0.0,0.0,0.0,0.0,0.0
control45,206,passiveFiber,206-s19,s19,0.0,0.0,0.0,0.0,0.0
control45,206,passiveFiber,206-s20,s20,0.0,0.0,0.0,0.0,0.0
control45,206,passiveFiber,206-core,core,0.0,0.0,0.0,0.0,0.0
control45,237,passiveFiber,237-whole,whole,1.6964207816272392e-13,1.6964207816272392e-13,2.12041804685098e-17,2.12041804685098e-17,4.3832263665020965e-13
control45,240,passiveFiber,240-whole,whole,1.7319479184152442e-13,1.7319479184152442e-13,9.674525571026632e-19,9.674525571026632e-19,6.235650440688774e-13
control45,243,passiveFiber,243-whole,whole,6.039613253960852e-13,6.039613253960852e-13,4.083094426578539e-17,4.083094426578539e-17,1.810796738249687e-12
control45,244,passiveFiber,244-whole,whole,4.263256414560601e-13,4.263256414560601e-13,2.0414970295923007e-17,2.0414970295923007e-17,1.6861841783955e-12
control45,246,passiveFiber,246-s1,s1,7.65609797781508e-13,7.65609797781508e-13,6.089957009174066e-18,6.089957009174066e-18,2.8912523417079505e-12
control45,246,passiveFiber,246-s2,s2,1.5476508963274682e-13,1.5476508963274682e-13,3.3009927075339647e-18,3.3009927075339647e-18,6.319783021555003e-13
control45,246,passiveFiber,246-s3,s3,3.097522238704187e-14,3.097522238704187e-14,4.045517311297669e-19,4.045517311297669e-19,1.0056070017493146e-13
control45,246,passiveFiber,246-s4,s4,1.1282641487753153e-14,1.1282641487753153e-14,1.616358617687592e-19,1.616358617687592e-19,3.0789900895545046e-14
control45,246,passiveFiber,246-s5,s5,4.917941054394248e-16,4.917941054394248e-16,3.753178833955765e-21,3.753178833955765e-21,1.5831212014398772e-15
control45,246,passiveFiber,246-s6,s6,2.484991379336776e-16,2.484991379336776e-16,3.5524377299286126e-21,3.5524377299286126e-21,6.738664745035295e-16
control45,246,passiveFiber,246-s7,s7,7.182839392716467e-18,7.182839392716467e-18,1.3677699737814364e-22,1.3677699737814364e-22,1.7801049515064543e-17
control45,246,passiveFiber,246-s8,s8,1.0045810754436002e-18,1.0045810754436002e-18,1.6474035291011748e-23,1.6474035291011748e-23,2.8813713611356208e-18
control45,246,passiveFiber,246-s9,s9,3.46859991900636e-19,3.46859991900636e-19,5.032715387696415e-24,5.032715387696415e-24,1.0158079560347013e-18
control45,246,passiveFiber,246-s10,s10,1.8237678145569154e-20,1.8237678145569154e-20,2.3805113229505843e-25,2.3805113229505843e-25,5.748762063212027e-20
control45,246,passiveFiber,246-s11,s11,5.740633451118012e-21,5.740633451118012e-21,8.704395128679927e-26,8.704395128679927e-26,1.5655364377555602e-20
control45,246,passiveFiber,246-s12,s12,1.2552465795492195e-21,1.2552465795492195e-21,1.9096631414457298e-26,1.9096631414457298e-26,3.256608186342314e-21
control45,246,passiveFiber,246-s13,s13,6.467518414398985e-23,6.467518414398985e-23,9.819103132901405e-28,9.819103132901405e-28,1.7154240766952974e-22
control45,246,passiveFiber,246-s14,s14,2.784625983977341e-23,2.784625983977341e-23,4.137921219048427e-28,4.137921219048427e-28,7.440619373119161e-23
control45,246,passiveFiber,246-s15,s15,6.421958857223213e-25,6.421958857223213e-25,1.0443199771990897e-29,1.0443199771990897e-29,1.5683548849849294e-24
control45,246,passiveFiber,246-s16,s16,3.736045247126712e-27,3.736045247126712e-27,2.83831409960215e-32,2.83831409960215e-32,9.469982359622858e-27
control45,246,passiveFiber,246-s17,s17,1.2912075296657521e-26,1.2912075296657521e-26,1.2570793464526896e-31,1.2570793464526896e-31,4.2803725087454e-26
control45,246,passiveFiber,246-s18,s18,2.816233431639012e-27,2.816233431639012e-27,3.723399647374593e-32,3.723399647374593e-32,8.33845035027998e-27
control45,246,passiveFiber,246-s19,s19,4.614836295542919e-29,4.614836295542919e-29,7.534506806483923e-34,7.534506806483923e-34,1.1351720617542267e-28
control45,246,passiveFiber,246-s20,s20,5.043779412756844e-29,5.043779412756844e-29,7.091511927093913e-34,7.091511927093913e-34,1.3880961941260885e-28
control45,246,passiveFiber,246-core,core,1.2261240397946898e-29,1.2261240397946898e-29,1.7987604382656703e-34,1.7987604382656703e-34,3.375111490378972e-29
control45,247,passiveFiber,247-s1,s1,3.779199175824033e-13,3.779199175824033e-13,9.319353241130068e-18,9.319353241130068e-18,1.2758664567555367e-12
control45,247,passiveFiber,247-s2,s2,9.547918011776346e-14,9.547918011776346e-14,8.773432817143038e-19,8.773432817143038e-19,3.319895356887481e-13
control45,247,passiveFiber,247-s3,s3,1.672273430841642e-15,1.672273430841642e-15,1.5191760291364494e-20,1.5191760291364494e-20,6.692373434938337e-15
control45,247,passiveFiber,247-s4,s4,2.0747292772682613e-15,2.0747292772682613e-15,2.871179667012427e-20,2.871179667012427e-20,5.7966504927770175e-15
control45,247,passiveFiber,247-s5,s5,6.704706234650359e-16,6.704706234650359e-16,1.0143086456231567e-20,1.0143086456231567e-20,1.7198660416259338e-15
control45,247,passiveFiber,247-s6,s6,5.898059818321144e-17,5.898059818321144e-17,7.578191914432325e-22,7.578191914432325e-22,1.4998966938914552e-16
control45,247,passiveFiber,247-s7,s7,3.876022766635678e-18,3.876022766635678e-18,1.5645405547150975e-23,1.5645405547150975e-23,1.0000008316352869e-17
control45,247,passiveFiber,247-s8,s8,7.623296525288703e-19,7.623296525288703e-19,8.087142021799566e-24,8.087142021799566e-24,1.833159881725784e-18
control45,247,passiveFiber,247-s9,s9,3.9810548520952116e-20,3.9810548520952116e-20,5.372897540571388e-25,5.372897540571388e-25,9.92876036798623e-20
control45,247,passiveFiber,247-s10,s10,2.6469779601696886e-21,2.6469779601696886e-21,5.811134332909025e-26,5.811134332909025e-26,7.6728634453759e-21
control45,247,passiveFiber,247-s11,s11,1.2804755882320868e-21,1.2804755882320868e-21,1.5358705521783716e-26,1.5358705521783716e-26,3.2130604499904667e-21
control45,247,passiveFiber,247-s12,s12,4.5577651751671825e-22,4.5577651751671825e-22,5.274005573651352e-27,5.274005573651352e-27,1.1233008711104067e-21
control45,247,passiveFiber,247-s13,s13,5.061311373058838e-23,5.061311373058838e-23,5.822404869704966e-28,5.822404869704966e-28,1.2446553363637291e-22
control45,247,passiveFiber,247-s14,s14,4.555955717577223e-24,4.555955717577223e-24,7.465012674001975e-29,7.465012674001975e-29,1.1270896131411447e-23
control45,247,passiveFiber,247-s15,s15,5.420294834209781e-25,5.420294834209781e-25,6.777177104110843e-30,6.777177104110843e-30,1.3367585306377459e-24
control45,247,passiveFiber,247-s16,s16,1.943753270464573e-27,1.943753270464573e-27,9.644083969545233e-32,9.644083969545233e-32,7.462735322650484e-27
control45,247,passiveFiber,247-s17,s17,1.2886831747690449e-26,1.2886831747690449e-26,1.9577636101878628e-31,1.9577636101878628e-31,3.2052362628799126e-26
control45,247,passiveFiber,247-s18,s18,1.8396236309753995e-27,1.8396236309753995e-27,2.082651639910137e-32,2.082651639910137e-32,4.669215172519225e-27
control45,247,passiveFiber,247-s19,s19,8.914128228997433e-29,8.914128228997433e-29,9.428504177751852e-34,9.428504177751852e-34,2.220180102009314e-28
control45,247,passiveFiber,247-s20,s20,7.370919083158829e-30,7.370919083158829e-30,8.216676162685531e-35,8.216676162685531e-35,1.7488244265721525e-29
control45,247,passiveFiber,247-core,core,4.868750899410932e-31,4.868750899410932e-31,7.199096186812667e-36,7.199096186812667e-36,1.6056739729350094e-30
control45,248,passiveFiber,248-s1,s1,7.704947790898586e-13,7.704947790898586e-13,6.029671284419307e-18,6.029671284419307e-18,2.6218994830058337e-12
control45,248,passiveFiber,248-s2,s2,3.7247982476174e-14,3.7247982476174e-14,1.562375005732637e-18,1.562375005732637e-18,1.7732446370641308e-13
control45,248,passiveFiber,248-s3,s3,3.175237850427948e-14,3.175237850427948e-14,5.860628378313707e-19,5.860628378313707e-19,8.689224808970143e-14
control45,248,passiveFiber,248-s4,s4,4.826000710167477e-15,4.826000710167477e-15,5.446635357922328e-20,5.446635357922328e-20,1.3855280660098252e-14
control45,248,passiveFiber,248-s5,s5,6.166941957097549e-16,6.166941957097549e-16,5.433682706048042e-21,5.433682706048042e-21,1.849944613403091e-15
control45,248,passiveFiber,248-s6,s6,2.5804011705155006e-17,2.5804011705155006e-17,5.642604019450997e-22,5.642604019450997e-22,7.17987105508832e-17
control45,248,passiveFiber,248-s7,s7,9.446111427779957e-18,9.446111427779957e-18,1.5423181003026122e-22,1.5423181003026122e-22,2.2812744501181525e-17
control45,248,passiveFiber,248-s8,s8,9.520650327138336e-19,9.520650327138336e-19,1.3987334415498768e-23,1.3987334415498768e-23,2.3873829217981114e-18
control45,248,passiveFiber,248-s9,s9,2.490276864927643e-19,2.490276864927643e-19,3.45421970169713e-24,3.45421970169713e-24,6.470048197668462e-19
control45,248,passiveFiber,248-s10,s10,8.973255284975244e-21,8.973255284975244e-21,1.696020272465291e-25,1.696020272465291e-25,2.1591475123407184e-20
control45,248,passiveFiber,248-s11,s11,4.241782181171926e-21,4.241782181171926e-21,5.86802109580193e-26,5.86802109580193e-26,1.1020873674879113e-20
control45,248,passiveFiber,248-s12,s12,4.293067379150214e-22,4.293067379150214e-22,6.571902526206193e-27,6.571902526206193e-27,1.0164513267096359e-21
control45,248,passiveFiber,248-s13,s13,1.1430602089717151e-22,1.1430602089717151e-22,1.557376070562802e-27,1.557376070562802e-27,2.8079012074887527e-22
control45,248,passiveFiber,248-s14,s14,4.717514430966486e-24,4.717514430966486e-24,5.363122348144651e-29,5.363122348144651e-29,1.2217459709902004e-23
control45,248,passiveFiber,248-s15,s15,2.366835151152706e-25,2.366835151152706e-25,2.0072039828142427e-30,2.0072039828142427e-30,6.532600387785587e-25
control45,248,passiveFiber,248-s16,s16,4.341890422336449e-26,4.341890422336449e-26,4.376531505482596e-31,4.376531505482596e-31,1.190316834717058e-25
control45,248,passiveFiber,248-s17,s17,6.411861437636384e-27,6.411861437636384e-27,8.772664631513966e-32,8.772664631513966e-32,1.5284171273395398e-26
control45,248,passiveFiber,248-s18,s18,7.557287472017293e-28,7.557287472017293e-28,9.232724974397274e-33,9.232724974397274e-33,2.0775746473215177e-27
control45,248,passiveFiber,248-s19,s19,3.2934942792977243e-29,3.2934942792977243e-29,2.009270721253059e-34,2.009270721253059e-34,9.757627191602549e-29
control45,248,passiveFiber,248-s20,s20,4.4299470208817444e-29,4.4299470208817444e-29,6.291047814341281e-34,6.291047814341281e-34,1.1145513395371315e-28
control45,248,passiveFiber,248-core,core,1.8103741477240017e-31,1.8103741477240017e-31,3.716742442199376e-36,3.716742442199376e-36,5.926663818810346e-31
control45,195,activePotential,195-whole,whole,4.779510121011299e-13,4.779510121011299e-13,4.7524866260179885e-18,4.7524866260179885e-18,2.448887121732357e-12
control45,196,activePotential,196-whole,whole,1.110556091532544e-12,1.110556091532544e-12,5.679005098839637e-18,5.679005098839637e-18,7.100713680235904e-12
control45,197,activePotential,197-s1,s1,6.59694521232268e-12,6.59694521232268e-12,1.7784319482206223e-17,1.7784319482206223e-17,7.103045061851443e-11
control45,197,activePotential,197-s2,s2,8.837375276016246e-14,8.837375276016246e-14,1.3496299436928276e-18,1.3496299436928276e-18,3.505824103244848e-13
control45,197,activePotential,197-s3,s3,3.397282455352979e-14,3.397282455352979e-14,3.5870828846416333e-19,3.5870828846416333e-19,1.2913896839904238e-13
control45,197,activePotential,197-s4,s4,3.70536934468646e-15,3.70536934468646e-15,4.7282743611388817e-20,4.7282743611388817e-20,1.3631829768722542e-14
control45,197,activePotential,197-s5,s5,6.713379852030243e-16,6.713379852030243e-16,5.301337072532363e-21,5.301337072532363e-21,2.2427561559271625e-15
control45,197,activePotential,197-s6,s6,9.410874857174178e-17,9.410874857174178e-17,1.1237346515044156e-21,1.1237346515044156e-21,3.164212508273994e-16
control45,197,activePotential,197-s7,s7,1.6886448836461732e-17,1.6886448836461732e-17,2.145593874040625e-22,2.145593874040625e-22,5.891020366551711e-17
control45,197,activePotential,197-s8,s8,3.0662592690605672e-18,3.0662592690605672e-18,4.181619826883563e-23,4.181619826883563e-23,1.1491700299323217e-17
control45,197,activePotential,197-s9,s9,6.098637220230962e-20,6.098637220230962e-20,1.0582216560544765e-25,1.0582216560544765e-25,2.0159424453551339e-19
control45,197,activePotential,197-s10,s10,2.97520322723073e-20,2.97520322723073e-20,3.487759687382485e-25,3.487759687382485e-25,1.0808454378148989e-19
control45,197,activePotential,197-s11,s11,7.874759431504823e-22,7.874759431504823e-22,2.9802529012232862e-27,2.9802529012232862e-27,4.95474987734726e-21
control45,197,activePotential,197-s12,s12,1.49719690872098e-22,1.49719690872098e-22,2.4922564510795028e-27,2.4922564510795028e-27,6.723783358336623e-22
control45,197,activePotential,197-s13,s13,4.4047367618448724e-23,4.4047367618448724e-23,6.237189200086171e-28,6.237189200086171e-28,1.4037732136557326e-22
control45,197,activePotential,197-s14,s14,1.981356061005924e-23,1.981356061005924e-23,2.4483708862659585e-28,2.4483708862659585e-28,6.99144982681974e-23
control45,197,activePotential,197-s15,s15,1.6979820777211564e-24,1.6979820777211564e-24,2.1121987469179456e-29,2.1121987469179456e-29,5.799302484218319e-24
control45,197,activePotential,197-s16,s16,3.6350710512584224e-26,3.6350710512584224e-26,2.8758245932745814e-31,2.8758245932745814e-31,1.2308843001112532e-25
control45,197,activePotential,197-s17,s17,1.7241343944510434e-26,1.7241343944510434e-26,2.04366673426496e-31,2.04366673426496e-31,5.473309693837672e-26
control45,197,activePotential,197-s18,s18,6.279332805559254e-28,6.279332805559254e-28,3.357459743822613e-33,3.357459743822613e-33,2.182486500161646e-27
control45,197,activePotential,197-s19,s19,6.164947974302207e-28,6.164947974302207e-28,7.373637493010124e-33,7.373637493010124e-33,2.045881679500162e-27
control45,197,activePotential,197-s20,s20,8.874685183736383e-30,8.874685183736383e-30,5.801166415892175e-35,5.801166415892175e-35,3.579305246144624e-29
control45,197,activePotential,197-core,core,2.8888949165808538e-31,2.8888949165808538e-31,2.208502227632082e-36,2.208502227632082e-36,1.4747362218417232e-30
control45,198,activePotential,198-whole,whole,2.361888462587558e-12,2.361888462587558e-12,2.9293430228292694e-17,2.9293430228292694e-17,1.5936455930939952e-11
control45,199,activePotential,199-whole,whole,7.153166947659884e-13,7.153166947659884e-13,3.959452073090528e-19,3.959452073090528e-19,3.698541744135558e-12
control45,200,activePotential,200-s1,s1,4.732048086708573e-13,4.732048086708573e-13,5.093879812093435e-19,5.093879812093435e-19,2.273041130318454e-12
control45,200,activePotential,200-s2,s2,1.305622276959184e-13,1.305622276959184e-13,9.922733958755254e-19,9.922733958755254e-19,5.876861497444708e-13
control45,200,activePotential,200-s3,s3,1.9539925233402755e-14,1.9539925233402755e-14,1.3822551526241649e-19,1.3822551526241649e-19,5.870239190575166e-14
control45,200,activePotential,200-s4,s4,8.326672684688674e-16,8.326672684688674e-16,1.5495498356413266e-20,1.5495498356413266e-20,3.01246928877813e-15
control45,200,activePotential,200-s5,s5,1.2836953722228372e-16,1.2836953722228372e-16,1.9688267228436222e-21,1.9688267228436222e-21,4.445059500601117e-16
control45,200,activePotential,200-s6,s6,1.5829351718288365e-17,1.5829351718288365e-17,6.179074983088771e-23,6.179074983088771e-23,5.248830240074404e-17
control45,200,activePotential,200-s7,s7,4.363913744254155e-18,4.363913744254155e-18,6.963922910794308e-23,6.963922910794308e-23,1.7132776605435123e-17
control45,200,activePotential,200-s8,s8,7.657177843178875e-19,7.657177843178875e-19,4.872324651720092e-24,4.872324651720092e-24,2.6413946978301088e-18
control45,200,activePotential,200-s9,s9,2.4521603823011995e-19,2.4521603823011995e-19,2.696363130069054e-24,2.696363130069054e-24,8.718093718198275e-19
control45,200,activePotential,200-s10,s10,2.991085094991748e-20,2.991085094991748e-20,3.3621237773349226e-25,3.3621237773349226e-25,1.0549758861938956e-19
control45,200,activePotential,200-s11,s11,1.3499587596865412e-21,1.3499587596865412e-21,3.974493496448279e-27,3.974493496448279e-27,3.4609001559342305e-21
control45,200,activePotential,200-s12,s12,4.218621124020441e-23,4.218621124020441e-23,4.4463658448083765e-28,4.4463658448083765e-28,1.2183064952771266e-22
control45,200,activePotential,200-s13,s13,5.402523375736962e-24,5.402523375736962e-24,1.6438682287288248e-28,1.6438682287288248e-28,2.85740230734546e-23
control45,200,activePotential,200-s14,s14,2.714186384939622e-25,2.714186384939622e-25,2.4843832195186406e-30,2.4843832195186406e-30,1.991948789098809e-24
control45,200,activePotential,200-s15,s15,1.8417693326376007e-25,1.8417693326376007e-25,2.842892423752754e-30,2.842892423752754e-30,8.00373689953599e-25
control45,200,activePotential,200-s16,s16,4.0515896092151166e-27,4.0515896092151166e-27,1.4671696866866664e-31,1.4671696866866664e-31,1.764571975490901e-26
control45,200,activePotential,200-s17,s17,1.4085900323626387e-26,1.4085900323626387e-26,1.1157029154138657e-31,1.1157029154138657e-31,4.462398383429618e-26
control45,200,activePotential,200-s18,s18,1.066539943858808e-27,1.066539943858808e-27,1.246232171818889e-32,1.246232171818889e-32,2.9246363666185096e-27
control45,200,activePotential,200-s19,s19,4.220405842932413e-29,4.220405842932413e-29,3.5228834392547366e-34,3.5228834392547366e-34,1.6447999970860683e-28
control45,200,activePotential,200-s20,s20,1.5185572425504477e-29,1.5185572425504477e-29,1.517004122924071e-34,1.517004122924071e-34,4.6812475247802265e-29
control45,200,activePotential,200-core,core,1.7256332301709633e-31,1.7256332301709633e-31,7.094530366311566e-37,7.094530366311566e-37,9.556001129531822e-31
control45,202,activePotential,202-whole,whole,2.398081733190338e-12,2.398081733190338e-12,5.731836143567334e-17,5.731836143567334e-17,1.12736009763581e-11
control45,203,activePotential,203-s1,s1,4.355626970209414e-12,4.355626970209414e-12,2.237859397594779e-16,2.237859397594779e-16,2.2551245593138702e-11
control45,203,activePotential,203-s2,s2,4.760636329592671e-13,4.760636329592671e-13,1.454367521792161e-17,1.454367521792161e-17,1.5163426070330388e-12
control45,203,activePotential,203-s3,s3,8.149037000748649e-14,8.149037000748649e-14,2.454008539014482e-18,2.454008539014482e-18,2.725181191820525e-13
control45,203,activePotential,203-s4,s4,7.077671781985373e-16,7.077671781985373e-16,6.147889236468208e-20,6.147889236468208e-20,4.08158749853893e-15
control45,203,activePotential,203-s5,s5,2.1718737919229625e-15,2.1718737919229625e-15,4.315624310845945e-20,4.315624310845945e-20,6.3269227639113634e-15
control45,203,activePotential,203-s6,s6,1.6566609195578508e-16,1.6566609195578508e-16,2.9808719357322987e-21,2.9808719357322987e-21,4.375230104429473e-16
control45,203,activePotential,203-s7,s7,1.4203048459560108e-17,1.4203048459560108e-17,3.607816028295308e-22,3.607816028295308e-22,4.618222151777458e-17
control45,203,activePotential,203-s8,s8,2.7647155398380363e-18,2.7647155398380363e-18,5.435837536756951e-23,5.435837536756951e-23,8.143958744415306e-18
control45,203,activePotential,203-s9,s9,1.0384623933337722e-18,1.0384623933337722e-18,1.877985890357404e-23,1.877985890357404e-23,3.030350221296298e-18
control45,203,activePotential,203-s10,s10,3.22931311140702e-21,3.22931311140702e-21,6.645811852911103e-26,6.645811852911103e-26,1.9934619785176084e-20
control45,203,activePotential,203-s11,s11,1.0402623383466876e-20,1.0402623383466876e-20,2.019091740910544e-25,2.019091740910544e-25,2.885668034505254e-20
control45,203,activePotential,203-s12,s12,4.599124205794834e-22,4.599124205794834e-22,6.530432544487223e-27,6.530432544487223e-27,1.274312501969521e-21
control45,203,activePotential,203-s13,s13,1.646089418980525e-22,1.646089418980525e-22,2.850612635583502e-27,2.850612635583502e-27,4.620506911719574e-22
control45,203,activePotential,203-s14,s14,2.274746684520826e-24,2.274746684520826e-24,1.5781452049534073e-29,1.5781452049534073e-29,5.3248737260761816e-24
control45,203,activePotential,203-s15,s15,3.1019272970738538e-24,3.1019272970738538e-24,6.49736362696149e-29,6.49736362696149e-29,9.370136436638344e-24
control45,203,activePotential,203-s16,s16,7.674038885990003e-26,7.674038885990003e-26,2.0571722081651038e-30,2.0571722081651038e-30,2.7023972862675417e-25
control45,203,activePotential,203-s17,s17,2.928251680180396e-27,2.928251680180396e-27,9.87025895456936e-32,9.87025895456936e-32,1.595720311884865e-26
control45,203,activePotential,203-s18,s18,3.811775894027929e-27,3.811775894027929e-27,6.09473175782776e-32,6.09473175782776e-32,1.1591443068351635e-26
control45,203,activePotential,203-s19,s19,2.540132114811658e-28,2.540132114811658e-28,4.24084460057727e-33,4.24084460057727e-33,8.197882624015417e-28
control45,203,activePotential,203-s20,s20,1.7552155141167513e-29,1.7552155141167513e-29,3.936261844605202e-34,3.936261844605202e-34,5.45023245542107e-29
control45,203,activePotential,203-core,core,1.5481395264962357e-29,1.5481395264962357e-29,2.884572504381086e-34,2.884572504381086e-34,4.3703979124578923e-29
control45,206,activePotential,206-s1,s1,1.1759482276829658e-12,1.1759482276829658e-12,1.2474904846253096e-17,1.2474904846253096e-17,4.065893455251768e-12
control45,206,activePotential,206-s2,s2,3.3306690738754696e-13,3.3306690738754696e-13,9.429264803217374e-18,9.429264803217374e-18,1.4326023006772104e-12
control45,206,activePotential,206-s3,s3,2.4646951146678475e-14,2.4646951146678475e-14,7.45641507930806e-19,7.45641507930806e-19,1.1989216043561957e-13
control45,206,activePotential,206-s4,s4,2.942091015256665e-15,2.942091015256665e-15,8.194079316540869e-20,8.194079316540869e-20,1.0341282951492614e-14
control45,206,activePotential,206-s5,s5,1.205632815803881e-15,1.205632815803881e-15,3.11012660102438e-20,3.11012660102438e-20,3.763664693215343e-15
control45,206,activePotential,206-s6,s6,1.734723475976807e-16,1.734723475976807e-16,5.271093309173606e-21,5.271093309173606e-21,6.220944013254155e-16
control45,206,activePotential,206-s7,s7,6.179952383167375e-18,6.179952383167375e-18,1.745378955229086e-22,1.745378955229086e-22,2.5854727802871857e-17
control45,206,activePotential,206-s8,s8,3.2390539903004445e-18,3.2390539903004445e-18,9.278755561290057e-23,9.278755561290057e-23,1.0265058491310785e-17
control45,206,activePotential,206-s9,s9,5.082197683525802e-20,5.082197683525802e-20,1.9657836723784107e-24,1.9657836723784107e-24,2.5398075352785233e-19
control45,206,activePotential,206-s10,s10,4.6269174743766156e-20,4.6269174743766156e-20,1.3604066688035354e-24,1.3604066688035354e-24,1.7376831362864575e-19
control45,206,activePotential,206-s11,s11,9.661469554619363e-22,9.661469554619363e-22,2.810010846690404e-26,2.810010846690404e-26,4.317862552200533e-21
control45,206,activePotential,206-s12,s12,8.106370003019671e-23,8.106370003019671e-23,2.8430477284739577e-27,2.8430477284739577e-27,2.3013165295506285e-22
control45,206,activePotential,206-s13,s13,4.094544032137487e-23,4.094544032137487e-23,1.4248160065341549e-27,1.4248160065341549e-27,1.6194788864773837e-22
control45,206,activePotential,206-s14,s14,8.55614946109538e-24,8.55614946109538e-24,2.2364075125781476e-28,2.2364075125781476e-28,2.701314828743804e-23
control45,206,activePotential,206-s15,s15,1.0598251598335667e-24,1.0598251598335667e-24,2.8364079950294515e-29,2.8364079950294515e-29,3.5731369313955715e-24
control45,206,activePotential,206-s16,s16,1.3328593854614215e-26,1.3328593854614215e-26,5.79631767414059e-31,5.79631767414059e-31,7.617566137418624e-26
control45,206,activePotential,206-s17,s17,6.15942594796566e-27,6.15942594796566e-27,2.32469142652445e-31,2.32469142652445e-31,2.306403026509886e-26
control45,206,activePotential,206-s18,s18,3.281661365719409e-27,3.281661365719409e-27,1.046886185153374e-31,1.046886185153374e-31,1.2714197847616371e-26
control45,206,activePotential,206-s19,s19,2.5716865510204985e-28,2.5716865510204985e-28,7.213617475607611e-33,7.213617475607611e-33,7.49511661458666e-28
control45,206,activePotential,206-s20,s20,4.2697096495087264e-29,4.2697096495087264e-29,1.3072681276577618e-33,1.3072681276577618e-33,1.3103340195514657e-28
control45,206,activePotential,206-core,core,9.645057161491277e-31,9.645057161491277e-31,1.614303576760951e-35,1.614303576760951e-35,5.427753633860424e-30
control45,237,activePotential,237-whole,whole,0.0,0.0,0.0,0.0,0.0
control45,240,activePotential,240-whole,whole,0.0,0.0,0.0,0.0,0.0
control45,243,activePotential,243-whole,whole,0.0,0.0,0.0,0.0,0.0
control45,244,activePotential,244-whole,whole,0.0,0.0,0.0,0.0,0.0
control45,246,activePotential,246-s1,s1,0.0,0.0,0.0,0.0,0.0
control45,246,activePotential,246-s2,s2,0.0,0.0,0.0,0.0,0.0
control45,246,activePotential,246-s3,s3,0.0,0.0,0.0,0.0,0.0
control45,246,activePotential,246-s4,s4,0.0,0.0,0.0,0.0,0.0
control45,246,activePotential,246-s5,s5,0.0,0.0,0.0,0.0,0.0
control45,246,activePotential,246-s6,s6,0.0,0.0,0.0,0.0,0.0
control45,246,activePotential,246-s7,s7,0.0,0.0,0.0,0.0,0.0
control45,246,activePotential,246-s8,s8,0.0,0.0,0.0,0.0,0.0
control45,246,activePotential,246-s9,s9,0.0,0.0,0.0,0.0,0.0
control45,246,activePotential,246-s10,s10,0.0,0.0,0.0,0.0,0.0
control45,246,activePotential,246-s11,s11,0.0,0.0,0.0,0.0,0.0
control45,246,activePotential,246-s12,s12,0.0,0.0,0.0,0.0,0.0
control45,246,activePotential,246-s13,s13,0.0,0.0,0.0,0.0,0.0
control45,246,activePotential,246-s14,s14,0.0,0.0,0.0,0.0,0.0
control45,246,activePotential,246-s15,s15,0.0,0.0,0.0,0.0,0.0
control45,246,activePotential,246-s16,s16,0.0,0.0,0.0,0.0,0.0
control45,246,activePotential,246-s17,s17,0.0,0.0,0.0,0.0,0.0
control45,246,activePotential,246-s18,s18,0.0,0.0,0.0,0.0,0.0
control45,246,activePotential,246-s19,s19,0.0,0.0,0.0,0.0,0.0
control45,246,activePotential,246-s20,s20,0.0,0.0,0.0,0.0,0.0
control45,246,activePotential,246-core,core,0.0,0.0,0.0,0.0,0.0
control45,247,activePotential,247-s1,s1,0.0,0.0,0.0,0.0,0.0
control45,247,activePotential,247-s2,s2,0.0,0.0,0.0,0.0,0.0
control45,247,activePotential,247-s3,s3,0.0,0.0,0.0,0.0,0.0
control45,247,activePotential,247-s4,s4,0.0,0.0,0.0,0.0,0.0
control45,247,activePotential,247-s5,s5,0.0,0.0,0.0,0.0,0.0
control45,247,activePotential,247-s6,s6,0.0,0.0,0.0,0.0,0.0
control45,247,activePotential,247-s7,s7,0.0,0.0,0.0,0.0,0.0
control45,247,activePotential,247-s8,s8,0.0,0.0,0.0,0.0,0.0
control45,247,activePotential,247-s9,s9,0.0,0.0,0.0,0.0,0.0
control45,247,activePotential,247-s10,s10,0.0,0.0,0.0,0.0,0.0
control45,247,activePotential,247-s11,s11,0.0,0.0,0.0,0.0,0.0
control45,247,activePotential,247-s12,s12,0.0,0.0,0.0,0.0,0.0
control45,247,activePotential,247-s13,s13,0.0,0.0,0.0,0.0,0.0
control45,247,activePotential,247-s14,s14,0.0,0.0,0.0,0.0,0.0
control45,247,activePotential,247-s15,s15,0.0,0.0,0.0,0.0,0.0
control45,247,activePotential,247-s16,s16,0.0,0.0,0.0,0.0,0.0
control45,247,activePotential,247-s17,s17,0.0,0.0,0.0,0.0,0.0
control45,247,activePotential,247-s18,s18,0.0,0.0,0.0,0.0,0.0
control45,247,activePotential,247-s19,s19,0.0,0.0,0.0,0.0,0.0
control45,247,activePotential,247-s20,s20,0.0,0.0,0.0,0.0,0.0
control45,247,activePotential,247-core,core,0.0,0.0,0.0,0.0,0.0
control45,248,activePotential,248-s1,s1,0.0,0.0,0.0,0.0,0.0
control45,248,activePotential,248-s2,s2,0.0,0.0,0.0,0.0,0.0
control45,248,activePotential,248-s3,s3,0.0,0.0,0.0,0.0,0.0
control45,248,activePotential,248-s4,s4,0.0,0.0,0.0,0.0,0.0
control45,248,activePotential,248-s5,s5,0.0,0.0,0.0,0.0,0.0
control45,248,activePotential,248-s6,s6,0.0,0.0,0.0,0.0,0.0
control45,248,activePotential,248-s7,s7,0.0,0.0,0.0,0.0,0.0
control45,248,activePotential,248-s8,s8,0.0,0.0,0.0,0.0,0.0
control45,248,activePotential,248-s9,s9,0.0,0.0,0.0,0.0,0.0
control45,248,activePotential,248-s10,s10,0.0,0.0,0.0,0.0,0.0
control45,248,activePotential,248-s11,s11,0.0,0.0,0.0,0.0,0.0
control45,248,activePotential,248-s12,s12,0.0,0.0,0.0,0.0,0.0
control45,248,activePotential,248-s13,s13,0.0,0.0,0.0,0.0,0.0
control45,248,activePotential,248-s14,s14,0.0,0.0,0.0,0.0,0.0
control45,248,activePotential,248-s15,s15,0.0,0.0,0.0,0.0,0.0
control45,248,activePotential,248-s16,s16,0.0,0.0,0.0,0.0,0.0
control45,248,activePotential,248-s17,s17,0.0,0.0,0.0,0.0,0.0
control45,248,activePotential,248-s18,s18,0.0,0.0,0.0,0.0,0.0
control45,248,activePotential,248-s19,s19,0.0,0.0,0.0,0.0,0.0
control45,248,activePotential,248-s20,s20,0.0,0.0,0.0,0.0,0.0
control45,248,activePotential,248-core,core,0.0,0.0,0.0,0.0,0.0
control45,195,total,195-whole,whole,3.028276296390686e-09,3.028276296390686e-09,1.2120695114659905e-13,1.2120695114659905e-13,1.484416226396612e-08
control45,196,total,196-whole,whole,3.76854458750131e-09,3.76854458750131e-09,1.800491784953762e-13,1.800491784953762e-13,2.4505147051302745e-08
control45,197,total,197-s1,s1,7.566970130490347e-06,7.566970130490347e-06,1.9873327249575516e-10,1.9873327249575516e-10,6.364733698296932e-05
control45,197,total,197-s2,s2,6.9256838042264235e-09,6.9256838042264235e-09,1.3633372364185985e-13,1.3633372364185985e-13,4.668968606874602e-08
control45,197,total,197-s3,s3,3.656824842934725e-12,3.656824842934725e-12,5.913203877759925e-17,5.913203877759925e-17,2.2336805582251484e-11
control45,197,total,197-s4,s4,5.079270337660091e-15,5.079270337660091e-15,5.807249445180886e-20,5.807249445180886e-20,2.97074241291731e-14
control45,197,total,197-s5,s5,1.9116652705264414e-15,1.9116652705264414e-15,4.127435253825992e-20,4.127435253825992e-20,7.133885970562852e-15
control45,197,total,197-s6,s6,9.69276742202041e-17,9.69276742202041e-17,5.200600944786606e-22,5.200600944786606e-22,3.1832567536912515e-16
control45,197,total,197-s7,s7,6.369687763352339e-17,6.369687763352339e-17,1.0724597955186874e-21,1.0724597955186874e-21,2.1533083484227529e-16
control45,197,total,197-s8,s8,5.7462715141731735e-18,5.7462715141731735e-18,9.774795027049175e-23,9.774795027049175e-23,2.4798860185281473e-17
control45,197,total,197-s9,s9,4.45539330255762e-19,4.45539330255762e-19,5.367641495624168e-24,5.367641495624168e-24,1.2871528486305563e-18
control45,197,total,197-s10,s10,7.05154928589205e-20,7.05154928589205e-20,1.3304742808869655e-24,1.3304742808869655e-24,2.838564787862015e-19
control45,197,total,197-s11,s11,1.0098220918047362e-20,1.0098220918047362e-20,1.5618199635765312e-25,1.5618199635765312e-25,2.9534209020418896e-20
control45,197,total,197-s12,s12,2.0514079191315086e-22,2.0514079191315086e-22,3.673724170237001e-27,3.673724170237001e-27,1.1813270831334647e-21
control45,197,total,197-s13,s13,6.100457017578579e-23,6.100457017578579e-23,6.3092582421635945e-28,6.3092582421635945e-28,2.837513391389075e-22
control45,197,total,197-s14,s14,4.546908429627424e-23,4.546908429627424e-23,8.071381187605242e-28,8.071381187605242e-28,1.7454050027481131e-22
control45,197,total,197-s15,s15,3.984037872179231e-24,3.984037872179231e-24,7.086843468386565e-29,7.086843468386565e-29,1.5100735529617846e-23
control45,197,total,197-s16,s16,1.6721326835788743e-25,1.6721326835788743e-25,2.9549213978627937e-30,2.9549213978627937e-30,5.369262425823029e-25
control45,197,total,197-s17,s17,3.0342745858421e-26,3.0342745858421e-26,5.293196354718326e-31,5.293196354718326e-31,1.2630942722121778e-25
control45,197,total,197-s18,s18,3.325837576411786e-27,3.325837576411786e-27,6.141237826162431e-32,6.141237826162431e-32,1.08031238856585e-26
control45,197,total,197-s19,s19,8.02271540609769e-28,8.02271540609769e-28,1.736828357218141e-32,1.736828357218141e-32,3.819502009570704e-27
control45,197,total,197-s20,s20,1.4396711520283465e-29,1.4396711520283465e-29,2.8742513899991854e-34,2.8742513899991854e-34,7.296237507516373e-29
control45,197,total,197-core,core,3.9196526228169024e-30,3.9196526228169024e-30,4.3465819771033536e-35,4.3465819771033536e-35,1.279531174752031e-29
control45,198,total,198-whole,whole,2.7803515045832228e-09,2.7803515045832228e-09,1.0511597406307158e-13,1.0511597406307158e-13,1.4837692494801269e-08
control45,199,total,199-whole,whole,2.0513321041804033e-09,2.0513321041804033e-09,2.7546379826581453e-14,2.7546379826581453e-14,1.4149078159109152e-08
control45,200,total,200-s1,s1,7.677690479823696e-06,7.677690479823696e-06,5.98165499293648e-11,5.98165499293648e-11,5.6195219697498244e-05
control45,200,total,200-s2,s2,7.022595061023651e-09,7.022595061023651e-09,5.24712566225488e-14,5.24712566225488e-14,4.2513232496876885e-08
control45,200,total,200-s3,s3,3.699929251865797e-12,3.699929251865797e-12,2.712856849342797e-17,2.712856849342797e-17,2.3093841617673194e-11
control45,200,total,200-s4,s4,8.909539772616881e-15,8.909539772616881e-15,1.5313282212900958e-19,1.5313282212900958e-19,3.0779903365668604e-14
control45,200,total,200-s5,s5,9.575673587391975e-16,9.575673587391975e-16,1.2279378691024499e-20,1.2279378691024499e-20,2.701618361531169e-15
control45,200,total,200-s6,s6,3.178880769727499e-16,3.178880769727499e-16,3.3602770892605167e-21,3.3602770892605167e-21,8.861870452411304e-16
control45,200,total,200-s7,s7,9.64939933512099e-18,9.64939933512099e-18,9.501939686457539e-23,9.501939686457539e-23,3.510331511781905e-17
control45,200,total,200-s8,s8,2.032879073410321e-18,2.032879073410321e-18,2.2080569047435854e-23,2.2080569047435854e-23,6.801652646165799e-18
control45,200,total,200-s9,s9,3.2102548700937983e-19,3.2102548700937983e-19,3.734515963251148e-24,3.734515963251148e-24,1.4729600256346877e-18
control45,200,total,200-s10,s10,1.0545560193316039e-19,1.0545560193316039e-19,1.2610503418646297e-24,1.2610503418646297e-24,3.232774555308999e-19
control45,200,total,200-s11,s11,1.3367238698856927e-21,1.3367238698856927e-21,1.6797653856966832e-27,1.6797653856966832e-27,4.7439031282889006e-21
control45,200,total,200-s12,s12,5.260868695837256e-22,5.260868695837256e-22,5.864537465787653e-27,5.864537465787653e-27,1.4755637047489529e-21
control45,200,total,200-s13,s13,1.5902547276331957e-22,1.5902547276331957e-22,1.9789347430996306e-27,1.9789347430996306e-27,4.235882915239615e-22
control45,200,total,200-s14,s14,1.540623890880014e-23,1.540623890880014e-23,1.6101995721271299e-28,1.6101995721271299e-28,4.3687648943864495e-23
control45,200,total,200-s15,s15,1.563888345608068e-24,1.563888345608068e-24,1.2517365657967126e-29,1.2517365657967126e-29,4.708575877323562e-24
control45,200,total,200-s16,s16,1.6398209409010217e-25,1.6398209409010217e-25,1.2668550940200094e-30,1.2668550940200094e-30,4.626299914943293e-25
control45,200,total,200-s17,s17,4.437815908411324e-26,4.437815908411324e-26,6.05494770451923e-31,6.05494770451923e-31,1.378861216925927e-25
control45,200,total,200-s18,s18,3.4457444340053796e-27,3.4457444340053796e-27,3.4211610038865607e-32,3.4211610038865607e-32,1.0131011544823812e-26
control45,200,total,200-s19,s19,5.884902352948748e-28,5.884902352948748e-28,4.659068039668984e-33,4.659068039668984e-33,1.6209681267914662e-27
control45,200,total,200-s20,s20,5.354393394187618e-29,5.354393394187618e-29,5.385656753853958e-34,5.385656753853958e-34,1.801123079240834e-28
control45,200,total,200-core,core,7.272311470006203e-31,7.272311470006203e-31,2.3351696107357138e-35,2.3351696107357138e-35,3.495521937910498e-30
control45,202,total,202-whole,whole,8.494644987422362e-09,8.494644987422362e-09,4.350369892778573e-13,4.350369892778573e-13,6.237854513480023e-08
control45,203,total,203-s1,s1,1.8413255475024926e-05,1.8413255475024926e-05,3.008145246169586e-10,3.008145246169586e-10,0.00012589539771834524
control45,203,total,203-s2,s2,1.6857846230067253e-08,1.6857846230067253e-08,3.566039459385222e-13,3.566039459385222e-13,1.0039058210425944e-07
control45,203,total,203-s3,s3,8.895995051716454e-12,8.895995051716454e-12,2.1444442524295918e-16,2.1444442524295918e-16,5.58616191498329e-11
control45,203,total,203-s4,s4,1.6042722705833512e-14,1.6042722705833512e-14,2.654992980199438e-20,2.654992980199438e-20,5.349052364239659e-14
control45,203,total,203-s5,s5,3.858025010572419e-15,3.858025010572419e-15,6.401219449897408e-20,6.401219449897408e-20,1.494589635430213e-14
control45,203,total,203-s6,s6,1.6393136847980827e-16,1.6393136847980827e-16,1.8118465346110514e-21,1.8118465346110514e-21,5.86137482137556e-16
control45,203,total,203-s7,s7,1.5070410197548512e-17,1.5070410197548512e-17,2.0048422087995625e-22,2.0048422087995625e-22,6.944764901022885e-17
control45,203,total,203-s8,s8,4.187730891225261e-18,4.187730891225261e-18,8.288789218925551e-23,8.288789218925551e-23,1.7530341114524034e-17
control45,203,total,203-s9,s9,1.5094127120071632e-18,1.5094127120071632e-18,2.4649240543902055e-23,2.4649240543902055e-23,6.210385081686237e-18
control45,203,total,203-s10,s10,4.2351647362715017e-20,4.2351647362715017e-20,2.096284607521959e-25,2.096284607521959e-25,1.2502248177491984e-19
control45,203,total,203-s11,s11,1.495542547495874e-20,1.495542547495874e-20,2.4376656143217656e-25,2.4376656143217656e-25,6.163972210160434e-20
control45,203,total,203-s12,s12,2.2234614865425384e-21,2.2234614865425384e-21,1.848125075990656e-26,1.848125075990656e-26,6.297969865326154e-21
control45,203,total,203-s13,s13,1.5426918424113966e-22,1.5426918424113966e-22,3.571738262611465e-27,3.571738262611465e-27,7.967013274936874e-22
control45,203,total,203-s14,s14,3.4276296632666084e-23,3.4276296632666084e-23,1.9174812380740702e-28,1.9174812380740702e-28,1.0886630696988074e-22
control45,203,total,203-s15,s15,3.1083896456094243e-24,3.1083896456094243e-24,6.193669687674066e-29,6.193669687674066e-29,1.5796349103033445e-23
control45,203,total,203-s16,s16,1.2359241574278636e-25,1.2359241574278636e-25,1.1446865008847954e-30,1.1446865008847954e-30,5.681797147539213e-25
control45,203,total,203-s17,s17,1.231885189593132e-26,1.231885189593132e-26,3.533052844309894e-32,3.533052844309894e-32,5.1061346904539983e-26
control45,203,total,203-s18,s18,9.251760696432026e-27,9.251760696432026e-27,7.909449727315196e-32,7.909449727315196e-32,3.1314190369140544e-26
control45,203,total,203-s19,s19,5.33269971929404e-28,5.33269971929404e-28,9.568594601419248e-33,9.568594601419248e-33,2.0637068201984143e-27
control45,203,total,203-s20,s20,4.9106591350007985e-29,4.9106591350007985e-29,2.2223812167845613e-34,2.2223812167845613e-34,1.8289565948170336e-28
control45,203,total,203-core,core,1.4273452003842682e-29,1.4273452003842682e-29,3.392687372525045e-34,3.392687372525045e-34,7.205704784784497e-29
control45,206,total,206-s1,s1,1.84481362808242e-05,1.84481362808242e-05,1.3624543122526325e-10,1.3624543122526325e-10,0.00012716045727520844
control45,206,total,206-s2,s2,1.6883022979641282e-08,1.6883022979641282e-08,2.4947265773915206e-13,2.4947265773915206e-13,9.671182615508811e-08
control45,206,total,206-s3,s3,8.90440499112799e-12,8.90440499112799e-12,1.5925525278059735e-16,1.5925525278059735e-16,5.305601444294261e-11
control45,206,total,206-s4,s4,4.235500838944972e-14,4.235500838944972e-14,6.688739807611749e-19,6.688739807611749e-19,1.4592228250384642e-13
control45,206,total,206-s5,s5,1.116468029138673e-14,1.116468029138673e-14,1.734644726943678e-19,1.734644726943678e-19,3.547767006388536e-14
control45,206,total,206-s6,s6,3.7730235602495554e-16,3.7730235602495554e-16,1.1227336358952358e-20,1.1227336358952358e-20,1.4372865859990386e-15
control45,206,total,206-s7,s7,2.500170209751573e-16,2.500170209751573e-16,3.7727011939239475e-21,3.7727011939239475e-21,7.144696705008218e-16
control45,206,total,206-s8,s8,3.144186300207963e-18,3.144186300207963e-18,1.0484122263832432e-24,1.0484122263832432e-24,1.705722854572943e-17
control45,206,total,206-s9,s9,2.4835006013496086e-18,2.4835006013496086e-18,4.009780926351501e-23,4.009780926351501e-23,6.671987845847473e-18
control45,206,total,206-s10,s10,6.246867986000465e-19,6.246867986000465e-19,1.16662192947903e-23,1.16662192947903e-23,1.687764122409442e-18
control45,206,total,206-s11,s11,4.002230675776569e-20,4.002230675776569e-20,6.686030443758481e-25,6.686030443758481e-25,1.1068897495156593e-19
control45,206,total,206-s12,s12,7.815202427401005e-21,7.815202427401005e-21,1.2439944368845145e-25,1.2439944368845145e-25,2.2232440436604458e-20
control45,206,total,206-s13,s13,2.39055197027825e-22,2.39055197027825e-22,4.934292201992628e-27,4.934292201992628e-27,6.666411863394005e-22
control45,206,total,206-s14,s14,2.8796225074502276e-23,2.8796225074502276e-23,6.930675165575001e-28,6.930675165575001e-28,7.874702953008314e-23
control45,206,total,206-s15,s15,7.509248998332954e-24,7.509248998332954e-24,9.015386834114761e-29,9.015386834114761e-29,2.4309312663532365e-23
control45,206,total,206-s16,s16,8.885729236409477e-25,8.885729236409477e-25,1.311025239772836e-29,1.311025239772836e-29,2.5325372532167977e-24
control45,206,total,206-s17,s17,1.6317430052315585e-25,1.6317430052315585e-25,3.002055016741653e-30,3.002055016741653e-30,4.326935038502345e-25
control45,206,total,206-s18,s18,2.924465147835335e-26,2.924465147835335e-26,5.786243201893085e-31,5.786243201893085e-31,7.705480396801187e-26
control45,206,total,206-s19,s19,2.2545644671216517e-27,2.2545644671216517e-27,3.0771450840261745e-32,3.0771450840261745e-32,6.845834550472732e-27
control45,206,total,206-s20,s20,7.474457076969087e-29,7.474457076969087e-29,2.4454041250691415e-34,2.4454041250691415e-34,3.215359504344259e-28
control45,206,total,206-core,core,1.061510955588024e-28,1.061510955588024e-28,1.759448246838371e-33,1.759448246838371e-33,2.9943541469392043e-28
control45,237,total,237-whole,whole,4.798508257408685e-10,4.798508257408685e-10,2.6388885125014953e-14,2.6388885125014953e-14,2.6615432217099583e-09
control45,240,total,240-whole,whole,4.5696424422203563e-10,4.5696424422203563e-10,3.035120049007911e-14,3.035120049007911e-14,2.4938737580492624e-09
control45,243,total,243-whole,whole,1.1214922324143117e-09,1.1214922324143117e-09,5.0721890803983266e-14,5.0721890803983266e-14,5.280977028940259e-09
control45,244,total,244-whole,whole,4.3375081304475316e-10,4.3375081304475316e-10,4.1030543629799776e-14,4.1030543629799776e-14,2.4075267942430534e-09
control45,246,total,246-s1,s1,2.306197055546022e-08,2.306197055546022e-08,3.288185488785578e-13,3.288185488785578e-13,1.1246557134626106e-07
control45,246,total,246-s2,s2,1.1230572027898234e-11,1.1230572027898234e-11,7.181819106899672e-17,7.181819106899672e-17,5.523157105280507e-11
control45,246,total,246-s3,s3,3.008704396734174e-14,3.008704396734174e-14,2.7457468937625843e-19,2.7457468937625843e-19,1.2351567251628337e-13
control45,246,total,246-s4,s4,1.482147737874584e-14,1.482147737874584e-14,4.782377024173455e-19,4.782377024173455e-19,6.96304857305749e-14
control45,246,total,246-s5,s5,1.5612511283791264e-15,1.5612511283791264e-15,2.142999477651553e-20,2.142999477651553e-20,5.4880535202027e-15
control45,246,total,246-s6,s6,6.670011765130823e-16,6.670011765130823e-16,1.542580810693477e-20,1.542580810693477e-20,2.3608498070707123e-15
control45,246,total,246-s7,s7,1.0733601507606494e-16,1.0733601507606494e-16,2.2272662512152002e-21,2.2272662512152002e-21,2.837155253325102e-16
control45,246,total,246-s8,s8,2.0057740190981832e-18,2.0057740190981832e-18,1.0316557152934585e-26,1.0316557152934585e-26,7.43418980236928e-18
control45,246,total,246-s9,s9,1.6822074332470405e-18,1.6822074332470405e-18,3.5845155088055876e-23,3.5845155088055876e-23,5.318013382780928e-18
control45,246,total,246-s10,s10,1.2959604092990795e-19,1.2959604092990795e-19,2.5524924411872243e-24,2.5524924411872243e-24,3.7586769409979054e-19
control45,246,total,246-s11,s11,2.1308172579365993e-20,2.1308172579365993e-20,5.052985710914336e-25,5.052985710914336e-25,6.854624946050255e-20
control45,246,total,246-s12,s12,4.443614250634865e-21,4.443614250634865e-21,1.0393815275878746e-25,1.0393815275878746e-25,1.4383009511230756e-20
control45,246,total,246-s13,s13,1.3813916229635562e-22,1.3813916229635562e-22,3.220998436780957e-27,3.220998436780957e-27,5.259911697118696e-22
control45,246,total,246-s14,s14,6.457178656742072e-23,6.457178656742072e-23,1.7353905607732907e-27,1.7353905607732907e-27,2.3895267419939215e-22
control45,246,total,246-s15,s15,6.0939946690430086e-24,6.0939946690430086e-24,1.3079796957524877e-28,1.3079796957524877e-28,1.7100664327011422e-23
control45,246,total,246-s16,s16,5.856503360360792e-25,5.856503360360792e-25,1.1285496707625591e-29,1.1285496707625591e-29,1.5155986765403497e-24
control45,246,total,246-s17,s17,2.837374903898935e-26,2.837374903898935e-26,2.906029936084434e-31,2.906029936084434e-31,1.1170557529547105e-25
control45,246,total,246-s18,s18,4.127320256116334e-27,4.127320256116334e-27,1.1348402306966874e-31,1.1348402306966874e-31,1.8319355349283662e-26
control45,246,total,246-s19,s19,2.208810534618833e-28,2.208810534618833e-28,6.417147116504643e-33,6.417147116504643e-33,6.440300745730913e-28
control45,246,total,246-s20,s20,8.302761027451149e-29,8.302761027451149e-29,2.5166007411252804e-33,2.5166007411252804e-33,3.6075253240354252e-28
control45,246,total,246-core,core,5.578725714109843e-29,5.578725714109843e-29,1.3130556860634569e-33,1.3130556860634569e-33,1.7907618688307772e-28
control45,247,total,247-s1,s1,1.7357670856199547e-11,1.7357670856199547e-11,5.212020273132343e-16,5.212020273132343e-16,1.0388884891243677e-10
control45,247,total,247-s2,s2,1.1102230246251565e-13,1.1102230246251565e-13,9.767814891240912e-18,9.767814891240912e-18,8.687534198970059e-13
control45,247,total,247-s3,s3,1.2545520178264269e-14,1.2545520178264269e-14,1.1566832252740024e-18,1.1566832252740024e-18,5.3240059388025285e-14
control45,247,total,247-s4,s4,2.4980018054066022e-15,2.4980018054066022e-15,2.1914317986846895e-19,2.1914317986846895e-19,1.7990081097724302e-14
control45,247,total,247-s5,s5,6.912873051767576e-16,6.912873051767576e-16,5.248329995645198e-20,5.248329995645198e-20,4.583893706370254e-15
control45,247,total,247-s6,s6,9.584347204771859e-17,9.584347204771859e-17,8.820006179032825e-21,8.820006179032825e-21,5.706825123645092e-16
control45,247,total,247-s7,s7,1.6534083130403943e-17,1.6534083130403943e-17,9.511415492879088e-22,9.511415492879088e-22,7.443635667297237e-17
control45,247,total,247-s8,s8,1.734723475976807e-18,1.734723475976807e-18,1.2408922047263235e-22,1.2408922047263235e-22,8.918484942431723e-18
control45,247,total,247-s9,s9,9.402065714522734e-20,9.402065714522734e-20,7.71304687864603e-24,7.71304687864603e-24,5.22636169336187e-19
control45,247,total,247-s10,s10,4.9339669177562995e-20,4.9339669177562995e-20,3.347493442218062e-24,3.347493442218062e-24,2.1258022856415083e-19
control45,247,total,247-s11,s11,4.314574075076592e-21,4.314574075076592e-21,2.216802833829183e-25,2.216802833829183e-25,1.9637268562424218e-20
control45,247,total,247-s12,s12,7.957477492760126e-22,7.957477492760126e-22,6.367405444685544e-26,6.367405444685544e-26,4.703841411763182e-21
control45,247,total,247-s13,s13,9.636654136242772e-23,9.636654136242772e-23,7.476682570135147e-27,7.476682570135147e-27,5.495633073347052e-22
control45,247,total,247-s14,s14,9.77107098578264e-24,9.77107098578264e-24,7.750577215442378e-28,7.750577215442378e-28,5.48315075514264e-23
control45,247,total,247-s15,s15,2.0194839173657902e-24,2.0194839173657902e-24,1.4557763574503734e-28,1.4557763574503734e-28,1.0160990337402935e-23
control45,247,total,247-s16,s16,9.653133125008477e-26,9.653133125008477e-26,6.76095897912689e-30,6.76095897912689e-30,4.145920323041196e-25
control45,247,total,247-s17,s17,1.3101401913910564e-26,1.3101401913910564e-26,1.9708633597704984e-31,1.9708633597704984e-31,4.220274273479652e-26
control45,247,total,247-s18,s18,6.0458299776138345e-27,6.0458299776138345e-27,4.1852833320412985e-31,4.1852833320412985e-31,3.0277900449545825e-26
control45,247,total,247-s19,s19,1.5461673742331831e-28,1.5461673742331831e-28,8.730988147848836e-33,8.730988147848836e-33,8.040470142611568e-28
control45,247,total,247-s20,s20,7.937912858786431e-30,7.937912858786431e-30,4.143323427592775e-34,4.143323427592775e-34,3.2666879187502665e-29
control45,247,total,247-core,core,5.8794789342253536e-30,5.8794789342253536e-30,4.6303064159415525e-34,4.6303064159415525e-34,2.580188239379591e-29
control45,248,total,248-s1,s1,8.348877145181177e-13,8.348877145181177e-13,1.172218038154731e-17,1.172218038154731e-17,5.99859571737138e-12
control45,248,total,248-s2,s2,1.7053025658242404e-13,1.7053025658242404e-13,5.200983923170024e-18,5.200983923170024e-18,6.834697738322681e-13
control45,248,total,248-s3,s3,1.0791367799356522e-13,1.0791367799356522e-13,1.8691078343351014e-18,1.8691078343351014e-18,4.406673593734811e-13
control45,248,total,248-s4,s4,1.890154699424329e-14,1.890154699424329e-14,3.4823076067177943e-19,3.4823076067177943e-19,7.295606921863505e-14
control45,248,total,248-s5,s5,3.698430450782553e-15,3.698430450782553e-15,9.110427533557238e-20,9.110427533557238e-20,1.2673930796584494e-14
control45,248,total,248-s6,s6,8.153200337090993e-17,8.153200337090993e-17,2.1487528529219822e-21,2.1487528529219822e-21,3.1201123003580156e-16
control45,248,total,248-s7,s7,1.83772268236293e-17,1.83772268236293e-17,6.633491038698125e-22,6.633491038698125e-22,6.933181890905305e-17
control45,248,total,248-s8,s8,1.633079522306291e-18,1.633079522306291e-18,3.008104081089281e-23,3.008104081089281e-23,7.423871448010717e-18
control45,248,total,248-s9,s9,7.606355866343617e-19,7.606355866343617e-19,1.3151986481174238e-23,1.3151986481174238e-23,2.9504390940521174e-18
control45,248,total,248-s10,s10,8.629148150153185e-21,8.629148150153185e-21,2.3260170845672184e-25,2.3260170845672184e-25,5.380122452331974e-20
control45,248,total,248-s11,s11,4.31126535262638e-21,4.31126535262638e-21,6.778017132878911e-26,6.778017132878911e-26,1.4470695389326808e-20
control45,248,total,248-s12,s12,4.413008567970403e-22,4.413008567970403e-22,8.810137179624951e-27,8.810137179624951e-27,1.4950016287286076e-21
control45,248,total,248-s13,s13,1.4889251025954498e-22,1.4889251025954498e-22,1.855104827060099e-27,1.855104827060099e-27,7.445143514546358e-22
control45,248,total,248-s14,s14,1.34416849539867e-23,1.34416849539867e-23,2.668721268769701e-28,2.668721268769701e-28,5.390445026576915e-23
control45,248,total,248-s15,s15,2.2553596389141145e-24,2.2553596389141145e-24,5.253950108349646e-29,5.253950108349646e-29,7.393436482141481e-24
control45,248,total,248-s16,s16,9.451184733271898e-26,9.451184733271898e-26,2.4470482527442697e-30,2.4470482527442697e-30,3.973376664190129e-25
control45,248,total,248-s17,s17,4.4125723594442516e-26,4.4125723594442516e-26,7.443050573351877e-31,7.443050573351877e-31,1.4823180043063305e-25
control45,248,total,248-s18,s18,6.020586428646762e-27,6.020586428646762e-27,1.3453281489799388e-31,1.3453281489799388e-31,1.8523158129532082e-26
control45,248,total,248-s19,s19,3.34477023813709e-28,3.34477023813709e-28,1.1698585484205417e-32,1.1698585484205417e-32,1.0099617320101959e-27
control45,248,total,248-s20,s20,1.0965166582572064e-28,1.0965166582572064e-28,1.8430506154617274e-33,1.8430506154617274e-33,4.459675177718182e-28
control45,248,total,248-core,core,2.4898422321038185e-30,2.4898422321038185e-30,3.745121615528993e-35,3.745121615528993e-35,7.556057568316179e-30
terminal46,195,matrix,195-whole,whole,1.2663897708264926e-12,1.2663897708264926e-12,5.28610219699593e-17,5.28610219699593e-17,6.675284535063086e-12
terminal46,196,matrix,196-whole,whole,9.094920996877143e-13,9.094920996877143e-13,4.536663721407e-17,4.536663721407e-17,7.28196855300043e-12
terminal46,197,matrix,197-s1,s1,5.735208971104078e-08,5.735208971104078e-08,1.521409371113365e-12,1.521409371113365e-12,3.3814032628037145e-07
terminal46,197,matrix,197-s2,s2,2.8201792436717207e-11,2.8201792436717207e-11,7.252487466070326e-16,7.252487466070326e-16,1.895738905990181e-10
terminal46,197,matrix,197-s3,s3,1.35335874993682e-14,1.35335874993682e-14,2.6743143472388593e-19,2.6743143472388593e-19,9.125190083471442e-14
terminal46,197,matrix,197-s4,s4,2.938187887435717e-17,2.938187887435717e-17,2.0736304347468036e-22,2.0736304347468036e-22,1.0025415789252895e-16
terminal46,197,matrix,197-s5,s5,1.9930685248893687e-18,1.9930685248893687e-18,2.74763298637806e-23,2.74763298637806e-23,9.103936586868822e-18
terminal46,197,matrix,197-s6,s6,3.476011457294835e-19,3.476011457294835e-19,2.6807054882775264e-24,2.6807054882775264e-24,1.5986499904651495e-18
terminal46,197,matrix,197-s7,s7,1.147994341325594e-19,1.147994341325594e-19,4.465361748172997e-25,4.465361748172997e-25,4.390769300214032e-19
terminal46,197,matrix,197-s8,s8,1.8937472943789016e-20,1.8937472943789016e-20,2.5284392677681097e-25,2.5284392677681097e-25,6.785889973192345e-20
terminal46,197,matrix,197-s9,s9,9.744187615874666e-22,9.744187615874666e-22,6.4329894387318324e-27,6.4329894387318324e-27,3.3186828983022443e-21
terminal46,197,matrix,197-s10,s10,1.7740439199848215e-22,1.7740439199848215e-22,2.0493623901712274e-27,2.0493623901712274e-27,6.648794422124322e-22
terminal46,197,matrix,197-s11,s11,8.581998855237662e-24,8.581998855237662e-24,2.3748545544475274e-28,2.3748545544475274e-28,5.1703694999394704e-23
terminal46,197,matrix,197-s12,s12,3.795418074297266e-24,3.795418074297266e-24,4.0840454315212414e-29,4.0840454315212414e-29,1.2174938817700493e-23
terminal46,197,matrix,197-s13,s13,4.5615092983499787e-26,4.5615092983499787e-26,3.589701676119084e-31,3.589701676119084e-31,2.4532244798488653e-25
terminal46,197,matrix,197-s14,s14,2.4751299762214466e-26,2.4751299762214466e-26,6.486861283151699e-31,6.486861283151699e-31,1.5046844436788659e-25
terminal46,197,matrix,197-s15,s15,8.618305389539554e-27,8.618305389539554e-27,7.787463360285388e-32,7.787463360285388e-32,2.4230776352991933e-26
terminal46,197,matrix,197-s16,s16,3.4621132977887156e-28,3.4621132977887156e-28,3.1840037071351593e-34,3.1840037071351593e-34,1.8818095051653933e-27
terminal46,197,matrix,197-s17,s17,6.604244890897158e-29,6.604244890897158e-29,2.586570607748412e-34,2.586570607748412e-34,2.750202593651981e-28
terminal46,197,matrix,197-s18,s18,1.2530870590161111e-29,1.2530870590161111e-29,1.1258821859451395e-34,1.1258821859451395e-34,3.670243457370141e-29
terminal46,197,matrix,197-s19,s19,7.927127651097863e-31,7.927127651097863e-31,1.4127934289495122e-36,1.4127934289495122e-36,3.616754529513856e-30
terminal46,197,matrix,197-s20,s20,7.937238783305896e-32,7.937238783305896e-32,1.15819922707503e-36,1.15819922707503e-36,4.119657177187663e-31
terminal46,197,matrix,197-core,core,2.3297733796009344e-32,2.3297733796009344e-32,1.407980307851027e-37,1.407980307851027e-37,7.489269345519654e-32
terminal46,198,matrix,198-whole,whole,1.2377755070902552e-12,1.2377755070902552e-12,4.6561225140384676e-17,4.6561225140384676e-17,7.273448485753224e-12
terminal46,199,matrix,199-whole,whole,3.06497102003922e-12,3.06497102003922e-12,4.0965476784573704e-17,4.0965476784573704e-17,2.0235423620475028e-11
terminal46,200,matrix,200-s1,s1,1.5637489594010068e-08,1.5637489594010068e-08,1.8600613877057752e-13,1.8600613877057752e-13,1.1141333983913935e-07
terminal46,200,matrix,200-s2,s2,1.4631127472769512e-11,1.4631127472769512e-11,1.3679218771888496e-16,1.3679218771888496e-16,9.131438285830796e-11
terminal46,200,matrix,200-s3,s3,8.232496173481152e-15,8.232496173481152e-15,6.83663327452813e-20,6.83663327452813e-20,5.420304987520928e-14
terminal46,200,matrix,200-s4,s4,9.01920682236379e-18,9.01920682236379e-18,5.357282855587217e-23,5.357282855587217e-23,4.332393530704455e-17
terminal46,200,matrix,200-s5,s5,8.944667923005412e-19,8.944667923005412e-19,8.182559428859744e-24,8.182559428859744e-24,3.863450448505485e-18
terminal46,200,matrix,200-s6,s6,5.135137242729196e-20,5.135137242729196e-20,3.772246680596084e-25,3.772246680596084e-25,1.9897571141021658e-19
terminal46,200,matrix,200-s7,s7,1.8317087484374245e-20,1.8317087484374245e-20,2.206045294169338e-25,2.206045294169338e-25,8.513603297041744e-20
terminal46,200,matrix,200-s8,s8,6.361018910532783e-21,6.361018910532783e-21,2.656707276075426e-26,2.656707276075426e-26,2.965701716958237e-20
terminal46,200,matrix,200-s9,s9,1.6187924587662752e-21,1.6187924587662752e-21,1.5477272574152804e-27,1.5477272574152804e-27,5.847441330178396e-21
terminal46,200,matrix,200-s10,s10,1.4209411960012479e-22,1.4209411960012479e-22,8.041048129225456e-28,8.041048129225456e-28,6.771548531160348e-22
terminal46,200,matrix,200-s11,s11,8.223338511513498e-24,8.223338511513498e-24,2.5274238904862847e-29,2.5274238904862847e-29,3.4776636789398395e-23
terminal46,200,matrix,200-s12,s12,1.0828472764915367e-24,1.0828472764915367e-24,4.008661836830266e-30,4.008661836830266e-30,3.829562821570061e-24
terminal46,200,matrix,200-s13,s13,2.4259050557356555e-25,2.4259050557356555e-25,2.2549825525234906e-30,2.2549825525234906e-30,1.0516003827910517e-24
terminal46,200,matrix,200-s14,s14,1.6685985867234842e-26,1.6685985867234842e-26,5.11398024679468e-32,5.11398024679468e-32,7.041881051619527e-26
terminal46,200,matrix,200-s15,s15,8.429767633191732e-27,8.429767633191732e-27,1.9054663317628733e-32,1.9054663317628733e-32,2.2214666430165997e-26
terminal46,200,matrix,200-s16,s16,4.84163380579396e-28,4.84163380579396e-28,8.36107244551643e-34,8.36107244551643e-34,1.5310572265093235e-27
terminal46,200,matrix,200-s17,s17,8.247294245052797e-29,8.247294245052797e-29,4.674727879386644e-37,4.674727879386644e-37,2.485774563148402e-28
terminal46,200,matrix,200-s18,s18,1.75028513345912e-30,1.75028513345912e-30,2.4072290031067185e-35,2.4072290031067185e-35,8.573398218582469e-30
terminal46,200,matrix,200-s19,s19,1.2368322102854829e-30,1.2368322102854829e-30,8.57909059455841e-36,8.57909059455841e-36,5.4455620042573996e-30
terminal46,200,matrix,200-s20,s20,6.218346307940288e-32,6.218346307940288e-32,6.33450331232198e-37,6.33450331232198e-37,3.0158388083834707e-31
terminal46,200,matrix,200-core,core,2.0041708483779673e-33,2.0041708483779673e-33,1.0092627079417621e-38,1.0092627079417621e-38,1.061222994349056e-32
terminal46,202,matrix,202-whole,whole,5.035081292875665e-12,5.035081292875665e-12,2.1483375723436903e-16,2.1483375723436903e-16,3.464386393081979e-11
terminal46,203,matrix,203-s1,s1,3.802860573144662e-08,3.802860573144662e-08,8.906168180588437e-13,8.906168180588437e-13,2.8777292267100833e-07
terminal46,203,matrix,203-s2,s2,4.644359625615574e-11,4.644359625615574e-11,1.167678148565768e-15,1.167678148565768e-15,3.1857434990047715e-10
terminal46,203,matrix,203-s3,s3,2.978060777581587e-14,2.978060777581587e-14,7.819081614730072e-19,7.819081614730072e-19,2.1273549154734908e-13
terminal46,203,matrix,203-s4,s4,2.1982199047143602e-17,2.1982199047143602e-17,2.699739517197166e-23,2.699739517197166e-23,1.4492240397003752e-16
terminal46,203,matrix,203-s5,s5,2.9680034471790684e-18,2.9680034471790684e-18,4.742524949238308e-23,4.742524949238308e-23,1.2240489664384145e-17
terminal46,203,matrix,203-s6,s6,2.1006417091906648e-19,2.1006417091906648e-19,1.5936173690159079e-24,1.5936173690159079e-24,1.1429363386749853e-18
terminal46,203,matrix,203-s7,s7,1.0677909091324524e-19,1.0677909091324524e-19,1.117895950687473e-24,1.117895950687473e-24,3.1904190790047767e-19
terminal46,203,matrix,203-s8,s8,1.605392132842916e-20,1.605392132842916e-20,1.7960105689860597e-25,1.7960105689860597e-25,4.5478031013924954e-20
terminal46,203,matrix,203-s9,s9,4.567691342517819e-21,4.567691342517819e-21,6.456590377785002e-26,6.456590377785002e-26,1.1706103645064597e-20
terminal46,203,matrix,203-s10,s10,3.0026656235674905e-22,3.0026656235674905e-22,4.696417470050113e-27,4.696417470050113e-27,9.731907733707453e-22
terminal46,203,matrix,203-s11,s11,2.3303228819267327e-23,2.3303228819267327e-23,2.5684025214741493e-28,2.5684025214741493e-28,7.895359206786197e-23
terminal46,203,matrix,203-s12,s12,1.5380389514657858e-24,1.5380389514657858e-24,1.3806291930383223e-29,1.3806291930383223e-29,6.714068972134476e-24
terminal46,203,matrix,203-s13,s13,1.2379436413452294e-25,1.2379436413452294e-25,1.4216445177257747e-30,1.4216445177257747e-30,6.592573882545548e-25
terminal46,203,matrix,203-s14,s14,3.821873313614758e-26,3.821873313614758e-26,5.438585135680739e-31,5.438585135680739e-31,1.2513376032362343e-25
terminal46,203,matrix,203-s15,s15,5.5882906525856476e-27,5.5882906525856476e-27,8.960246535692605e-32,8.960246535692605e-32,1.5947783284147827e-26
terminal46,203,matrix,203-s16,s16,1.681506323285163e-28,1.681506323285163e-28,4.287094354490965e-33,4.287094354490965e-33,6.915788337591918e-28
terminal46,203,matrix,203-s17,s17,8.480254731125877e-29,8.480254731125877e-29,1.208737381938658e-33,1.208737381938658e-33,2.2560694448160116e-28
terminal46,203,matrix,203-s18,s18,8.400136045439368e-30,8.400136045439368e-30,5.990890696999271e-35,5.990890696999271e-35,3.736932089351981e-29
terminal46,203,matrix,203-s19,s19,6.48653205269621e-31,6.48653205269621e-31,2.3685841885938237e-36,2.3685841885938237e-36,2.4919647077801524e-30
terminal46,203,matrix,203-s20,s20,2.1917082767126744e-31,2.1917082767126744e-31,3.191303230785695e-36,3.191303230785695e-36,7.024486774624985e-31
terminal46,203,matrix,203-core,core,9.930576275746685e-33,9.930576275746685e-33,2.2220270997315787e-37,2.2220270997315787e-37,4.235675287497738e-32
terminal46,206,matrix,206-s1,s1,1.4794631451875428e-07,1.4794631451875428e-07,2.0603998388082648e-12,2.0603998388082648e-12,7.658796275695039e-07
terminal46,206,matrix,206-s2,s2,3.4734348643844504e-10,3.4734348643844504e-10,8.59465954749148e-15,8.59465954749148e-15,2.32121260368995e-09
terminal46,206,matrix,206-s3,s3,4.283303312729858e-13,4.283303312729858e-13,1.2929656820387971e-17,1.2929656820387971e-17,3.2107890660333025e-12
terminal46,206,matrix,206-s4,s4,4.671827161240039e-16,4.671827161240039e-16,1.3202897057438766e-20,1.3202897057438766e-20,2.3070142722975807e-15
terminal46,206,matrix,206-s5,s5,1.1275702593849246e-17,1.1275702593849246e-17,6.392189531412326e-23,6.392189531412326e-23,6.230768569738345e-17
terminal46,206,matrix,206-s6,s6,2.627410175599134e-18,2.627410175599134e-18,7.292516131334073e-23,7.292516131334073e-23,1.1432978461679155e-17
terminal46,206,matrix,206-s7,s7,4.21610649495828e-19,4.21610649495828e-19,7.003675383925676e-24,7.003675383925676e-24,1.067551612405148e-18
terminal46,206,matrix,206-s8,s8,7.273967812849903e-20,7.273967812849903e-20,1.7691902237384266e-24,1.7691902237384266e-24,2.645725823595372e-19
terminal46,206,matrix,206-s9,s9,3.822039719089549e-21,3.822039719089549e-21,4.768060128398193e-26,4.768060128398193e-26,1.9001742874308775e-20
terminal46,206,matrix,206-s10,s10,1.196103165751678e-21,1.196103165751678e-21,2.305339667675975e-26,2.305339667675975e-26,4.275067569012553e-21
terminal46,206,matrix,206-s11,s11,5.467146861092667e-23,5.467146861092667e-23,1.4154434067835977e-27,1.4154434067835977e-27,2.621741087615954e-22
terminal46,206,matrix,206-s12,s12,2.6056189295420372e-23,2.6056189295420372e-23,2.1856698280184853e-28,2.1856698280184853e-28,1.0265127483492957e-22
terminal46,206,matrix,206-s13,s13,9.597975970515424e-25,9.597975970515424e-25,3.745532774873285e-29,3.745532774873285e-29,5.34146850416237e-24
terminal46,206,matrix,206-s14,s14,1.1006936767503517e-25,1.1006936767503517e-25,2.2167007449273894e-30,2.2167007449273894e-30,2.9399072276178024e-25
terminal46,206,matrix,206-s15,s15,4.988756364617679e-27,4.988756364617679e-27,6.595140952134959e-32,6.595140952134959e-32,1.5630267211500127e-26
terminal46,206,matrix,206-s16,s16,3.047431306626989e-27,3.047431306626989e-27,1.406873767400233e-32,1.406873767400233e-32,1.3025788141510838e-26
terminal46,206,matrix,206-s17,s17,1.7118281643295956e-28,1.7118281643295956e-28,1.2511808819460702e-33,1.2511808819460702e-33,7.386323367047914e-28
terminal46,206,matrix,206-s18,s18,6.954301917588982e-29,6.954301917588982e-29,2.1068959349516377e-33,2.1068959349516377e-33,2.92162662766158e-28
terminal46,206,matrix,206-s19,s19,5.9905569437678874e-30,5.9905569437678874e-30,3.487322407268767e-35,3.487322407268767e-35,2.4644996091993768e-29
terminal46,206,matrix,206-s20,s20,1.077687202302797e-30,1.077687202302797e-30,1.5647417254392172e-35,1.5647417254392172e-35,3.399671809468923e-30
terminal46,206,matrix,206-core,core,2.7309686611411004e-31,2.7309686611411004e-31,4.620474705247518e-36,4.620474705247518e-36,7.3622989221850865e-31
terminal46,237,matrix,237-whole,whole,2.926131559277678e-14,2.926131559277678e-14,3.1668305827193585e-19,3.1668305827193585e-19,1.0971206785398945e-13
terminal46,240,matrix,240-whole,whole,3.226585665316861e-15,3.226585665316861e-15,9.517003319970451e-20,9.517003319970451e-20,1.0797943824345825e-14
terminal46,243,matrix,243-whole,whole,4.446304435745674e-13,4.446304435745674e-13,1.8399785546369752e-17,1.8399785546369752e-17,2.239655880661973e-12
terminal46,244,matrix,244-whole,whole,6.095887683521539e-13,6.095887683521539e-13,1.1069251113118042e-17,1.1069251113118042e-17,3.9133364280465825e-12
terminal46,246,matrix,246-s1,s1,1.6434769170570185e-08,1.6434769170570185e-08,2.9666024872232323e-13,2.9666024872232323e-13,6.781868414839596e-08
terminal46,246,matrix,246-s2,s2,3.009422745725576e-11,3.009422745725576e-11,8.471806798540138e-16,8.471806798540138e-16,1.5820920767292836e-10
terminal46,246,matrix,246-s3,s3,2.175202292592493e-14,2.175202292592493e-14,8.435165989140772e-19,8.435165989140772e-19,1.3850561387577612e-13
terminal46,246,matrix,246-s4,s4,4.3594414102926526e-16,4.3594414102926526e-16,7.549218386094213e-21,7.549218386094213e-21,1.1363656576033112e-15
terminal46,246,matrix,246-s5,s5,2.835188681049594e-17,2.835188681049594e-17,1.0560476703096482e-21,1.0560476703096482e-21,1.3207552308784178e-16
terminal46,246,matrix,246-s6,s6,4.2825985813177425e-18,4.2825985813177425e-18,1.1199050628035086e-22,1.1199050628035086e-22,1.5737400460240592e-17
terminal46,246,matrix,246-s7,s7,1.4856957894840428e-18,1.4856957894840428e-18,3.791578837352896e-23,3.791578837352896e-23,5.0937177374439486e-18
terminal46,246,matrix,246-s8,s8,5.632769099241097e-20,5.632769099241097e-20,1.4728258196256177e-24,1.4728258196256177e-24,1.936290138400977e-19
terminal46,246,matrix,246-s9,s9,1.9931744040077755e-20,1.9931744040077755e-20,4.950837131203434e-25,4.950837131203434e-25,6.367239910545389e-20
terminal46,246,matrix,246-s10,s10,1.5782606087511768e-21,1.5782606087511768e-21,6.041973691651253e-26,6.041973691651253e-26,7.29678769712621e-21
terminal46,246,matrix,246-s11,s11,1.6584971281688205e-22,1.6584971281688205e-22,6.571791546011488e-27,6.571791546011488e-27,7.510767918944559e-22
terminal46,246,matrix,246-s12,s12,3.595650725191442e-23,3.595650725191442e-23,8.491069593756418e-28,8.491069593756418e-28,1.092485275689857e-22
terminal46,246,matrix,246-s13,s13,1.783608195817466e-24,1.783608195817466e-24,5.085302801324313e-29,5.085302801324313e-29,6.83530579374749e-24
terminal46,246,matrix,246-s14,s14,2.648710929806278e-25,2.648710929806278e-25,1.0224833245313448e-29,1.0224833245313448e-29,1.2260223652343973e-24
terminal46,246,matrix,246-s15,s15,6.371471759289068e-26,6.371471759289068e-26,2.3215383516469915e-30,2.3215383516469915e-30,2.888183255494118e-25
terminal46,246,matrix,246-s16,s16,6.304576354526326e-27,6.304576354526326e-27,1.0601711204829025e-32,1.0601711204829025e-32,3.025599467174297e-26
terminal46,246,matrix,246-s17,s17,1.0957277973519854e-27,1.0957277973519854e-27,3.0629393573690294e-32,3.0629393573690294e-32,3.852600458302891e-27
terminal46,246,matrix,246-s18,s18,3.9747342192263774e-29,3.9747342192263774e-29,5.800092421550183e-34,5.800092421550183e-34,1.1158660242325224e-28
terminal46,246,matrix,246-s19,s19,7.198355760141733e-30,7.198355760141733e-30,1.246470022999332e-34,1.246470022999332e-34,1.8372731624902493e-29
terminal46,246,matrix,246-s20,s20,6.267698262765211e-31,6.267698262765211e-31,1.6935053688696758e-35,1.6935053688696758e-35,2.0029880127435e-30
terminal46,246,matrix,246-core,core,6.372902185977363e-31,6.372902185977363e-31,1.4043003324229954e-35,1.4043003324229954e-35,1.8646613041704046e-30
terminal46,247,matrix,247-s1,s1,1.072661685169729e-09,1.072661685169729e-09,5.480792293441732e-14,5.480792293441732e-14,6.589573498514724e-09
terminal46,247,matrix,247-s2,s2,2.3119597208909326e-10,2.3119597208909326e-10,2.3809272269268393e-14,2.3809272269268393e-14,1.4526824350369599e-09
terminal46,247,matrix,247-s3,s3,9.476882820158572e-11,9.476882820158572e-11,9.878277821578391e-15,9.878277821578391e-15,5.586632479550453e-10
terminal46,247,matrix,247-s4,s4,4.286058660762926e-11,4.286058660762926e-11,4.0069146151089735e-15,4.0069146151089735e-15,2.3225756204567232e-10
terminal46,247,matrix,247-s5,s5,1.976652175272875e-11,1.976652175272875e-11,1.6077608546107413e-15,1.6077608546107413e-15,9.607833788992098e-11
terminal46,247,matrix,247-s6,s6,8.385910455627199e-12,8.385910455627199e-12,6.415094529244204e-16,6.415094529244204e-16,3.889143523675557e-11
terminal46,247,matrix,247-s7,s7,3.4304722690975398e-12,3.4304722690975398e-12,2.5495108150896414e-16,2.5495108150896414e-16,1.5564715043506505e-11
terminal46,247,matrix,247-s8,s8,1.3870448843308902e-12,1.3870448843308902e-12,1.0164137116567343e-16,1.0164137116567343e-16,6.226657439985268e-12
terminal46,247,matrix,247-s9,s9,5.536883614359195e-13,5.536883614359195e-13,4.029398101654224e-17,4.029398101654224e-17,2.4726759659879028e-12
terminal46,247,matrix,247-s10,s10,2.1767411820510646e-13,2.1767411820510646e-13,1.5787000000135312e-17,1.5787000000135312e-17,9.696059438176073e-13
terminal46,247,matrix,247-s11,s11,8.85739235862576e-14,8.85739235862576e-14,6.4126770838840484e-18,6.4126770838840484e-18,3.940235209061264e-13
terminal46,247,matrix,247-s12,s12,3.320584977231818e-14,3.320584977231818e-14,2.402094589704543e-18,2.402094589704543e-18,1.476257838030035e-13
terminal46,247,matrix,247-s13,s13,1.4864989461246293e-14,1.4864989461246293e-14,1.0748111897711171e-18,1.0748111897711171e-18,6.606241142895246e-14
terminal46,247,matrix,247-s14,s14,2.417024608616144e-15,2.417024608616144e-15,1.7475336303789505e-19,1.7475336303789505e-19,1.0741485437996586e-14
terminal46,247,matrix,247-s15,s15,2.283272918167888e-15,2.283272918167888e-15,1.6504283453306237e-19,1.6504283453306237e-19,1.0144982401246811e-14
terminal46,247,matrix,247-s16,s16,4.2830040983412405e-16,4.2830040983412405e-16,3.095791085035337e-20,3.095791085035337e-20,1.9029708510814704e-15
terminal46,247,matrix,247-s17,s17,9.108380862863947e-17,9.108380862863947e-17,6.583042824412421e-21,6.583042824412421e-21,4.0466876207929304e-16
terminal46,247,matrix,247-s18,s18,1.0229103191742565e-15,1.0229103191742565e-15,7.393266750850523e-20,7.393266750850523e-20,4.544663816788794e-15
terminal46,247,matrix,247-s19,s19,2.940360361509302e-16,2.940360361509302e-16,2.1251921113442343e-20,2.1251921113442343e-20,1.3063637132607152e-15
terminal46,247,matrix,247-s20,s20,1.4969139302334257e-17,1.4969139302334257e-17,1.081916563419337e-21,1.081916563419337e-21,6.650593677101417e-17
terminal46,247,matrix,247-core,core,4.7128205118624925e-17,4.7128205118624925e-17,3.406258467302561e-21,3.406258467302561e-21,2.0938426123190736e-16
terminal46,248,matrix,248-s1,s1,2.7217811338076103e-15,2.7217811338076103e-15,4.273324796248044e-21,4.273324796248044e-21,1.5506125639682018e-14
terminal46,248,matrix,248-s2,s2,1.556046957951196e-15,1.556046957951196e-15,3.027725659871987e-20,3.027725659871987e-20,1.1086618370242485e-14
terminal46,248,matrix,248-s3,s3,5.533767888366015e-16,5.533767888366015e-16,1.7025360751059376e-20,1.7025360751059376e-20,2.413734944407245e-15
terminal46,248,matrix,248-s4,s4,3.0184188481996443e-16,3.0184188481996443e-16,4.559493312750636e-21,4.559493312750636e-21,1.2415337514078828e-15
terminal46,248,matrix,248-s5,s5,5.049671618351237e-17,5.049671618351237e-17,5.373420428465472e-22,5.373420428465472e-22,1.8022144656439887e-16
terminal46,248,matrix,248-s6,s6,1.3099364529287755e-18,1.3099364529287755e-18,1.9679429534703154e-23,1.9679429534703154e-23,6.9158300404777186e-18
terminal46,248,matrix,248-s7,s7,8.163809424755353e-19,8.163809424755353e-19,2.5482759242691103e-25,2.5482759242691103e-25,2.4564708721720016e-18
terminal46,248,matrix,248-s8,s8,5.1913855243828017e-20,5.1913855243828017e-20,6.696650710026581e-26,6.696650710026581e-26,1.5248477471410378e-19
terminal46,248,matrix,248-s9,s9,6.485096002415737e-21,6.485096002415737e-21,1.9914801617808032e-25,1.9914801617808032e-25,3.6012484114929534e-20
terminal46,248,matrix,248-s10,s10,6.438567092959629e-22,6.438567092959629e-22,4.904978550478473e-27,4.904978550478473e-27,2.242487864943383e-21
terminal46,248,matrix,248-s11,s11,1.3234889800848443e-22,1.3234889800848443e-22,3.448822893525433e-27,3.448822893525433e-27,5.907813666203971e-22
terminal46,248,matrix,248-s12,s12,1.183417575576353e-23,1.183417575576353e-23,7.347473394616204e-29,7.347473394616204e-29,3.7267104292377214e-23
terminal46,248,matrix,248-s13,s13,4.610481783346099e-25,4.610481783346099e-25,8.566416527302053e-30,8.566416527302053e-30,2.3200263883600905e-24
terminal46,248,matrix,248-s14,s14,2.3976322808925344e-25,2.3976322808925344e-25,6.075043577848712e-30,6.075043577848712e-30,1.357916718958473e-24
terminal46,248,matrix,248-s15,s15,3.1680653953675834e-26,3.1680653953675834e-26,3.7032809649178187e-31,3.7032809649178187e-31,1.173813767260187e-25
terminal46,248,matrix,248-s16,s16,3.8721237532773364e-27,3.8721237532773364e-27,3.9229786856216956e-32,3.9229786856216956e-32,1.5294567936025942e-26
terminal46,248,matrix,248-s17,s17,6.701373389852495e-28,6.701373389852495e-28,1.8763898163108925e-32,1.8763898163108925e-32,2.8173415757588854e-27
terminal46,248,matrix,248-s18,s18,8.218944556271417e-29,8.218944556271417e-29,7.762769720654623e-34,7.762769720654623e-34,2.765401183360867e-28
terminal46,248,matrix,248-s19,s19,1.5657040075890473e-29,1.5657040075890473e-29,1.0292826775009025e-34,1.0292826775009025e-34,5.351477272728022e-29
terminal46,248,matrix,248-s20,s20,4.106082641433587e-31,4.106082641433587e-31,1.3934138502108388e-35,1.3934138502108388e-35,2.0669487915062644e-30
terminal46,248,matrix,248-core,core,1.1824006152322386e-31,1.1824006152322386e-31,1.158304676596811e-36,1.158304676596811e-36,4.06517716777524e-31
terminal46,195,volume,195-whole,whole,1.3973666668221085e-09,1.3973666668221085e-09,5.841199431489822e-14,5.841199431489822e-14,7.47335719957637e-09
terminal46,196,volume,196-whole,whole,9.365033193375893e-10,9.365033193375893e-10,4.87494180326732e-14,4.87494180326732e-14,7.470101162643239e-09
terminal46,197,volume,197-s1,s1,5.041903042268814e-05,5.041903042268814e-05,1.3198232305909178e-09,1.3198232305909178e-09,0.0002922778950315858
terminal46,197,volume,197-s2,s2,2.4802971232418258e-08,2.4802971232418258e-08,6.145514572939078e-13,6.145514572939078e-13,1.6011362964684153e-07
terminal46,197,volume,197-s3,s3,1.1610989947286043e-11,1.1610989947286043e-11,2.193699361262725e-16,2.193699361262725e-16,7.501300410906256e-11
terminal46,197,volume,197-s4,s4,4.6629367034256575e-15,4.6629367034256575e-15,1.4332736568750846e-19,1.4332736568750846e-19,2.854421241743361e-14
terminal46,197,volume,197-s5,s5,1.6202317265623378e-15,1.6202317265623378e-15,2.034037306500483e-20,2.034037306500483e-20,5.0454385711973335e-15
terminal46,197,volume,197-s6,s6,3.599551212651875e-17,3.599551212651875e-17,1.1274545166884742e-21,1.1274545166884742e-21,1.213385284853626e-16
terminal46,197,volume,197-s7,s7,6.749158523722265e-17,6.749158523722265e-17,9.99529090639753e-22,9.99529090639753e-22,2.1499936868157426e-16
terminal46,197,volume,197-s8,s8,1.3755815063409838e-18,1.3755815063409838e-18,1.4812409675681814e-23,1.4812409675681814e-23,4.0996498044684706e-18
terminal46,197,volume,197-s9,s9,4.396100996249819e-19,4.396100996249819e-19,5.550189582802022e-24,5.550189582802022e-24,1.3643932164719564e-18
terminal46,197,volume,197-s10,s10,2.1387581918171084e-20,2.1387581918171084e-20,3.852081823261555e-25,3.852081823261555e-25,7.133901739778953e-20
terminal46,197,volume,197-s11,s11,1.377752028268323e-20,1.377752028268323e-20,2.1228182684378187e-25,2.1228182684378187e-25,4.341747160147351e-20
terminal46,197,volume,197-s12,s12,1.075334796318936e-22,1.075334796318936e-22,2.096166913404931e-27,2.096166913404931e-27,5.17154439781727e-22
terminal46,197,volume,197-s13,s13,3.5155176033503676e-23,3.5155176033503676e-23,4.586131586457376e-28,4.586131586457376e-28,1.104041740482768e-22
terminal46,197,volume,197-s14,s14,3.0243791146470074e-23,3.0243791146470074e-23,4.283628918917953e-28,4.283628918917953e-28,9.579802141211946e-23
terminal46,197,volume,197-s15,s15,3.4896682092080855e-25,3.4896682092080855e-25,1.0224586258509917e-29,1.0224586258509917e-29,1.0994557968341764e-24
terminal46,197,volume,197-s16,s16,1.8054186221250165e-25,1.8054186221250165e-25,2.3143966554432794e-30,2.3143966554432794e-30,5.590503126239021e-25
terminal46,197,volume,197-s17,s17,1.878120043150185e-26,1.878120043150185e-26,3.0946547770133978e-31,3.0946547770133978e-31,5.925762472786901e-26
terminal46,197,volume,197-s18,s18,1.135959703518257e-27,1.135959703518257e-27,2.2154077887011083e-32,2.2154077887011083e-32,3.538368550327349e-27
terminal46,197,volume,197-s19,s19,8.622249694065659e-28,8.622249694065659e-28,1.259340287675895e-32,1.259340287675895e-32,2.764677511939899e-27
terminal46,197,volume,197-s20,s20,2.0017345469983175e-29,2.0017345469983175e-29,2.573037842150935e-34,2.573037842150935e-34,6.214682106467604e-29
terminal46,197,volume,197-core,core,4.548276156664896e-30,4.548276156664896e-30,8.10703564029923e-35,8.10703564029923e-35,1.4764410452958607e-29
terminal46,198,volume,198-whole,whole,1.34855149269697e-09,1.34855149269697e-09,5.0319939483663336e-14,5.0319939483663336e-14,7.850880695547957e-09
terminal46,199,volume,199-whole,whole,3.209575938356579e-09,3.209575938356579e-09,3.871793051482787e-14,3.871793051482787e-14,2.0032020887558732e-08
terminal46,200,volume,200-s1,s1,1.437416960925475e-05,1.437416960925475e-05,1.7087730362596493e-10,1.7087730362596493e-10,0.00010360113737778107
terminal46,200,volume,200-s2,s2,1.3202766213638029e-08,1.3202766213638029e-08,1.2256975168942207e-13,1.2256975168942207e-13,8.077335839334204e-08
terminal46,200,volume,200-s3,s3,7.19649340119588e-12,7.19649340119588e-12,5.982278670481684e-17,5.982278670481684e-17,4.6384532174405246e-11
terminal46,200,volume,200-s4,s4,2.6688720677903177e-15,2.6688720677903177e-15,4.058828958026291e-20,4.058828958026291e-20,1.6730052673080698e-14
terminal46,200,volume,200-s5,s5,2.463307335887066e-16,2.463307335887066e-16,7.613822759227329e-21,7.613822759227329e-21,1.0062427423278763e-15
terminal46,200,volume,200-s6,s6,4.163336342344337e-17,4.163336342344337e-17,9.057946681720546e-23,9.057946681720546e-23,1.1914014215190899e-16
terminal46,200,volume,200-s7,s7,1.1926223897340549e-17,1.1926223897340549e-17,1.7322223792607663e-22,1.7322223792607663e-22,3.2790294786355397e-17
terminal46,200,volume,200-s8,s8,1.6872896309305663e-18,1.6872896309305663e-18,6.350661350518871e-24,6.350661350518871e-24,4.048952744830405e-18
terminal46,200,volume,200-s9,s9,2.668153783851046e-20,2.668153783851046e-20,2.0875114484105728e-26,2.0875114484105728e-26,1.4980239035410127e-19
terminal46,200,volume,200-s10,s10,1.2906664533787401e-19,1.2906664533787401e-19,1.0676364122101463e-24,1.0676364122101463e-24,3.4829971944675273e-19
terminal46,200,volume,200-s11,s11,2.2631661559450837e-21,2.2631661559450837e-21,3.4125478209706656e-26,3.4125478209706656e-26,6.89862495740193e-21
terminal46,200,volume,200-s12,s12,6.054962083888163e-22,6.054962083888163e-22,6.661569101352269e-27,6.661569101352269e-27,1.697547094098776e-21
terminal46,200,volume,200-s13,s13,1.8363409598677214e-22,1.8363409598677214e-22,2.0707359472184764e-27,2.0707359472184764e-27,5.1394898588002225e-22
terminal46,200,volume,200-s14,s14,1.333828737741757e-23,1.333828737741757e-23,2.0806521380054866e-28,2.0806521380054866e-28,3.868452362808075e-23
terminal46,200,volume,200-s15,s15,1.7383717560684722e-24,1.7383717560684722e-24,2.493500641522239e-29,2.493500641522239e-29,4.996233295744254e-24
terminal46,200,volume,200-s16,s16,1.627704037396827e-25,1.627704037396827e-25,1.4437116258763148e-30,1.4437116258763148e-30,4.332128827936432e-25
terminal46,200,volume,200-s17,s17,1.125862283931428e-26,1.125862283931428e-26,3.643976327453184e-32,3.643976327453184e-32,2.914740947968203e-26
terminal46,200,volume,200-s18,s18,4.884626725128505e-27,4.884626725128505e-27,3.647396435630228e-32,3.647396435630228e-32,1.3373951376826308e-26
terminal46,200,volume,200-s19,s19,1.0949389364467644e-27,1.0949389364467644e-27,1.0786668807472653e-32,1.0786668807472653e-32,3.0320476832927354e-27
terminal46,200,volume,200-s20,s20,4.8317730444786973e-29,4.8317730444786973e-29,4.396118075942714e-34,4.396118075942714e-34,1.3172434589073735e-28
terminal46,200,volume,200-core,core,7.740697632481178e-30,7.740697632481178e-30,7.528780591802674e-35,7.528780591802674e-35,2.2307975956758738e-29
terminal46,202,volume,202-whole,whole,5.204224606814023e-09,5.204224606814023e-09,2.2752925977085623e-13,2.2752925977085623e-13,3.608483142847341e-08
terminal46,203,volume,203-s1,s1,3.4457263705434116e-05,3.4457263705434116e-05,6.759312833696338e-10,6.759312833696338e-10,0.0002517173313615548
terminal46,203,volume,203-s2,s2,4.006644171994367e-08,4.006644171994367e-08,8.882929073169904e-13,8.882929073169904e-13,2.6558869166675575e-07
terminal46,203,volume,203-s3,s3,2.4863722192236537e-11,2.4863722192236537e-11,5.863991886767476e-16,5.863991886767476e-16,1.7200678926435238e-10
terminal46,203,volume,203-s4,s4,2.6256774532384952e-14,2.6256774532384952e-14,1.876111102500599e-19,1.876111102500599e-19,1.128928764707049e-13
terminal46,203,volume,203-s5,s5,1.6445178552260131e-15,1.6445178552260131e-15,9.805710829619837e-21,9.805710829619837e-21,4.904330928997766e-15
terminal46,203,volume,203-s6,s6,1.1102230246251565e-16,1.1102230246251565e-16,2.64149698128257e-22,2.64149698128257e-22,3.701790206967837e-16
terminal46,203,volume,203-s7,s7,7.003946034256359e-17,7.003946034256359e-17,5.2116223923796524e-23,5.2116223923796524e-23,2.0776616391572067e-16
terminal46,203,volume,203-s8,s8,2.5614276324970042e-18,2.5614276324970042e-18,3.621523920612397e-23,3.621523920612397e-23,9.775108867942817e-18
terminal46,203,volume,203-s9,s9,6.2511031507367365e-19,6.2511031507367365e-19,4.569686114420488e-26,4.569686114420488e-26,1.8095957549714385e-18
terminal46,203,volume,203-s10,s10,5.227781471335135e-21,5.227781471335135e-21,3.7346212276594926e-26,3.7346212276594926e-26,3.149180312683372e-20
terminal46,203,volume,203-s11,s11,1.0773200297890632e-20,1.0773200297890632e-20,1.358774344520829e-25,1.358774344520829e-25,3.699837637244512e-20
terminal46,203,volume,203-s12,s12,1.6841397271579643e-21,1.6841397271579643e-21,7.472306023536547e-27,7.472306023536547e-27,4.790206701205154e-21
terminal46,203,volume,203-s13,s13,1.1291015361348828e-22,1.1291015361348828e-22,6.134275807904965e-28,6.134275807904965e-28,3.4517814918497273e-22
terminal46,203,volume,203-s14,s14,1.1218637057750438e-23,1.1218637057750438e-23,4.4312967611683295e-29,4.4312967611683295e-29,3.58940548103775e-23
terminal46,203,volume,203-s15,s15,4.194064199585273e-24,4.194064199585273e-24,1.7286529954403034e-29,1.7286529954403034e-29,1.2071446956845751e-23
terminal46,203,volume,203-s16,s16,4.378241132849033e-25,4.378241132849033e-25,2.842462248274088e-30,2.842462248274088e-30,1.3248888137418997e-24
terminal46,203,volume,203-s17,s17,4.8972484996120413e-26,4.8972484996120413e-26,2.840604177608865e-31,2.840604177608865e-31,1.4793916021598703e-25
terminal46,203,volume,203-s18,s18,7.38373807286867e-27,7.38373807286867e-27,4.616057747928435e-32,4.616057747928435e-32,2.2722367909626258e-26
terminal46,203,volume,203-s19,s19,1.4515040656066617e-28,1.4515040656066617e-28,6.067497375660143e-35,6.067497375660143e-35,4.450762662385865e-28
terminal46,203,volume,203-s20,s20,3.727367777169281e-29,3.727367777169281e-29,2.18170705169615e-34,2.18170705169615e-34,1.3284526590971712e-28
terminal46,203,volume,203-core,core,2.194019392645939e-29,2.194019392645939e-29,9.071872886578474e-35,9.071872886578474e-35,6.721691299813743e-29
terminal46,206,volume,206-s1,s1,0.0001259785560137061,0.0001259785560137061,1.6205920068008725e-09,1.6205920068008725e-09,0.0006356824646432061
terminal46,206,volume,206-s2,s2,2.895369113353752e-07,2.895369113353752e-07,7.0268984839631145e-12,7.0268984839631145e-12,1.916590852166916e-06
terminal46,206,volume,206-s3,s3,3.39348771305481e-10,3.39348771305481e-10,1.0211268890844667e-14,1.0211268890844667e-14,2.542019764389253e-09
terminal46,206,volume,206-s4,s4,3.4072744625746054e-13,3.4072744625746054e-13,8.67909744914513e-18,8.67909744914513e-18,1.940886362218619e-12
terminal46,206,volume,206-s5,s5,1.6139867220488213e-14,1.6139867220488213e-14,2.8370596030161065e-19,2.8370596030161065e-19,4.731814712190946e-14
terminal46,206,volume,206-s6,s6,3.5041414214731503e-16,3.5041414214731503e-16,8.527462776099741e-21,8.527462776099741e-21,1.259952191678352e-15
terminal46,206,volume,206-s7,s7,4.913604245704306e-16,4.913604245704306e-16,7.611282438208309e-21,7.611282438208309e-21,1.4242420668530856e-15
terminal46,206,volume,206-s8,s8,2.4340338772299575e-17,2.4340338772299575e-17,3.036031931663299e-22,3.036031931663299e-22,6.90412386316693e-17
terminal46,206,volume,206-s9,s9,4.235164736271502e-18,4.235164736271502e-18,6.81040446977616e-23,6.81040446977616e-23,1.1826135456811939e-17
terminal46,206,volume,206-s10,s10,1.1765287637362232e-18,1.1765287637362232e-18,1.9975210558394443e-23,1.9975210558394443e-23,3.310963825328794e-18
terminal46,206,volume,206-s11,s11,6.066873484708926e-20,6.066873484708926e-20,7.775055677301611e-25,7.775055677301611e-25,1.7265354800494346e-19
terminal46,206,volume,206-s12,s12,3.050642099095566e-20,3.050642099095566e-20,5.042549898915701e-25,5.042549898915701e-25,8.679019184323498e-20
terminal46,206,volume,206-s13,s13,6.948317145445432e-22,6.948317145445432e-22,1.0133619197209201e-26,1.0133619197209201e-26,1.848527712271908e-21
terminal46,206,volume,206-s14,s14,6.762201507621001e-23,6.762201507621001e-23,9.959184869641865e-28,9.959184869641865e-28,1.8740286949513467e-22
terminal46,206,volume,206-s15,s15,1.6543612251060553e-24,1.6543612251060553e-24,3.01797311048554e-29,3.01797311048554e-29,4.800297272493249e-24
terminal46,206,volume,206-s16,s16,3.0373038117181485e-24,3.0373038117181485e-24,5.080192632771359e-29,5.080192632771359e-29,8.540251209849535e-24
terminal46,206,volume,206-s17,s17,1.0057029908481635e-25,1.0057029908481635e-25,1.5598765026111018e-30,1.5598765026111018e-30,2.4444500999855276e-25
terminal46,206,volume,206-s18,s18,7.270142102516845e-26,7.270142102516845e-26,1.1915691027841935e-30,1.1915691027841935e-30,2.103828710610832e-25
terminal46,206,volume,206-s19,s19,5.793394487943111e-27,5.793394487943111e-27,9.677576091732742e-32,9.677576091732742e-32,1.5939653421148953e-26
terminal46,206,volume,206-s20,s20,5.821793480531067e-28,5.821793480531067e-28,9.006669762303094e-33,9.006669762303094e-33,1.5814594777549335e-27
terminal46,206,volume,206-core,core,2.7018486003819654e-28,2.7018486003819654e-28,4.309357095612306e-33,4.309357095612306e-33,7.53117507518521e-28
terminal46,237,volume,237-whole,whole,1.0514256132410083e-11,1.0514256132410083e-11,2.1925653337217595e-16,2.1925653337217595e-16,4.0090954427779435e-11
terminal46,240,volume,240-whole,whole,4.654054919228656e-13,4.654054919228656e-13,4.7886567698114024e-17,4.7886567698114024e-17,1.8238156210964585e-12
terminal46,243,volume,243-whole,whole,1.6409984482379514e-10,1.6409984482379514e-10,6.876876773907651e-15,6.876876773907651e-15,8.240396481493106e-10
terminal46,244,volume,244-whole,whole,2.2609114580518508e-10,2.2609114580518508e-10,4.141566951357998e-15,4.141566951357998e-15,1.4506466080449476e-09
terminal46,246,volume,246-s1,s1,5.362583692658518e-06,5.362583692658518e-06,9.628653953198425e-11,9.628653953198425e-11,2.2113431256612706e-05
terminal46,246,volume,246-s2,s2,9.570360282040724e-09,9.570360282040724e-09,2.685936556896547e-13,2.685936556896547e-13,5.022846699155592e-08
terminal46,246,volume,246-s3,s3,6.695713428150896e-12,6.695713428150896e-12,2.509725031056453e-16,2.509725031056453e-16,4.289689008738287e-11
terminal46,246,volume,246-s4,s4,2.2690183065776637e-14,2.2690183065776637e-14,2.853428660965809e-19,2.853428660965809e-19,7.181517174285803e-14
terminal46,246,volume,246-s5,s5,8.17141493358875e-15,8.17141493358875e-15,1.5538693828354474e-19,1.5538693828354474e-19,2.1127609824845965e-14
terminal46,246,volume,246-s6,s6,1.9853097030925193e-15,1.9853097030925193e-15,3.7735887723826436e-20,3.7735887723826436e-20,5.1111497469461675e-15
terminal46,246,volume,246-s7,s7,4.66627062510605e-16,4.66627062510605e-16,8.944528620237547e-21,8.944528620237547e-21,1.189980048017821e-15
terminal46,246,volume,246-s8,s8,1.4858651960734937e-17,1.4858651960734937e-17,2.8685541990151617e-22,2.8685541990151617e-22,3.773226439219481e-17
terminal46,246,volume,246-s9,s9,6.313148314123114e-18,6.313148314123114e-18,1.21822967911821e-22,1.21822967911821e-22,1.6013849586320685e-17
terminal46,246,volume,246-s10,s10,5.678032422359999e-19,5.678032422359999e-19,1.0911271598688215e-23,1.0911271598688215e-23,1.4395706614483894e-18
terminal46,246,volume,246-s11,s11,5.869011882186242e-20,5.869011882186242e-20,1.1337089725554159e-24,1.1337089725554159e-24,1.4867416344067378e-19
terminal46,246,volume,246-s12,s12,1.5606003026731697e-20,1.5606003026731697e-20,3.0117148979810145e-25,3.0117148979810145e-25,3.953447801742615e-20
terminal46,246,volume,246-s13,s13,5.53797420104252e-22,5.53797420104252e-22,1.0642931703054718e-26,1.0642931703054718e-26,1.3981378090990955e-21
terminal46,246,volume,246-s14,s14,1.5584599728381887e-22,1.5584599728381887e-22,3.002260428417807e-27,3.002260428417807e-27,3.947347966946471e-22
terminal46,246,volume,246-s15,s15,1.9701277304253703e-23,1.9701277304253703e-23,3.802084375298921e-28,3.802084375298921e-28,4.976795802506728e-23
terminal46,246,volume,246-s16,s16,2.5444487616850274e-24,2.5444487616850274e-24,4.9223035147355325e-29,4.9223035147355325e-29,6.441340141717441e-24
terminal46,246,volume,246-s17,s17,2.8830657275293363e-25,2.8830657275293363e-25,5.588314724188694e-30,5.588314724188694e-30,7.292033887052512e-25
terminal46,246,volume,246-s18,s18,1.3213420162451948e-26,1.3213420162451948e-26,2.549329950868843e-31,2.549329950868843e-31,3.359103980424516e-26
terminal46,246,volume,246-s19,s19,1.297281758635954e-27,1.297281758635954e-27,2.4784181900122986e-32,2.4784181900122986e-32,3.255223918764245e-27
terminal46,246,volume,246-s20,s20,6.697922123392153e-29,6.697922123392153e-29,1.245381946146206e-33,1.245381946146206e-33,1.6787402878785298e-28
terminal46,246,volume,246-core,core,2.228039019183595e-28,2.228039019183595e-28,4.296013758090697e-33,4.296013758090697e-33,5.633675093026868e-28
terminal46,247,volume,247-s1,s1,3.075617378556217e-07,3.075617378556217e-07,1.5192629366784204e-11,1.5192629366784204e-11,1.866158199434996e-06
terminal46,247,volume,247-s2,s2,5.182826079419556e-08,5.182826079419556e-08,5.269802038399059e-12,5.269802038399059e-12,3.294828802248226e-07
terminal46,247,volume,247-s3,s3,1.5931179930817052e-08,1.5931179930817052e-08,1.6492831014907499e-12,1.6492831014907499e-12,9.368431580546524e-08
terminal46,247,volume,247-s4,s4,5.170622152661508e-09,5.170622152661508e-09,4.895178247933106e-13,4.895178247933106e-13,2.8323340759434253e-08
terminal46,247,volume,247-s5,s5,1.7221166714875835e-09,1.7221166714875835e-09,1.4087690818053045e-13,1.4087690818053045e-13,8.411277787306041e-09
terminal46,247,volume,247-s6,s6,5.178610873457501e-10,5.178610873457501e-10,3.972525646619864e-14,3.972525646619864e-14,2.4072893852179244e-09
terminal46,247,volume,247-s7,s7,1.4800535796943848e-10,1.4800535796943848e-10,1.1014926799066481e-14,1.1014926799066481e-14,6.723162462915674e-10
terminal46,247,volume,247-s8,s8,4.1654665827728365e-11,4.1654665827728365e-11,3.054427956582749e-15,3.054427956582749e-15,1.870967745205563e-10
terminal46,247,volume,247-s9,s9,1.1460398602336497e-11,1.1460398602336497e-11,8.342800310194701e-16,8.342800310194701e-16,5.119362086486293e-11
terminal46,247,volume,247-s10,s10,3.0125936467673142e-12,3.0125936467673142e-12,2.1853807380328282e-16,2.1853807380328282e-16,1.342166267461628e-11
terminal46,247,volume,247-s11,s11,8.762194528971756e-13,8.762194528971756e-13,6.344119553541233e-17,6.344119553541233e-17,3.89806970873709e-12
terminal46,247,volume,247-s12,s12,1.9724581126409624e-13,1.9724581126409624e-13,1.4270051952953406e-17,1.4270051952953406e-17,8.769797847240566e-13
terminal46,247,volume,247-s13,s13,8.166050843340378e-14,8.166050843340378e-14,5.904260018609181e-18,5.904260018609181e-18,3.629009496406879e-13
terminal46,247,volume,247-s14,s14,7.815518794206805e-15,7.815518794206805e-15,5.647658077332493e-19,5.647658077332493e-19,3.4721113915769576e-14
terminal46,247,volume,247-s15,s15,7.223117503424303e-15,7.223117503424303e-15,5.221080494981687e-19,5.221080494981687e-19,3.2093235491121554e-14
terminal46,247,volume,247-s16,s16,1.045028169224414e-15,1.045028169224414e-15,7.553679640117135e-20,7.553679640117135e-20,4.6431216819383465e-15
terminal46,247,volume,247-s17,s17,5.169707833680196e-16,5.169707833680196e-16,3.736464952254433e-20,3.736464952254433e-20,2.2968306875960223e-15
terminal46,247,volume,247-s18,s18,1.9159492455362984e-15,1.9159492455362984e-15,1.3847871268119824e-19,1.3847871268119824e-19,8.512325190829764e-15
terminal46,247,volume,247-s19,s19,3.762488124746937e-16,3.762488124746937e-16,2.7193986474827365e-20,2.7193986474827365e-20,1.6716244013041146e-15
terminal46,247,volume,247-s20,s20,1.609186410312697e-17,1.609186410312697e-17,1.1630667015842927e-21,1.1630667015842927e-21,7.149408966249223e-17
terminal46,247,volume,247-core,core,3.776010612839061e-17,3.776010612839061e-17,2.7291671576815837e-21,2.7291671576815837e-21,1.677630981883828e-16
terminal46,248,volume,248-s1,s1,7.815970093361102e-13,7.815970093361102e-13,1.2393841895937242e-17,1.2393841895937242e-17,4.104368537746761e-12
terminal46,248,volume,248-s2,s2,3.197442310920451e-13,3.197442310920451e-13,6.6234983662287435e-18,6.6234983662287435e-18,1.1073290721863582e-12
terminal46,248,volume,248-s3,s3,2.639000129533997e-13,2.639000129533997e-13,6.594202837239209e-18,6.594202837239209e-18,8.345091653295944e-13
terminal46,248,volume,248-s4,s4,6.094430515801719e-14,6.094430515801719e-14,1.5468072529171851e-18,1.5468072529171851e-18,1.911971151064354e-13
terminal46,248,volume,248-s5,s5,9.185496330568754e-15,9.185496330568754e-15,2.335489176142034e-19,2.335489176142034e-19,2.8014523249074108e-14
terminal46,248,volume,248-s6,s6,1.8106176280507924e-16,1.8106176280507924e-16,4.652070541068927e-21,4.652070541068927e-21,5.736391867460187e-16
terminal46,248,volume,248-s7,s7,2.4801124695605914e-18,2.4801124695605914e-18,4.4373221971620496e-23,4.4373221971620496e-23,9.869951329026616e-18
terminal46,248,volume,248-s8,s8,4.799288679142866e-18,4.799288679142866e-18,1.2302355772798162e-22,1.2302355772798162e-22,1.4664930603973233e-17
terminal46,248,volume,248-s9,s9,2.5398282923420196e-18,2.5398282923420196e-18,6.507416311625853e-23,6.507416311625853e-23,7.757020940645332e-18
terminal46,248,volume,248-s10,s10,8.205631676526035e-22,8.205631676526035e-22,7.652391697039593e-26,7.652391697039593e-26,3.5556059746972124e-21
terminal46,248,volume,248-s11,s11,2.959652231714733e-20,2.959652231714733e-20,7.622953198574463e-25,7.622953198574463e-25,9.013871981082776e-20
terminal46,248,volume,248-s12,s12,3.821574429994988e-22,3.821574429994988e-22,9.724022304348499e-27,9.724022304348499e-27,1.2425639965116653e-21
terminal46,248,volume,248-s13,s13,4.1054007776772455e-22,4.1054007776772455e-22,1.0455337927028485e-26,1.0455337927028485e-26,1.2562098309765293e-21
terminal46,248,volume,248-s14,s14,7.92671671373081e-23,7.92671671373081e-23,2.042394471067438e-27,2.042394471067438e-27,2.4231906647399186e-22
terminal46,248,volume,248-s15,s15,3.8273259201916456e-24,3.8273259201916456e-24,9.780496076668593e-29,9.780496076668593e-29,1.168974034761323e-23
terminal46,248,volume,248-s16,s16,2.928251680180396e-27,2.928251680180396e-27,2.1713634782527626e-31,2.1713634782527626e-31,1.1301363221084868e-26
terminal46,248,volume,248-s17,s17,2.232791906137552e-25,2.232791906137552e-25,5.761106630240604e-30,5.761106630240604e-30,6.828615072465512e-25
terminal46,248,volume,248-s18,s18,1.421211806846175e-26,1.421211806846175e-26,3.635163190744316e-31,3.635163190744316e-31,4.376477993276716e-26
terminal46,248,volume,248-s19,s19,2.1614788803055723e-28,2.1614788803055723e-28,6.033715682880468e-33,6.033715682880468e-33,6.544800899064635e-28
terminal46,248,volume,248-s20,s20,3.1480480498976002e-28,3.1480480498976002e-28,8.05605476751824e-33,8.05605476751824e-33,9.635767413204865e-28
terminal46,248,volume,248-core,core,7.826979293989727e-30,7.826979293989727e-30,1.967011474743096e-34,1.967011474743096e-34,2.3971475307074453e-29
terminal46,195,passiveFiber,195-whole,whole,0.0,0.0,0.0,0.0,0.0
terminal46,196,passiveFiber,196-whole,whole,0.0,0.0,0.0,0.0,0.0
terminal46,197,passiveFiber,197-s1,s1,0.0,0.0,0.0,0.0,0.0
terminal46,197,passiveFiber,197-s2,s2,0.0,0.0,0.0,0.0,0.0
terminal46,197,passiveFiber,197-s3,s3,0.0,0.0,0.0,0.0,0.0
terminal46,197,passiveFiber,197-s4,s4,0.0,0.0,0.0,0.0,0.0
terminal46,197,passiveFiber,197-s5,s5,0.0,0.0,0.0,0.0,0.0
terminal46,197,passiveFiber,197-s6,s6,0.0,0.0,0.0,0.0,0.0
terminal46,197,passiveFiber,197-s7,s7,0.0,0.0,0.0,0.0,0.0
terminal46,197,passiveFiber,197-s8,s8,0.0,0.0,0.0,0.0,0.0
terminal46,197,passiveFiber,197-s9,s9,0.0,0.0,0.0,0.0,0.0
terminal46,197,passiveFiber,197-s10,s10,0.0,0.0,0.0,0.0,0.0
terminal46,197,passiveFiber,197-s11,s11,0.0,0.0,0.0,0.0,0.0
terminal46,197,passiveFiber,197-s12,s12,0.0,0.0,0.0,0.0,0.0
terminal46,197,passiveFiber,197-s13,s13,0.0,0.0,0.0,0.0,0.0
terminal46,197,passiveFiber,197-s14,s14,0.0,0.0,0.0,0.0,0.0
terminal46,197,passiveFiber,197-s15,s15,0.0,0.0,0.0,0.0,0.0
terminal46,197,passiveFiber,197-s16,s16,0.0,0.0,0.0,0.0,0.0
terminal46,197,passiveFiber,197-s17,s17,0.0,0.0,0.0,0.0,0.0
terminal46,197,passiveFiber,197-s18,s18,0.0,0.0,0.0,0.0,0.0
terminal46,197,passiveFiber,197-s19,s19,0.0,0.0,0.0,0.0,0.0
terminal46,197,passiveFiber,197-s20,s20,0.0,0.0,0.0,0.0,0.0
terminal46,197,passiveFiber,197-core,core,0.0,0.0,0.0,0.0,0.0
terminal46,198,passiveFiber,198-whole,whole,0.0,0.0,0.0,0.0,0.0
terminal46,199,passiveFiber,199-whole,whole,0.0,0.0,0.0,0.0,0.0
terminal46,200,passiveFiber,200-s1,s1,0.0,0.0,0.0,0.0,0.0
terminal46,200,passiveFiber,200-s2,s2,0.0,0.0,0.0,0.0,0.0
terminal46,200,passiveFiber,200-s3,s3,0.0,0.0,0.0,0.0,0.0
terminal46,200,passiveFiber,200-s4,s4,0.0,0.0,0.0,0.0,0.0
terminal46,200,passiveFiber,200-s5,s5,0.0,0.0,0.0,0.0,0.0
terminal46,200,passiveFiber,200-s6,s6,0.0,0.0,0.0,0.0,0.0
terminal46,200,passiveFiber,200-s7,s7,0.0,0.0,0.0,0.0,0.0
terminal46,200,passiveFiber,200-s8,s8,0.0,0.0,0.0,0.0,0.0
terminal46,200,passiveFiber,200-s9,s9,0.0,0.0,0.0,0.0,0.0
terminal46,200,passiveFiber,200-s10,s10,0.0,0.0,0.0,0.0,0.0
terminal46,200,passiveFiber,200-s11,s11,0.0,0.0,0.0,0.0,0.0
terminal46,200,passiveFiber,200-s12,s12,0.0,0.0,0.0,0.0,0.0
terminal46,200,passiveFiber,200-s13,s13,0.0,0.0,0.0,0.0,0.0
terminal46,200,passiveFiber,200-s14,s14,0.0,0.0,0.0,0.0,0.0
terminal46,200,passiveFiber,200-s15,s15,0.0,0.0,0.0,0.0,0.0
terminal46,200,passiveFiber,200-s16,s16,0.0,0.0,0.0,0.0,0.0
terminal46,200,passiveFiber,200-s17,s17,0.0,0.0,0.0,0.0,0.0
terminal46,200,passiveFiber,200-s18,s18,0.0,0.0,0.0,0.0,0.0
terminal46,200,passiveFiber,200-s19,s19,0.0,0.0,0.0,0.0,0.0
terminal46,200,passiveFiber,200-s20,s20,0.0,0.0,0.0,0.0,0.0
terminal46,200,passiveFiber,200-core,core,0.0,0.0,0.0,0.0,0.0
terminal46,202,passiveFiber,202-whole,whole,0.0,0.0,0.0,0.0,0.0
terminal46,203,passiveFiber,203-s1,s1,0.0,0.0,0.0,0.0,0.0
terminal46,203,passiveFiber,203-s2,s2,0.0,0.0,0.0,0.0,0.0
terminal46,203,passiveFiber,203-s3,s3,0.0,0.0,0.0,0.0,0.0
terminal46,203,passiveFiber,203-s4,s4,0.0,0.0,0.0,0.0,0.0
terminal46,203,passiveFiber,203-s5,s5,0.0,0.0,0.0,0.0,0.0
terminal46,203,passiveFiber,203-s6,s6,0.0,0.0,0.0,0.0,0.0
terminal46,203,passiveFiber,203-s7,s7,0.0,0.0,0.0,0.0,0.0
terminal46,203,passiveFiber,203-s8,s8,0.0,0.0,0.0,0.0,0.0
terminal46,203,passiveFiber,203-s9,s9,0.0,0.0,0.0,0.0,0.0
terminal46,203,passiveFiber,203-s10,s10,0.0,0.0,0.0,0.0,0.0
terminal46,203,passiveFiber,203-s11,s11,0.0,0.0,0.0,0.0,0.0
terminal46,203,passiveFiber,203-s12,s12,0.0,0.0,0.0,0.0,0.0
terminal46,203,passiveFiber,203-s13,s13,0.0,0.0,0.0,0.0,0.0
terminal46,203,passiveFiber,203-s14,s14,0.0,0.0,0.0,0.0,0.0
terminal46,203,passiveFiber,203-s15,s15,0.0,0.0,0.0,0.0,0.0
terminal46,203,passiveFiber,203-s16,s16,0.0,0.0,0.0,0.0,0.0
terminal46,203,passiveFiber,203-s17,s17,0.0,0.0,0.0,0.0,0.0
terminal46,203,passiveFiber,203-s18,s18,0.0,0.0,0.0,0.0,0.0
terminal46,203,passiveFiber,203-s19,s19,0.0,0.0,0.0,0.0,0.0
terminal46,203,passiveFiber,203-s20,s20,0.0,0.0,0.0,0.0,0.0
terminal46,203,passiveFiber,203-core,core,0.0,0.0,0.0,0.0,0.0
terminal46,206,passiveFiber,206-s1,s1,0.0,0.0,0.0,0.0,0.0
terminal46,206,passiveFiber,206-s2,s2,0.0,0.0,0.0,0.0,0.0
terminal46,206,passiveFiber,206-s3,s3,0.0,0.0,0.0,0.0,0.0
terminal46,206,passiveFiber,206-s4,s4,0.0,0.0,0.0,0.0,0.0
terminal46,206,passiveFiber,206-s5,s5,0.0,0.0,0.0,0.0,0.0
terminal46,206,passiveFiber,206-s6,s6,0.0,0.0,0.0,0.0,0.0
terminal46,206,passiveFiber,206-s7,s7,0.0,0.0,0.0,0.0,0.0
terminal46,206,passiveFiber,206-s8,s8,0.0,0.0,0.0,0.0,0.0
terminal46,206,passiveFiber,206-s9,s9,0.0,0.0,0.0,0.0,0.0
terminal46,206,passiveFiber,206-s10,s10,0.0,0.0,0.0,0.0,0.0
terminal46,206,passiveFiber,206-s11,s11,0.0,0.0,0.0,0.0,0.0
terminal46,206,passiveFiber,206-s12,s12,0.0,0.0,0.0,0.0,0.0
terminal46,206,passiveFiber,206-s13,s13,0.0,0.0,0.0,0.0,0.0
terminal46,206,passiveFiber,206-s14,s14,0.0,0.0,0.0,0.0,0.0
terminal46,206,passiveFiber,206-s15,s15,0.0,0.0,0.0,0.0,0.0
terminal46,206,passiveFiber,206-s16,s16,0.0,0.0,0.0,0.0,0.0
terminal46,206,passiveFiber,206-s17,s17,0.0,0.0,0.0,0.0,0.0
terminal46,206,passiveFiber,206-s18,s18,0.0,0.0,0.0,0.0,0.0
terminal46,206,passiveFiber,206-s19,s19,0.0,0.0,0.0,0.0,0.0
terminal46,206,passiveFiber,206-s20,s20,0.0,0.0,0.0,0.0,0.0
terminal46,206,passiveFiber,206-core,core,0.0,0.0,0.0,0.0,0.0
terminal46,237,passiveFiber,237-whole,whole,1.438849039914203e-13,1.438849039914203e-13,4.0341875153506635e-18,4.0341875153506635e-18,5.210869984204752e-13
terminal46,240,passiveFiber,240-whole,whole,5.3290705182007514e-14,5.3290705182007514e-14,4.269548138785435e-18,4.269548138785435e-18,2.886956103355083e-13
terminal46,243,passiveFiber,243-whole,whole,8.739675649849232e-13,8.739675649849232e-13,4.022580313311119e-17,4.022580313311119e-17,3.4614732954962868e-12
terminal46,244,passiveFiber,244-whole,whole,3.659295089164516e-13,3.659295089164516e-13,6.2483440293404474e-18,6.2483440293404474e-18,1.0586657486527824e-12
terminal46,246,passiveFiber,246-s1,s1,1.936228954946273e-12,1.936228954946273e-12,2.069820114454828e-21,2.069820114454828e-21,6.417681707240885e-12
terminal46,246,passiveFiber,246-s2,s2,4.973799150320701e-14,4.973799150320701e-14,2.260809530305722e-19,2.260809530305722e-19,2.1758159510221198e-13
terminal46,246,passiveFiber,246-s3,s3,2.5923707624997405e-14,2.5923707624997405e-14,3.120802917866219e-19,3.120802917866219e-19,7.939743968624763e-14
terminal46,246,passiveFiber,246-s4,s4,1.341982081015658e-14,1.341982081015658e-14,1.9235516750846914e-19,1.9235516750846914e-19,3.652250426256485e-14
terminal46,246,passiveFiber,246-s5,s5,2.2681509448396753e-16,2.2681509448396753e-16,1.3582937312867545e-21,1.3582937312867545e-21,6.304693072424944e-16
terminal46,246,passiveFiber,246-s6,s6,2.323445255636436e-16,2.323445255636436e-16,3.430072024493923e-21,3.430072024493923e-21,6.263467904435822e-16
terminal46,246,passiveFiber,246-s7,s7,7.724940478959219e-18,7.724940478959219e-18,1.32274314238758e-22,1.32274314238758e-22,1.8701642562078017e-17
terminal46,246,passiveFiber,246-s8,s8,1.0960606337470646e-18,1.0960606337470646e-18,1.6089840305364896e-23,1.6089840305364896e-23,3.0189456786270506e-18
terminal46,246,passiveFiber,246-s9,s9,5.929230630780102e-20,5.929230630780102e-20,1.069832212260758e-24,1.069832212260758e-24,1.9141978547425637e-19
terminal46,246,passiveFiber,246-s10,s10,1.3314299139653533e-20,1.3314299139653533e-20,1.628420936841872e-25,1.628420936841872e-25,4.383191896410278e-20
terminal46,246,passiveFiber,246-s11,s11,3.16644738485299e-21,3.16644738485299e-21,5.14682727669107e-26,5.14682727669107e-26,8.193943638830685e-21
terminal46,246,passiveFiber,246-s12,s12,1.4306088694104614e-21,1.4306088694104614e-21,2.1391122374727583e-26,2.1391122374727583e-26,3.750891201078149e-21
terminal46,246,passiveFiber,246-s13,s13,3.898088636656143e-23,3.898088636656143e-23,5.715002070252417e-28,5.715002070252417e-28,9.668046342590157e-23
terminal46,246,passiveFiber,246-s14,s14,2.601741520420695e-23,2.601741520420695e-23,3.823980466775487e-28,3.823980466775487e-28,6.92893537243787e-23
terminal46,246,passiveFiber,246-s15,s15,9.475418540280288e-25,9.475418540280288e-25,1.4027896646133027e-29,1.4027896646133027e-29,2.3409878924935834e-24
terminal46,246,passiveFiber,246-s16,s16,8.451540194175832e-26,8.451540194175832e-26,1.2448393307458774e-30,1.2448393307458774e-30,2.442764955460207e-25
terminal46,246,passiveFiber,246-s17,s17,1.1410084133116715e-26,1.1410084133116715e-26,1.0030209662637927e-31,1.0030209662637927e-31,3.658020356087416e-26
terminal46,246,passiveFiber,246-s18,s18,3.2327519895957064e-27,3.2327519895957064e-27,4.4071498110869483e-32,4.4071498110869483e-32,9.468334085913952e-27
terminal46,246,passiveFiber,246-s19,s19,1.031435633576473e-28,1.031435633576473e-28,1.2363019125844912e-33,1.2363019125844912e-33,3.4422663867737257e-28
terminal46,246,passiveFiber,246-s20,s20,9.688197992245551e-30,9.688197992245551e-30,1.1738258628477177e-34,1.1738258628477177e-34,2.220511973629382e-29
terminal46,246,passiveFiber,246-core,core,9.469412350563161e-30,9.469412350563161e-30,1.4035047289117933e-34,1.4035047289117933e-34,2.574135306355519e-29
terminal46,247,passiveFiber,247-s1,s1,4.640732242933154e-13,4.640732242933154e-13,1.370302577672803e-17,1.370302577672803e-17,1.6072429845359615e-12
terminal46,247,passiveFiber,247-s2,s2,8.748557434046234e-14,8.748557434046234e-14,8.10095775197617e-20,8.10095775197617e-20,2.748562011670175e-13
terminal46,247,passiveFiber,247-s3,s3,3.858025010572419e-15,3.858025010572419e-15,2.885495363928066e-20,2.885495363928066e-20,1.4268412298033828e-14
terminal46,247,passiveFiber,247-s4,s4,5.0306980803327406e-15,5.0306980803327406e-15,5.2298795030827154e-20,5.2298795030827154e-20,1.3228898736812513e-14
terminal46,247,passiveFiber,247-s5,s5,7.502679033599691e-16,7.502679033599691e-16,1.0658334182838455e-20,1.0658334182838455e-20,1.9281157620928632e-15
terminal46,247,passiveFiber,247-s6,s6,3.0357660829594124e-17,3.0357660829594124e-17,3.250452385528049e-22,3.250452385528049e-22,7.477248523719605e-17
terminal46,247,passiveFiber,247-s7,s7,2.4801124695605914e-18,2.4801124695605914e-18,4.792734856070215e-24,4.792734856070215e-24,6.603024040420125e-18
terminal46,247,passiveFiber,247-s8,s8,1.5805634795765244e-18,1.5805634795765244e-18,1.9853954095886917e-23,1.9853954095886917e-23,3.93701826367412e-18
terminal46,247,passiveFiber,247-s9,s9,5.908054807098745e-20,5.908054807098745e-20,5.505910190956493e-25,5.505910190956493e-25,1.4688947705817005e-19
terminal46,247,passiveFiber,247-s10,s10,2.3425754947501744e-20,2.3425754947501744e-20,2.941167225431628e-25,2.941167225431628e-25,5.737907193267956e-20
terminal46,247,passiveFiber,247-s11,s11,5.360130369343619e-22,5.360130369343619e-22,4.992140171838266e-27,4.992140171838266e-27,1.345389860339231e-21
terminal46,247,passiveFiber,247-s12,s12,6.489231905478502e-22,6.489231905478502e-22,7.509590408009858e-27,7.509590408009858e-27,1.590687283338925e-21
terminal46,247,passiveFiber,247-s13,s13,4.828666825778299e-23,4.828666825778299e-23,5.312206968043865e-28,5.312206968043865e-28,1.1820121343315974e-22
terminal46,247,passiveFiber,247-s14,s14,4.827374356071185e-24,4.827374356071185e-24,7.354967769185155e-29,7.354967769185155e-29,1.1806602225994202e-23
terminal46,247,passiveFiber,247-s15,s15,1.6640547479094111e-25,1.6640547479094111e-25,3.360797217897066e-30,3.360797217897066e-30,4.094519297862175e-25
terminal46,247,passiveFiber,247-s16,s16,3.140297491503804e-26,3.140297491503804e-26,3.3885220956704295e-31,3.3885220956704295e-31,7.783852542987052e-26
terminal46,247,passiveFiber,247-s17,s17,1.390919548085688e-26,1.390919548085688e-26,1.7070732345722256e-31,1.7070732345722256e-31,3.4084890812502206e-26
terminal46,247,passiveFiber,247-s18,s18,4.370289414924405e-28,4.370289414924405e-28,2.6251482135927907e-33,2.6251482135927907e-33,1.1567640231309886e-27
terminal46,247,passiveFiber,247-s19,s19,6.389773332290196e-29,6.389773332290196e-29,6.386710819884514e-34,6.386710819884514e-34,1.5889864157892957e-28
terminal46,247,passiveFiber,247-s20,s20,1.8784750305575344e-29,1.8784750305575344e-29,2.746190907149063e-34,2.746190907149063e-34,4.656769971590194e-29
terminal46,247,passiveFiber,247-core,core,2.4960052079258577e-31,2.4960052079258577e-31,5.249423217985777e-36,5.249423217985777e-36,1.1120825661880603e-30
terminal46,248,passiveFiber,248-s1,s1,6.901146321069973e-13,6.901146321069973e-13,1.0903113892442101e-18,1.0903113892442101e-18,2.687740004517214e-12
terminal46,248,passiveFiber,248-s2,s2,1.554312234475219e-14,1.554312234475219e-14,6.08072934655402e-19,6.08072934655402e-19,9.688406218781587e-14
terminal46,248,passiveFiber,248-s3,s3,4.571343303894082e-14,4.571343303894082e-14,8.262802103565169e-19,8.262802103565169e-19,1.2368960226167257e-13
terminal46,248,passiveFiber,248-s4,s4,2.5604518505417673e-15,2.5604518505417673e-15,1.8780616496155217e-20,1.8780616496155217e-20,8.395555521541762e-15
terminal46,248,passiveFiber,248-s5,s5,3.2526065174565133e-16,3.2526065174565133e-16,1.0021366384131212e-21,1.0021366384131212e-21,1.1320159118085888e-15
terminal46,248,passiveFiber,248-s6,s6,1.1698541441118593e-16,1.1698541441118593e-16,2.0329202771277226e-21,2.0329202771277226e-21,2.7770933050881573e-16
terminal46,248,passiveFiber,248-s7,s7,1.5138172833328856e-17,1.5138172833328856e-17,2.3357108118137577e-22,2.3357108118137577e-22,3.6879404965651446e-17
terminal46,248,passiveFiber,248-s8,s8,3.6591823321385775e-19,3.6591823321385775e-19,4.421938757528774e-24,4.421938757528774e-24,9.112061781693126e-19
terminal46,248,passiveFiber,248-s9,s9,3.324604317973129e-20,3.324604317973129e-20,2.9433387856407923e-25,2.9433387856407923e-25,1.0868804140761989e-19
terminal46,248,passiveFiber,248-s10,s10,5.4527745979495584e-21,5.4527745979495584e-21,7.289650583584352e-27,7.289650583584352e-27,1.5712517802945024e-20
terminal46,248,passiveFiber,248-s11,s11,2.2333876538931747e-21,2.2333876538931747e-21,2.9932792003409293e-26,2.9932792003409293e-26,6.0882292065419975e-21
terminal46,248,passiveFiber,248-s12,s12,4.78937574668203e-22,4.78937574668203e-22,7.747230795395228e-27,7.747230795395228e-27,1.1602996530926467e-21
terminal46,248,passiveFiber,248-s13,s13,8.793963887204375e-23,8.793963887204375e-23,1.269029874789616e-27,1.269029874789616e-27,2.1843417370709496e-22
terminal46,248,passiveFiber,248-s14,s14,9.105449086618875e-24,9.105449086618875e-24,1.2238637279694775e-28,1.2238637279694775e-28,2.314853658096055e-23
terminal46,248,passiveFiber,248-s15,s15,2.7868878059647905e-25,2.7868878059647905e-25,5.406897129524979e-30,5.406897129524979e-30,6.399661972524739e-25
terminal46,248,passiveFiber,248-s16,s16,1.0945602832122583e-25,1.0945602832122583e-25,1.4383605390457802e-30,1.4383605390457802e-30,2.8668008700341904e-25
terminal46,248,passiveFiber,248-s17,s17,5.818638036910183e-27,5.818638036910183e-27,7.27633717081379e-32,7.27633717081379e-32,1.3990425489905284e-26
terminal46,248,passiveFiber,248-s18,s18,1.7216889256448583e-28,1.7216889256448583e-28,6.105639549298029e-34,6.105639549298029e-34,4.875852540621044e-28
terminal46,248,passiveFiber,248-s19,s19,5.620633949699709e-29,5.620633949699709e-29,5.773332755071702e-34,5.773332755071702e-34,1.8231635219134558e-28
terminal46,248,passiveFiber,248-s20,s20,4.4965071597597673e-29,4.4965071597597673e-29,6.422112997394926e-34,6.422112997394926e-34,1.1332569491432377e-28
terminal46,248,passiveFiber,248-core,core,3.358821823011339e-30,3.358821823011339e-30,5.432855269198675e-35,5.432855269198675e-35,8.21317989350079e-30
terminal46,195,activePotential,195-whole,whole,6.24389429049188e-13,6.24389429049188e-13,3.4794091728703135e-17,3.4794091728703135e-17,3.6093391730246394e-12
terminal46,196,activePotential,196-whole,whole,1.4097611966690238e-12,1.4097611966690238e-12,3.355984066670821e-19,3.355984066670821e-19,1.2098497334175895e-11
terminal46,197,activePotential,197-s1,s1,6.417977260753105e-12,6.417977260753105e-12,1.3244368419910583e-16,1.3244368419910583e-16,4.959210819777127e-11
terminal46,197,activePotential,197-s2,s2,8.482103908136196e-14,8.482103908136196e-14,1.045457561515079e-18,1.045457561515079e-18,3.562584255378809e-13
terminal46,197,activePotential,197-s3,s3,1.1102230246251565e-14,1.1102230246251565e-14,2.8539437376659102e-19,2.8539437376659102e-19,5.295942720820457e-14
terminal46,197,activePotential,197-s4,s4,3.8441472227646045e-15,3.8441472227646045e-15,3.670412727403972e-20,3.670412727403972e-20,1.4053518345249517e-14
terminal46,197,activePotential,197-s5,s5,1.2732870313669764e-15,1.2732870313669764e-15,1.6801105626314755e-20,1.6801105626314755e-20,4.271927977885588e-15
terminal46,197,activePotential,197-s6,s6,8.478460988836645e-17,8.478460988836645e-17,8.836988623114015e-22,8.836988623114015e-22,2.7013837466396693e-16
terminal46,197,activePotential,197-s7,s7,5.719166459861036e-18,5.719166459861036e-18,5.646617804003156e-23,5.646617804003156e-23,2.0538563737446656e-17
terminal46,197,activePotential,197-s8,s8,1.0232158002831948e-18,1.0232158002831948e-18,1.0497688833329193e-23,1.0497688833329193e-23,4.500603647343227e-18
terminal46,197,activePotential,197-s9,s9,2.159934015498466e-20,2.159934015498466e-20,2.0900976909487187e-25,2.0900976909487187e-25,1.172126786397203e-19
terminal46,197,activePotential,197-s10,s10,1.3499587596865412e-20,1.3499587596865412e-20,2.6617134067826583e-25,2.6617134067826583e-25,4.945902713942785e-20
terminal46,197,activePotential,197-s11,s11,4.6454463200978034e-21,4.6454463200978034e-21,5.886517661461528e-26,5.886517661461528e-26,1.774609955136677e-20
terminal46,197,activePotential,197-s12,s12,3.6974973381120337e-22,3.6974973381120337e-22,5.609231079495426e-27,5.609231079495426e-27,1.4250896074397414e-21
terminal46,197,activePotential,197-s13,s13,4.963083675318166e-23,4.963083675318166e-23,5.950494627469516e-28,5.950494627469516e-28,1.6260258375100703e-22
terminal46,197,activePotential,197-s14,s14,9.913242653565191e-24,9.913242653565191e-24,1.223086831367232e-28,1.223086831367232e-28,3.6958008683299717e-23
terminal46,197,activePotential,197-s15,s15,1.471799878976188e-24,1.471799878976188e-24,1.5039242884620936e-29,1.5039242884620936e-29,4.8298221131710335e-24
terminal46,197,activePotential,197-s16,s16,4.2409162264681595e-26,4.2409162264681595e-26,6.582577956726056e-31,6.582577956726056e-31,1.4761916561660392e-25
terminal46,197,activePotential,197-s17,s17,1.0854726055841122e-26,1.0854726055841122e-26,1.3338585977372986e-31,1.3338585977372986e-31,3.3908338097509605e-26
terminal46,197,activePotential,197-s18,s18,1.0160528459246632e-27,1.0160528459246632e-27,1.4235521840201262e-32,1.4235521840201262e-32,3.367777745927874e-27
terminal46,197,activePotential,197-s19,s19,3.3605474562415103e-28,3.3605474562415103e-28,4.3870050033087874e-33,4.3870050033087874e-33,1.1314984936501515e-27
terminal46,197,activePotential,197-s20,s20,2.1200636827814692e-29,2.1200636827814692e-29,2.271048143676085e-34,2.271048143676085e-34,7.875555892410239e-29
terminal46,197,activePotential,197-core,core,2.1755304651798216e-30,2.1755304651798216e-30,2.397616633160349e-35,2.397616633160349e-35,8.098538785179421e-30
terminal46,198,activePotential,198-whole,whole,2.8881341762598822e-12,2.8881341762598822e-12,4.5307457237428805e-17,4.5307457237428805e-17,1.8825630290764117e-11
terminal46,199,activePotential,199-whole,whole,3.9468428525424315e-13,3.9468428525424315e-13,1.5720043239901157e-17,1.5720043239901157e-17,2.9598970843758288e-12
terminal46,200,activePotential,200-s1,s1,5.435651928564766e-13,5.435651928564766e-13,4.6895421186972664e-18,4.6895421186972664e-18,2.836626766811179e-12
terminal46,200,activePotential,200-s2,s2,1.6298074001497298e-13,1.6298074001497298e-13,6.410387843996825e-19,6.410387843996825e-19,7.175076505161471e-13
terminal46,200,activePotential,200-s3,s3,5.10702591327572e-15,5.10702591327572e-15,1.683882560473014e-19,1.683882560473014e-19,1.9427601888333257e-14
terminal46,200,activePotential,200-s4,s4,1.7208456881689926e-15,1.7208456881689926e-15,3.5779938275423697e-20,3.5779938275423697e-20,5.454282316595671e-15
terminal46,200,activePotential,200-s5,s5,5.950101522600448e-16,5.950101522600448e-16,3.931328976010715e-21,3.931328976010715e-21,1.8168306147189027e-15
terminal46,200,activePotential,200-s6,s6,4.575333167888829e-17,4.575333167888829e-17,2.639063967938741e-22,2.639063967938741e-22,1.2278192556704312e-16
terminal46,200,activePotential,200-s7,s7,5.692061405548898e-18,5.692061405548898e-18,2.750476587076293e-23,2.750476587076293e-23,1.5232832073906974e-17
terminal46,200,activePotential,200-s8,s8,7.894347068410079e-19,7.894347068410079e-19,6.1127863387187214e-24,6.1127863387187214e-24,2.0107211795467097e-18
terminal46,200,activePotential,200-s9,s9,3.044024654195142e-20,3.044024654195142e-20,5.672467004525673e-26,5.672467004525673e-26,1.733758931683782e-19
terminal46,200,activePotential,200-s10,s10,3.631653761352813e-20,3.631653761352813e-20,4.116965589822962e-25,4.116965589822962e-25,1.264135386479119e-19
terminal46,200,activePotential,200-s11,s11,2.0447904742310844e-21,2.0447904742310844e-21,2.2921896938801865e-26,2.2921896938801865e-26,6.3666202016130865e-21
terminal46,200,activePotential,200-s12,s12,2.721424215299461e-22,2.721424215299461e-22,3.1462198219531544e-27,3.1462198219531544e-27,9.325479968905983e-22
terminal46,200,activePotential,200-s13,s13,2.677997233140427e-23,2.677997233140427e-23,2.6616825408420654e-28,2.6616825408420654e-28,7.157758197224369e-23
terminal46,200,activePotential,200-s14,s14,1.2407709188295415e-24,1.2407709188295415e-24,1.3171363894735576e-29,1.3171363894735576e-29,5.083699879102925e-24
terminal46,200,activePotential,200-s15,s15,5.541463869251728e-25,5.541463869251728e-25,5.986594285645657e-30,5.986594285645657e-30,1.695595285837401e-24
terminal46,200,activePotential,200-s16,s16,9.43098989409824e-26,9.43098989409824e-26,9.635210320063575e-31,9.635210320063575e-31,3.0557710662131193e-25
terminal46,200,activePotential,200-s17,s17,1.4489797107099545e-26,1.4489797107099545e-26,1.2945551127214652e-31,1.2945551127214652e-31,4.726545877699528e-26
terminal46,200,activePotential,200-s18,s18,1.8554008490798198e-27,1.8554008490798198e-27,1.8544314291256524e-32,1.8544314291256524e-32,5.169561015898051e-27
terminal46,200,activePotential,200-s19,s19,1.1044052673094165e-29,1.1044052673094165e-29,1.7113002779549654e-34,1.7113002779549654e-34,6.125724440150933e-29
terminal46,200,activePotential,200-s20,s20,1.4100888680825586e-29,1.4100888680825586e-29,1.4255473976901623e-34,1.4255473976901623e-34,4.00857548759476e-29
terminal46,200,activePotential,200-core,core,5.509700384903004e-30,5.509700384903004e-30,5.367575277570762e-35,5.367575277570762e-35,1.510454103912197e-29
terminal46,202,activePotential,202-whole,whole,2.2923885012460232e-12,2.2923885012460232e-12,6.960942607475099e-17,6.960942607475099e-17,1.544171734924049e-11
terminal46,203,activePotential,203-s1,s1,9.556799795973347e-12,9.556799795973347e-12,9.128082531109139e-16,9.128082531109139e-16,5.101181282940459e-11
terminal46,203,activePotential,203-s2,s2,6.110667527536862e-13,6.110667527536862e-13,1.3610006174348502e-17,1.3610006174348502e-17,2.1124629823177088e-12
terminal46,203,activePotential,203-s3,s3,8.881784197001252e-15,8.881784197001252e-15,1.7263974757014143e-19,1.7263974757014143e-19,4.680630882880621e-14
terminal46,203,activePotential,203-s4,s4,1.4377388168895777e-14,1.4377388168895777e-14,2.308571847732736e-19,2.308571847732736e-19,4.244803293584898e-14
terminal46,203,activePotential,203-s5,s5,1.908195823574488e-15,1.908195823574488e-15,4.099340040597754e-20,4.099340040597754e-20,5.4894172432477795e-15
terminal46,203,activePotential,203-s6,s6,2.498001805406602e-16,2.498001805406602e-16,4.594522189623387e-21,4.594522189623387e-21,7.044607850889301e-16
terminal46,203,activePotential,203-s7,s7,2.7647155398380363e-17,2.7647155398380363e-17,4.823705125651064e-22,4.823705125651064e-22,7.333643021063254e-17
terminal46,203,activePotential,203-s8,s8,2.0599841277224584e-18,2.0599841277224584e-18,3.4015084414811934e-23,3.4015084414811934e-23,5.955553172232765e-18
terminal46,203,activePotential,203-s9,s9,8.673617379884035e-19,8.673617379884035e-19,1.7371746870397548e-23,1.7371746870397548e-23,2.605358367649083e-18
terminal46,203,activePotential,203-s10,s10,1.4823076576950256e-20,1.4823076576950256e-20,2.0847078393690615e-25,2.0847078393690615e-25,4.831332544549222e-20
terminal46,203,activePotential,203-s11,s11,8.205631676526035e-22,8.205631676526035e-22,1.0834987320490523e-26,1.0834987320490523e-26,3.980977950147638e-21
terminal46,203,activePotential,203-s12,s12,1.4889251025954498e-22,1.4889251025954498e-22,7.96236582224504e-27,7.96236582224504e-27,6.7536916548287115e-22
terminal46,203,activePotential,203-s13,s13,1.6626330312315856e-22,1.6626330312315856e-22,3.361993497352361e-27,3.361993497352361e-27,4.885266917307528e-22
terminal46,203,activePotential,203-s14,s14,1.4940949814239062e-23,1.4940949814239062e-23,2.5760975825028165e-28,2.5760975825028165e-28,4.347586609439346e-23
terminal46,203,activePotential,203-s15,s15,3.7933985903799e-24,3.7933985903799e-24,7.327223447539064e-29,7.327223447539064e-29,1.1266267178819784e-23
terminal46,203,activePotential,203-s16,s16,2.8999789053372748e-25,2.8999789053372748e-25,5.827546707644524e-30,5.827546707644524e-30,8.633082853557983e-25
terminal46,203,activePotential,203-s17,s17,2.736400708030646e-26,2.736400708030646e-26,5.12354779193063e-31,5.12354779193063e-31,7.136628718385025e-26
terminal46,203,activePotential,203-s18,s18,1.4136387421560532e-27,1.4136387421560532e-27,2.982158780618594e-32,2.982158780618594e-32,5.280942320098295e-27
terminal46,203,activePotential,203-s19,s19,3.6918690364343352e-28,3.6918690364343352e-28,6.617789993828422e-33,6.617789993828422e-33,9.580359445770042e-28
terminal46,203,activePotential,203-s20,s20,4.4373425918681914e-29,4.4373425918681914e-29,8.911112328339925e-34,8.911112328339925e-34,1.068013126946536e-28
terminal46,203,activePotential,203-core,core,1.392832535780849e-29,1.392832535780849e-29,2.7111622991969712e-34,2.7111622991969712e-34,4.048979481855193e-29
terminal46,206,activePotential,206-s1,s1,6.821210263296962e-13,6.821210263296962e-13,1.5544504518975227e-17,1.5544504518975227e-17,4.745548572160363e-12
terminal46,206,activePotential,206-s2,s2,4.551914400963142e-13,4.551914400963142e-13,1.2468783856861318e-17,1.2468783856861318e-17,1.8773246845960045e-12
terminal46,206,activePotential,206-s3,s3,3.5083047578154947e-14,3.5083047578154947e-14,1.070692414466235e-18,1.070692414466235e-18,1.137859338001812e-13
terminal46,206,activePotential,206-s4,s4,7.598088824778415e-16,7.598088824778415e-16,2.1226894274565947e-22,2.1226894274565947e-22,5.24682023089057e-15
terminal46,206,activePotential,206-s5,s5,5.082739784612045e-16,5.082739784612045e-16,1.349958145290541e-20,1.349958145290541e-20,1.7085433816430712e-15
terminal46,206,activePotential,206-s6,s6,2.42861286636753e-16,2.42861286636753e-16,6.672682461909768e-21,6.672682461909768e-21,8.145097408159322e-16
terminal46,206,activePotential,206-s7,s7,2.6752688606079822e-17,2.6752688606079822e-17,6.738212004609543e-22,6.738212004609543e-22,7.933661639435744e-17
terminal46,206,activePotential,206-s8,s8,1.3010426069826053e-18,1.3010426069826053e-18,3.6936142598570146e-23,3.6936142598570146e-23,5.1143535026581884e-18
terminal46,206,activePotential,206-s9,s9,2.3251054402130544e-19,2.3251054402130544e-19,6.5074298578230595e-24,6.5074298578230595e-24,7.388941265103828e-19
terminal46,206,activePotential,206-s10,s10,2.0011153378882846e-20,2.0011153378882846e-20,4.396259361683832e-25,4.396259361683832e-25,6.846745586234386e-20
terminal46,206,activePotential,206-s11,s11,1.0118073252748635e-20,1.0118073252748635e-20,2.764780512550224e-25,2.764780512550224e-25,3.300560488865556e-20
terminal46,206,activePotential,206-s12,s12,4.425416277158698e-22,4.425416277158698e-22,1.2195852834967025e-26,1.2195852834967025e-26,1.2743457351017361e-21
terminal46,206,activePotential,206-s13,s13,7.454965270634162e-23,7.454965270634162e-23,2.1822694323010498e-27,2.1822694323010498e-27,2.6892212427353725e-22
terminal46,206,activePotential,206-s14,s14,5.208652919669846e-24,5.208652919669846e-24,1.408629373384145e-28,1.408629373384145e-28,1.7888486678361783e-23
terminal46,206,activePotential,206-s15,s15,9.548119961305456e-25,9.548119961305456e-25,2.5371194620536894e-29,2.5371194620536894e-29,3.2716646730390436e-24
terminal46,206,activePotential,206-s16,s16,1.3328593854614215e-25,1.3328593854614215e-25,3.4825771096948344e-30,3.4825771096948344e-30,4.265385936302095e-25
terminal46,206,activePotential,206-s17,s17,2.7237789335471096e-26,2.7237789335471096e-26,7.24862252718309e-31,7.24862252718309e-31,8.526923181532212e-26
terminal46,206,activePotential,206-s18,s18,5.824948924151951e-27,5.824948924151951e-27,1.6883519997594958e-31,1.6883519997594958e-31,1.9835622935537635e-26
terminal46,206,activePotential,206-s19,s19,4.472841332603137e-28,4.472841332603137e-28,1.1991689102511295e-32,1.1991689102511295e-32,1.3671867355739061e-27
terminal46,206,activePotential,206-s20,s20,5.10294398064842e-29,5.10294398064842e-29,1.3645408173372362e-33,1.3645408173372362e-33,1.5499695573339625e-28
terminal46,206,activePotential,206-core,core,5.2755073036655164e-30,5.2755073036655164e-30,1.2740744503584368e-34,1.2740744503584368e-34,1.4574574236917228e-29
terminal46,237,activePotential,237-whole,whole,0.0,0.0,0.0,0.0,0.0
terminal46,240,activePotential,240-whole,whole,0.0,0.0,0.0,0.0,0.0
terminal46,243,activePotential,243-whole,whole,0.0,0.0,0.0,0.0,0.0
terminal46,244,activePotential,244-whole,whole,0.0,0.0,0.0,0.0,0.0
terminal46,246,activePotential,246-s1,s1,0.0,0.0,0.0,0.0,0.0
terminal46,246,activePotential,246-s2,s2,0.0,0.0,0.0,0.0,0.0
terminal46,246,activePotential,246-s3,s3,0.0,0.0,0.0,0.0,0.0
terminal46,246,activePotential,246-s4,s4,0.0,0.0,0.0,0.0,0.0
terminal46,246,activePotential,246-s5,s5,0.0,0.0,0.0,0.0,0.0
terminal46,246,activePotential,246-s6,s6,0.0,0.0,0.0,0.0,0.0
terminal46,246,activePotential,246-s7,s7,0.0,0.0,0.0,0.0,0.0
terminal46,246,activePotential,246-s8,s8,0.0,0.0,0.0,0.0,0.0
terminal46,246,activePotential,246-s9,s9,0.0,0.0,0.0,0.0,0.0
terminal46,246,activePotential,246-s10,s10,0.0,0.0,0.0,0.0,0.0
terminal46,246,activePotential,246-s11,s11,0.0,0.0,0.0,0.0,0.0
terminal46,246,activePotential,246-s12,s12,0.0,0.0,0.0,0.0,0.0
terminal46,246,activePotential,246-s13,s13,0.0,0.0,0.0,0.0,0.0
terminal46,246,activePotential,246-s14,s14,0.0,0.0,0.0,0.0,0.0
terminal46,246,activePotential,246-s15,s15,0.0,0.0,0.0,0.0,0.0
terminal46,246,activePotential,246-s16,s16,0.0,0.0,0.0,0.0,0.0
terminal46,246,activePotential,246-s17,s17,0.0,0.0,0.0,0.0,0.0
terminal46,246,activePotential,246-s18,s18,0.0,0.0,0.0,0.0,0.0
terminal46,246,activePotential,246-s19,s19,0.0,0.0,0.0,0.0,0.0
terminal46,246,activePotential,246-s20,s20,0.0,0.0,0.0,0.0,0.0
terminal46,246,activePotential,246-core,core,0.0,0.0,0.0,0.0,0.0
terminal46,247,activePotential,247-s1,s1,0.0,0.0,0.0,0.0,0.0
terminal46,247,activePotential,247-s2,s2,0.0,0.0,0.0,0.0,0.0
terminal46,247,activePotential,247-s3,s3,0.0,0.0,0.0,0.0,0.0
terminal46,247,activePotential,247-s4,s4,0.0,0.0,0.0,0.0,0.0
terminal46,247,activePotential,247-s5,s5,0.0,0.0,0.0,0.0,0.0
terminal46,247,activePotential,247-s6,s6,0.0,0.0,0.0,0.0,0.0
terminal46,247,activePotential,247-s7,s7,0.0,0.0,0.0,0.0,0.0
terminal46,247,activePotential,247-s8,s8,0.0,0.0,0.0,0.0,0.0
terminal46,247,activePotential,247-s9,s9,0.0,0.0,0.0,0.0,0.0
terminal46,247,activePotential,247-s10,s10,0.0,0.0,0.0,0.0,0.0
terminal46,247,activePotential,247-s11,s11,0.0,0.0,0.0,0.0,0.0
terminal46,247,activePotential,247-s12,s12,0.0,0.0,0.0,0.0,0.0
terminal46,247,activePotential,247-s13,s13,0.0,0.0,0.0,0.0,0.0
terminal46,247,activePotential,247-s14,s14,0.0,0.0,0.0,0.0,0.0
terminal46,247,activePotential,247-s15,s15,0.0,0.0,0.0,0.0,0.0
terminal46,247,activePotential,247-s16,s16,0.0,0.0,0.0,0.0,0.0
terminal46,247,activePotential,247-s17,s17,0.0,0.0,0.0,0.0,0.0
terminal46,247,activePotential,247-s18,s18,0.0,0.0,0.0,0.0,0.0
terminal46,247,activePotential,247-s19,s19,0.0,0.0,0.0,0.0,0.0
terminal46,247,activePotential,247-s20,s20,0.0,0.0,0.0,0.0,0.0
terminal46,247,activePotential,247-core,core,0.0,0.0,0.0,0.0,0.0
terminal46,248,activePotential,248-s1,s1,0.0,0.0,0.0,0.0,0.0
terminal46,248,activePotential,248-s2,s2,0.0,0.0,0.0,0.0,0.0
terminal46,248,activePotential,248-s3,s3,0.0,0.0,0.0,0.0,0.0
terminal46,248,activePotential,248-s4,s4,0.0,0.0,0.0,0.0,0.0
terminal46,248,activePotential,248-s5,s5,0.0,0.0,0.0,0.0,0.0
terminal46,248,activePotential,248-s6,s6,0.0,0.0,0.0,0.0,0.0
terminal46,248,activePotential,248-s7,s7,0.0,0.0,0.0,0.0,0.0
terminal46,248,activePotential,248-s8,s8,0.0,0.0,0.0,0.0,0.0
terminal46,248,activePotential,248-s9,s9,0.0,0.0,0.0,0.0,0.0
terminal46,248,activePotential,248-s10,s10,0.0,0.0,0.0,0.0,0.0
terminal46,248,activePotential,248-s11,s11,0.0,0.0,0.0,0.0,0.0
terminal46,248,activePotential,248-s12,s12,0.0,0.0,0.0,0.0,0.0
terminal46,248,activePotential,248-s13,s13,0.0,0.0,0.0,0.0,0.0
terminal46,248,activePotential,248-s14,s14,0.0,0.0,0.0,0.0,0.0
terminal46,248,activePotential,248-s15,s15,0.0,0.0,0.0,0.0,0.0
terminal46,248,activePotential,248-s16,s16,0.0,0.0,0.0,0.0,0.0
terminal46,248,activePotential,248-s17,s17,0.0,0.0,0.0,0.0,0.0
terminal46,248,activePotential,248-s18,s18,0.0,0.0,0.0,0.0,0.0
terminal46,248,activePotential,248-s19,s19,0.0,0.0,0.0,0.0,0.0
terminal46,248,activePotential,248-s20,s20,0.0,0.0,0.0,0.0,0.0
terminal46,248,activePotential,248-core,core,0.0,0.0,0.0,0.0,0.0
terminal46,195,total,195-whole,whole,1.398461346724389e-09,1.398461346724389e-09,5.845233280362732e-14,5.845233280362732e-14,7.481693722888316e-09
terminal46,196,total,196-whole,whole,9.385874299994157e-10,9.385874299994157e-10,4.879478731675997e-14,4.879478731675997e-14,7.483108369066294e-09
terminal46,197,total,197-s1,s1,5.047638500244034e-05,5.047638500244034e-05,1.321344507384629e-09,1.321344507384629e-09,0.0002926160277780532
terminal46,197,total,197-s2,s2,2.483116656737394e-08,2.483116656737394e-08,6.152746388751284e-13,6.152746388751284e-13,1.6030287008222954e-07
terminal46,197,total,197-s3,s3,1.1625835710793453e-11,1.1625835710793453e-11,2.2017880343305095e-16,2.2017880343305095e-16,7.510599694254827e-11
terminal46,197,total,197-s4,s4,3.899658373995862e-15,3.899658373995862e-15,7.495909276826716e-20,7.495909276826716e-20,3.651102993074487e-14
terminal46,197,total,197-s5,s5,1.8145207558717402e-15,1.8145207558717402e-15,3.2096303854671094e-20,3.2096303854671094e-20,8.362824897910435e-15
terminal46,197,total,197-s6,s6,8.651933336434325e-17,8.651933336434325e-17,4.008473940656917e-22,4.008473940656917e-22,3.1328211032892803e-16
terminal46,197,total,197-s7,s7,6.822342170365037e-17,6.822342170365037e-17,1.1759855502325378e-21,1.1759855502325378e-21,2.099762755343572e-16
terminal46,197,total,197-s8,s8,1.819426770702237e-18,1.819426770702237e-18,2.2819579676207157e-23,2.2819579676207157e-23,8.447080088011734e-18
terminal46,197,total,197-s9,s9,4.391865831513547e-19,4.391865831513547e-19,6.368366844794921e-24,6.368366844794921e-24,1.3480762920984137e-18
terminal46,197,total,197-s10,s10,2.2287554424628778e-20,2.2287554424628778e-20,4.630823444542272e-25,4.630823444542272e-25,1.1502993237233256e-19
terminal46,197,total,197-s11,s11,1.4816459132049832e-20,1.4816459132049832e-20,2.7453062237906283e-25,2.7453062237906283e-25,5.480559888307689e-20
terminal46,197,total,197-s12,s12,4.1441748688906687e-22,4.1441748688906687e-22,4.8747654417519495e-27,4.8747654417519495e-27,1.3914932822833203e-21
terminal46,197,total,197-s13,s13,4.9320644023474275e-23,4.9320644023474275e-23,1.0423482816357575e-27,1.0423482816357575e-27,2.5272552542658096e-22
terminal46,197,total,197-s14,s14,3.2311742677852644e-23,3.2311742677852644e-23,5.958786506246146e-28,5.958786506246146e-28,1.157137816980558e-22
terminal46,197,total,197-s15,s15,1.4734154661100805e-24,1.4734154661100805e-24,1.1482993119308062e-29,1.1482993119308062e-29,4.677954517387515e-24
terminal46,197,total,197-s16,s16,1.7367561689345796e-25,1.7367561689345796e-25,2.1934941331617054e-30,2.1934941331617054e-30,6.585511562860913e-25
terminal46,197,total,197-s17,s17,1.8099624609390895e-26,1.8099624609390895e-26,1.9291613257948157e-31,1.9291613257948157e-31,8.499534045157227e-26
terminal46,197,total,197-s18,s18,1.0318300640290834e-27,1.0318300640290834e-27,1.6389811920874406e-32,1.6389811920874406e-32,5.757244273803869e-27
terminal46,197,total,197-s19,s19,9.095566237198266e-28,9.095566237198266e-28,1.7245876765732458e-32,1.7245876765732458e-32,3.340475171189529e-27
terminal46,197,total,197-s20,s20,2.558867561310657e-29,2.558867561310657e-29,5.486608657436865e-34,5.486608657436865e-34,1.3134156570542433e-28
terminal46,197,total,197-core,core,4.104541897478077e-30,4.104541897478077e-30,4.695235467022488e-35,4.695235467022488e-35,1.9651282605418008e-29
terminal46,198,total,198-whole,whole,1.3526797459917361e-09,1.3526797459917361e-09,5.038968080713112e-14,5.038968080713112e-14,7.871848833364281e-09
terminal46,199,total,199-whole,whole,3.2129066039610077e-09,3.2129066039610077e-09,3.8783517326829495e-14,3.8783517326829495e-14,2.0053261717400267e-08
terminal46,200,total,200-s1,s1,1.4389807214243433e-05,1.4389807214243433e-05,1.7106330699279231e-10,1.7106330699279231e-10,0.00010371245573233094
terminal46,200,total,200-s2,s2,1.3217398397991076e-08,1.3217398397991076e-08,1.2270450280147506e-13,1.2270450280147506e-13,8.086446720914631e-08
terminal46,200,total,200-s3,s3,7.204667418214683e-12,7.204667418214683e-12,5.971050295709004e-17,5.971050295709004e-17,4.644367307187966e-11
terminal46,200,total,200-s4,s4,2.67841304690819e-15,2.67841304690819e-15,7.927264488685008e-20,7.927264488685008e-20,1.8597536705078355e-14
terminal46,200,total,200-s5,s5,4.874572967494828e-16,4.874572967494828e-16,9.640692884060375e-21,9.640692884060375e-21,2.4941088419810215e-15
terminal46,200,total,200-s6,s6,4.7271214720367993e-17,4.7271214720367993e-17,6.104681668065461e-22,6.104681668065461e-22,2.0171401424591518e-16
terminal46,200,total,200-s7,s7,1.1492543028346347e-17,1.1492543028346347e-17,1.1517031928805533e-22,1.1517031928805533e-22,4.5670441564065573e-17
terminal46,200,total,200-s8,s8,1.5856456772600502e-18,1.5856456772600502e-18,3.989610300730395e-24,3.989610300730395e-24,5.817759771432456e-18
terminal46,200,total,200-s9,s9,6.013933925505532e-20,6.013933925505532e-20,2.2400425657232353e-25,2.2400425657232353e-25,2.662392212390673e-19
terminal46,200,total,200-s10,s10,1.3361944742936588e-19,1.3361944742936588e-19,1.5753954597605712e-24,1.5753954597605712e-24,4.0792641482984286e-19
terminal46,200,total,200-s11,s11,2.448454613156962e-21,2.448454613156962e-21,6.038657657231144e-26,6.038657657231144e-26,1.1214143756521397e-20
terminal46,200,total,200-s12,s12,6.667075737177403e-22,6.667075737177403e-22,8.850471009942673e-27,8.850471009942673e-27,2.3361999998002687e-21
terminal46,200,total,200-s13,s13,1.838408911399104e-22,1.838408911399104e-22,1.708967774150901e-27,1.708967774150901e-27,5.516230175129514e-22
terminal46,200,total,200-s14,s14,1.4036221019259188e-23,1.4036221019259188e-23,1.8344765538600866e-28,1.8344765538600866e-28,3.9094280265262e-23
terminal46,200,total,200-s15,s15,1.6963664905872638e-24,1.6963664905872638e-24,1.323449625130755e-29,1.323449625130755e-29,5.809922609184664e-24
terminal46,200,total,200-s16,s16,1.8417693326376007e-25,1.8417693326376007e-25,2.0004090377302334e-30,2.0004090377302334e-30,6.616846460449648e-25
terminal46,200,total,200-s17,s17,1.4035413225692242e-26,1.4035413225692242e-26,2.3524998164461383e-31,2.3524998164461383e-31,7.326958780347501e-26
terminal46,200,total,200-s18,s18,5.263279959634591e-27,5.263279959634591e-27,5.087798662973597e-32,5.087798662973597e-32,1.622936193313572e-26
terminal46,200,total,200-s19,s19,1.1138715981720687e-27,1.1138715981720687e-27,1.076336546776167e-32,1.076336546776167e-32,3.0633334182555273e-27
terminal46,200,total,200-s20,s20,4.6049755342276564e-29,4.6049755342276564e-29,2.877339565418073e-34,2.877339565418073e-34,1.5401170593692973e-28
terminal46,200,total,200-core,core,8.480254731125877e-30,8.480254731125877e-30,1.4264807584552762e-34,1.4264807584552762e-34,3.228576289479044e-29
terminal46,202,total,202-whole,whole,5.209709996734091e-09,5.209709996734091e-09,2.2773604178349677e-13,2.2773604178349677e-13,3.6128213087849304e-08
terminal46,203,total,203-s1,s1,3.449529910426463e-05,3.449529910426463e-05,6.768228310152439e-10,6.768228310152439e-10,0.0002520051404474692
terminal46,203,total,203-s2,s2,4.011287657590401e-08,4.011287657590401e-08,8.894505228848734e-13,8.894505228848734e-13,2.659069198371333e-07
terminal46,203,total,203-s3,s3,2.4893698213901416e-11,2.4893698213901416e-11,5.873786840755859e-16,5.873786840755859e-16,1.7221486389717988e-10
terminal46,203,total,203-s4,s4,2.842170943040401e-14,2.842170943040401e-14,9.55437938378413e-20,9.55437938378413e-20,1.3575208665517202e-13
terminal46,203,total,203-s5,s5,1.9359513991901167e-15,1.9359513991901167e-15,3.4208782771098533e-20,3.4208782771098533e-20,9.337088123072962e-15
terminal46,203,total,203-s6,s6,2.38524477946811e-16,2.38524477946811e-16,4.821397697815069e-21,4.821397697815069e-21,9.880410630825655e-16
terminal46,203,total,203-s7,s7,7.209944447028604e-17,7.209944447028604e-17,8.856816855748388e-22,8.856816855748388e-22,2.40730363499698e-16
terminal46,203,total,203-s8,s8,2.3445871979999033e-18,2.3445871979999033e-18,6.5995115382223185e-24,6.5995115382223185e-24,1.310193540663157e-17
terminal46,203,total,203-s9,s9,8.267041565201971e-19,8.267041565201971e-19,1.6187607588388279e-23,1.6187607588388279e-23,4.170550970287994e-18
terminal46,203,total,203-s10,s10,8.946785505373547e-21,8.946785505373547e-21,3.055931599027084e-25,3.055931599027084e-25,4.280245433420788e-20
terminal46,203,total,203-s11,s11,1.0932018975500814e-20,1.0932018975500814e-20,6.775079662769146e-26,6.775079662769146e-26,3.7453293801503393e-20
terminal46,203,total,203-s12,s12,1.707300784309449e-21,1.707300784309449e-21,1.2695643033189601e-26,1.2695643033189601e-26,4.775797468884583e-21
terminal46,203,total,203-s13,s13,1.6295458067294645e-22,1.6295458067294645e-22,3.131799351446578e-27,3.131799351446578e-27,7.5874142119826465e-22
terminal46,203,total,203-s14,s14,1.6647009827629682e-23,1.6647009827629682e-23,2.1222038945951007e-28,2.1222038945951007e-28,6.395683882483325e-23
terminal46,203,total,203-s15,s15,4.9436966297114545e-24,4.9436966297114545e-24,7.613069855877236e-29,7.613069855877236e-29,2.1515947428230167e-23
terminal46,203,total,203-s16,s16,4.935618694041991e-25,4.935618694041991e-25,7.883283466275157e-30,7.883283466275157e-30,1.930776042113455e-24
terminal46,203,total,203-s17,s17,5.422314318127147e-26,5.422314318127147e-26,5.4534978524792716e-31,5.4534978524792716e-31,1.8940734520666725e-25
terminal46,203,total,203-s18,s18,7.623551788055858e-27,7.623551788055858e-27,5.990868652398315e-32,5.990868652398315e-32,2.448894431596608e-26
terminal46,203,total,203-s19,s19,3.8496412174785376e-28,3.8496412174785376e-28,2.8728566915312014e-33,2.8728566915312014e-33,1.2335277270524117e-27
terminal46,203,total,203-s20,s20,3.865418435582958e-29,3.865418435582958e-29,1.063987094257273e-33,1.063987094257273e-33,1.924505605464283e-28
terminal46,203,total,203-core,core,2.3936998092800077e-29,2.3936998092800077e-29,3.4530336034256815e-34,3.4530336034256815e-34,9.26115373146767e-29
terminal46,206,total,206-s1,s1,0.00012612650228405187,0.00012612650228405187,1.6226524031883444e-09,1.6226524031883444e-09,0.0006364483440871459
terminal46,206,total,206-s2,s2,2.8988427080989254e-07,2.8988427080989254e-07,7.035505064066004e-12,7.035505064066004e-12,1.918911289507455e-06
terminal46,206,total,206-s3,s3,3.3977487490233216e-10,3.3977487490233216e-10,1.0223048183442554e-14,1.0223048183442554e-14,2.545279825664007e-09
terminal46,206,total,206-s4,s4,3.427258477017858e-13,3.427258477017858e-13,8.685911381044916e-18,8.685911381044916e-18,1.945408488164893e-12
terminal46,206,total,206-s5,s5,1.62231339473351e-14,1.62231339473351e-14,2.5296804536817773e-19,2.5296804536817773e-19,4.875265501632503e-14
terminal46,206,total,206-s6,s6,4.0592529337857286e-16,4.0592529337857286e-16,1.3301838588696894e-20,1.3301838588696894e-20,1.6074355998281671e-15
terminal46,206,total,206-s7,s7,4.9439619065339e-16,4.9439619065339e-16,8.445841530832735e-21,8.445841530832735e-21,1.3756833091133319e-15
terminal46,206,total,206-s8,s8,2.3527187142935446e-17,2.3527187142935446e-17,3.9647999120873513e-22,3.9647999120873513e-22,6.689472148570644e-17
terminal46,206,total,206-s9,s9,4.269046054161674e-18,4.269046054161674e-18,7.626506985587807e-23,7.626506985587807e-23,1.142575481132759e-17
terminal46,206,total,206-s10,s10,1.1866931591032748e-18,1.1866931591032748e-18,1.8983928807545234e-23,1.8983928807545234e-23,3.372190131607532e-18
terminal46,206,total,206-s11,s11,6.066873484708926e-20,6.066873484708926e-20,1.2202483248857226e-24,1.2202483248857226e-24,1.5720649613396693e-19
terminal46,206,total,206-s12,s12,3.0625534999163297e-20,3.0625534999163297e-20,4.796850525970046e-25,4.796850525970046e-25,8.772388478337708e-20
terminal46,206,total,206-s13,s13,7.130296880207099e-22,7.130296880207099e-22,1.319149657990585e-26,1.319149657990585e-26,1.7913116497488898e-21
terminal46,206,total,206-s14,s14,6.57608586979657e-23,6.57608586979657e-23,1.2182924577728272e-27,1.2182924577728272e-27,1.763772966776062e-22
terminal46,206,total,206-s15,s15,1.83530698410203e-24,1.83530698410203e-24,5.368835052907651e-29,5.368835052907651e-29,6.2597462767511346e-24
terminal46,206,total,206-s16,s16,3.066384380128216e-24,3.066384380128216e-24,3.985689013515308e-29,3.985689013515308e-29,8.771404703707873e-24
terminal46,206,total,206-s17,s17,9.612743446661161e-26,9.612743446661161e-26,9.432036119704975e-31,9.432036119704975e-31,2.97039825537867e-25
terminal46,206,total,206-s18,s18,7.416554686525865e-26,7.416554686525865e-26,1.3232989764714908e-30,1.3232989764714908e-30,2.0277860053409111e-25
terminal46,206,total,206-s19,s19,5.818638036910183e-27,5.818638036910183e-27,7.697448145843292e-32,7.697448145843292e-32,1.686695020989297e-26
terminal46,206,total,206-s20,s20,5.735018780956756e-28,5.735018780956756e-28,7.4901102024917e-33,7.4901102024917e-33,1.678928498686324e-27
terminal46,206,total,206-core,core,2.691987839066703e-28,2.691987839066703e-28,4.365464901648097e-33,4.365464901648097e-33,7.6396279851286e-28
terminal46,237,total,237-whole,whole,1.0977885267493548e-11,1.0977885267493548e-11,9.752057449094915e-17,9.752057449094915e-17,4.013553248430335e-11
terminal46,240,total,240-whole,whole,8.348877145181177e-13,8.348877145181177e-13,7.627408649920092e-17,7.627408649920092e-17,2.777449277513444e-12
terminal46,243,total,243-whole,whole,1.6328982610502862e-10,1.6328982610502862e-10,6.8953542556308295e-15,6.8953542556308295e-15,8.240929926309204e-10
terminal46,244,total,244-whole,whole,2.270432730711036e-10,2.270432730711036e-10,4.295695098212521e-15,4.295695098212521e-15,1.4582258664463943e-09
terminal46,246,total,246-s1,s1,5.379018446660666e-06,5.379018446660666e-06,9.658319504209129e-11,9.658319504209129e-11,2.218123885022738e-05
terminal46,246,total,246-s2,s2,9.600459538461337e-09,9.600459538461337e-09,2.69442763739027e-13,2.69442763739027e-13,5.0386650162111135e-08
terminal46,246,total,246-s3,s3,6.717328082661567e-12,6.717328082661567e-12,2.515066715035899e-16,2.515066715035899e-16,4.305483834038393e-11
terminal46,246,total,246-s4,s4,2.2801205368239152e-14,2.2801205368239152e-14,4.93089915932178e-19,4.93089915932178e-19,1.0829713319691903e-13
terminal46,246,total,246-s5,s5,8.201122073114853e-15,8.201122073114853e-15,1.5726053936114432e-19,1.5726053936114432e-19,2.151531406310056e-14
terminal46,246,total,246-s6,s6,1.9902699280316405e-15,1.9902699280316405e-15,4.120750712705881e-20,4.120750712705881e-20,5.672535205002098e-15
terminal46,246,total,246-s7,s7,4.681449455520847e-16,4.681449455520847e-16,9.131766846303762e-21,9.131766846303762e-21,1.191488405143969e-15
terminal46,246,total,246-s8,s8,1.490269767399216e-17,1.490269767399216e-17,2.7162445061895117e-22,2.7162445061895117e-22,4.0259382033373885e-17
terminal46,246,total,246-s9,s9,6.3300889730682e-18,6.3300889730682e-18,1.2303474795093588e-22,1.2303474795093588e-22,1.603541549513111e-17
terminal46,246,total,246-s10,s10,5.691796707752881e-19,5.691796707752881e-19,1.1148762798177303e-23,1.1148762798177303e-23,1.4664271605577422e-18
terminal46,246,total,246-s11,s11,5.88754072790743e-20,5.88754072790743e-20,1.1891218661279722e-24,1.1891218661279722e-24,1.55269892890488e-19
terminal46,246,total,246-s12,s12,1.5653979502259772e-20,1.5653979502259772e-20,3.2350655234043615e-25,3.2350655234043615e-25,4.276976746687035e-20
terminal46,246,total,246-s13,s13,5.554517813293581e-22,5.554517813293581e-22,1.1299704515775855e-26,1.1299704515775855e-26,1.4792027415025895e-21
terminal46,246,total,246-s14,s14,1.561885017562041e-22,1.561885017562041e-22,3.3805546323439594e-27,3.3805546323439594e-27,4.579895533690717e-22
terminal46,246,total,246-s15,s15,1.977640210597971e-23,1.977640210597971e-23,3.9778569856912656e-28,3.9778569856912656e-28,5.165379356269736e-23
terminal46,246,total,246-s16,s16,2.550608187632993e-24,2.550608187632993e-24,5.033293505624401e-29,5.033293505624401e-29,6.59430219520168e-24
terminal46,246,total,246-s17,s17,2.897328332695732e-25,2.897328332695732e-25,5.498536558419371e-30,5.498536558419371e-30,7.596537660672244e-25
terminal46,246,total,246-s18,s18,1.320710927521018e-26,1.320710927521018e-26,2.985899013404738e-31,2.985899013404738e-31,4.230780245113588e-26
terminal46,246,total,246-s19,s19,1.3030010001988062e-27,1.3030010001988062e-27,2.395746495072473e-32,2.395746495072473e-32,3.570916102509426e-27
terminal46,246,total,246-s20,s20,6.653548697473471e-29,6.653548697473471e-29,1.4464351330599203e-33,1.4464351330599203e-33,1.8528042749739676e-28
terminal46,246,total,246-core,core,2.234325254522075e-28,2.234325254522075e-28,4.4511322344723575e-33,4.4511322344723575e-33,5.822655777296748e-28
terminal46,247,total,247-s1,s1,3.086344113611972e-07,3.086344113611972e-07,1.5247445225649637e-11,1.5247445225649637e-11,1.8727470532386992e-06
terminal46,247,total,247-s2,s2,5.2059499822121325e-08,5.2059499822121325e-08,5.293617671894549e-12,5.293617671894549e-12,3.309355943535014e-07
terminal46,247,total,247-s3,s3,1.6025973437194807e-08,1.6025973437194807e-08,1.6591752035741623e-12,1.6591752035741623e-12,9.42431385684585e-08
terminal46,247,total,247-s4,s4,5.213478537768879e-09,5.213478537768879e-09,4.935289835227283e-13,4.935289835227283e-13,2.8555684682574512e-08
terminal46,247,total,247-s5,s5,1.741879529504331e-09,1.741879529504331e-09,1.4248643151615671e-13,1.4248643151615671e-13,8.507377337549382e-09
terminal46,247,total,247-s6,s6,5.262509317205399e-10,5.262509317205399e-10,4.036657738052302e-14,4.036657738052302e-14,2.4461860168407163e-09
terminal46,247,total,247-s7,s7,1.5143603038225706e-10,1.5143603038225706e-10,1.1269967193006396e-14,1.1269967193006396e-14,6.878823803354566e-10
terminal46,247,total,247-s8,s8,4.3041903374785306e-11,4.3041903374785306e-11,3.1560237463132744e-15,3.1560237463132744e-15,1.933235207014879e-10
terminal46,247,total,247-s9,s9,1.2014111927527438e-11,1.2014111927527438e-11,8.745734706417238e-16,8.745734706417238e-16,5.3666385851246406e-11
terminal46,247,total,247-s10,s10,3.2302953714702376e-12,3.2302953714702376e-12,2.343233346278742e-16,2.343233346278742e-16,1.439132264702767e-11
terminal46,247,total,247-s11,s11,9.647946504209859e-13,9.647946504209859e-13,6.985369237854735e-17,6.985369237854735e-17,4.292093427639069e-12
terminal46,247,total,247-s12,s12,2.3045297224341676e-13,2.3045297224341676e-13,1.6671713979483333e-17,1.6671713979483333e-17,1.0246037909029068e-12
terminal46,247,total,247-s13,s13,9.652557073948353e-14,9.652557073948353e-14,6.979070987080332e-18,6.979070987080332e-18,4.289636364406268e-13
terminal46,247,total,247-s14,s14,5.398337484495419e-15,5.398337484495419e-15,3.90028921382054e-19,3.90028921382054e-19,2.3980956023671968e-14
terminal46,247,total,247-s15,s15,9.506394762636046e-15,9.506394762636046e-15,6.87149465441146e-19,6.87149465441146e-19,4.2238199078849633e-14
terminal46,247,total,247-s16,s16,1.4733380023000762e-15,1.4733380023000762e-15,1.0649359954036426e-19,1.0649359954036426e-19,6.5460897211287825e-15
terminal46,247,total,247-s17,s17,6.080529773401034e-16,6.080529773401034e-16,4.394745189006771e-20,4.394745189006771e-20,2.701490482087957e-15
terminal46,247,total,247-s18,s18,2.9388599816095837e-15,2.9388599816095837e-15,2.124112792951862e-19,2.124112792951862e-19,1.3056988295106987e-14
terminal46,247,total,247-s19,s19,6.702850372228035e-16,6.702850372228035e-16,4.8445888570040854e-20,4.8445888570040854e-20,2.97798815967852e-15
terminal46,247,total,247-s20,s20,3.106099761519694e-17,3.106099761519694e-17,2.2449821363473205e-21,2.2449821363473205e-21,1.380000383824012e-16
terminal46,247,total,247-core,core,8.48882924286566e-17,8.48882924286566e-17,6.1354265271822245e-21,6.1354265271822245e-21,3.771473248370351e-16
terminal46,248,total,248-s1,s1,7.744915819785092e-13,7.744915819785092e-13,1.476856651478174e-17,1.476856651478174e-17,6.867320948011901e-12
terminal46,248,total,248-s2,s2,3.410605131648481e-13,3.410605131648481e-13,8.067398530791066e-18,8.067398530791066e-18,1.1874069436035306e-12
terminal46,248,total,248-s3,s3,2.6645352591003757e-13,2.6645352591003757e-13,5.796325961811026e-18,5.796325961811026e-18,9.374957407604079e-13
terminal46,248,total,248-s4,s4,6.109002192999924e-14,6.109002192999924e-14,1.5331721339480005e-18,1.5331721339480005e-18,1.9320887934253655e-13
terminal46,248,total,248-s5,s5,9.20428182727296e-15,9.20428182727296e-15,2.3320866773695224e-19,2.3320866773695224e-19,2.8162810845460415e-14
terminal46,248,total,248-s6,s6,1.807365021533336e-16,1.807365021533336e-16,2.7009929098146502e-21,2.7009929098146502e-21,8.241228765529989e-16
terminal46,248,total,248-s7,s7,1.4609624274242172e-17,1.4609624274242172e-17,2.927003785804283e-22,2.927003785804283e-22,4.2125741028704335e-17
terminal46,248,total,248-s8,s8,4.807759008615409e-18,4.807759008615409e-18,1.1746983538254671e-22,1.1746983538254671e-22,1.5086756527223478e-17
terminal46,248,total,248-s9,s9,2.5538043359717155e-18,2.5538043359717155e-18,6.511134358931873e-23,6.511134358931873e-23,7.728083506792979e-18
terminal46,248,total,248-s10,s10,4.9763185651190145e-21,4.9763185651190145e-21,1.2722600416110307e-25,1.2722600416110307e-25,2.024030179560564e-20
terminal46,248,total,248-s11,s11,2.972225377025539e-20,2.972225377025539e-20,7.936261606289098e-25,7.936261606289098e-25,9.573702894642261e-20
terminal46,248,total,248-s12,s12,4.7976475528075605e-22,4.7976475528075605e-22,1.7594610573227744e-26,1.7594610573227744e-26,2.2487275969315e-21
terminal46,248,total,248-s13,s13,4.109019692857165e-22,4.109019692857165e-22,9.222483852937999e-27,9.222483852937999e-27,1.4134401523396206e-21
terminal46,248,total,248-s14,s14,7.951273638165979e-23,7.951273638165979e-23,1.9209884113932264e-27,1.9209884113932264e-27,2.5464800696412863e-22
terminal46,248,total,248-s15,s15,3.84832855293225e-24,3.84832855293225e-24,1.044043143993753e-28,1.044043143993753e-28,1.2184285979721907e-23
terminal46,248,total,248-s16,s16,1.134949961559574e-25,1.134949961559574e-25,1.6322665537527766e-30,1.6322665537527766e-30,2.989198313938408e-25
terminal46,248,total,248-s17,s17,2.2403649708276735e-25,2.2403649708276735e-25,5.69358427710532e-30,5.69358427710532e-30,6.867208771456712e-25
terminal46,248,total,248-s18,s18,1.4215273512082633e-26,1.4215273512082633e-26,3.649688136581079e-31,3.649688136581079e-31,4.319059606369411e-26
terminal46,248,total,248-s19,s19,2.212754839144938e-28,2.212754839144938e-28,6.64519187666888e-33,6.64519187666888e-33,8.64395156685684e-28
terminal46,248,total,248-s20,s20,3.153964506686758e-28,3.153964506686758e-28,7.431894660933625e-33,7.431894660933625e-33,1.0333947503991642e-27
terminal46,248,total,248-core,core,7.833142269811766e-30,7.833142269811766e-30,2.486126271486459e-34,2.486126271486459e-34,3.0998713656846803e-29
