state,pair,element,shell,component,localInfinityN,localNode,globalNode,axis,signedAtMaximumN,directionalDifferenceJ,energyDifferenceJ,lo,hi
control45,I0/I1,197,s1,matrix,9.321699675720642e-12,3,92,y,-9.321699675720642e-12,-6.865944197136955e-18,-1.7076946546299224e-16,0.5,1
control45,I0/I1,197,s1,volume,9.264642830686398e-09,3,92,y,-9.264642830686398e-09,-7.469728571097233e-15,-1.6837486266352286e-13,0.5,1
control45,I0/I1,197,s1,passiveFiber,0,0,68,x,0,0.0,0,0.5,1
control45,I0/I1,197,s1,activePotential,5.417888360170764e-13,7,489,z,-5.417888360170764e-13,7.115591463117202e-18,-6.557254739192331e-16,0.5,1
control45,I0/I1,197,s1,total,9.273916301566487e-09,3,92,y,-9.273916301566487e-09,-7.536741988204032e-15,-1.6909390554431525e-13,0.5,1
control45,I0/I1,197,s2,matrix,2.3642979934956898e-14,3,92,y,-2.3642979934956898e-14,-6.673612005687269e-21,-3.7544735387046863e-19,0.25,0.5
control45,I0/I1,197,s2,volume,2.226352435741319e-11,3,92,y,-2.226352435741319e-11,-4.0865061327574194e-18,-3.2255014631443757e-16,0.25,0.5
control45,I0/I1,197,s2,passiveFiber,0,0,68,x,0,0.0,0,0.25,0.5
control45,I0/I1,197,s2,activePotential,8.260059303211165e-14,8,494,z,-8.260059303211165e-14,3.706798982354406e-18,-8.890457814381136e-17,0.25,0.5
control45,I0/I1,197,s2,total,2.2285728817905692e-11,3,92,y,-2.2285728817905692e-11,-7.511852182060364e-18,-4.0766001685454967e-16,0.25,0.5
control45,I0/I1,197,s3,matrix,2.835188681049594e-17,3,92,x,2.835188681049594e-17,-1.5829864054869967e-21,3.222695666506596e-21,0.125,0.25
control45,I0/I1,197,s3,volume,2.135791543622645e-14,6,490,y,2.135791543622645e-14,-1.4849002554270599e-18,5.095750210681871e-18,0.125,0.25
control45,I0/I1,197,s3,passiveFiber,0,0,68,x,0,0.0,0,0.125,0.25
control45,I0/I1,197,s3,activePotential,2.375877272697835e-14,8,494,z,-2.375877272697835e-14,3.3503860003348726e-19,-1.1492543028346347e-17,0.125,0.25
control45,I0/I1,197,s3,total,2.5091040356528538e-14,8,494,z,-2.5091040356528538e-14,-1.1056858125172549e-18,-5.2583805365546965e-18,0.125,0.25
control45,I0/I1,197,s4,matrix,1.714394685242704e-17,3,92,z,-1.714394685242704e-17,2.8105837574507276e-22,-1.1580528575742387e-22,0.0625,0.125
control45,I0/I1,197,s4,volume,2.914335439641036e-15,3,92,y,-2.914335439641036e-15,2.308559072539269e-19,-5.014435047745458e-19,0.0625,0.125
control45,I0/I1,197,s4,passiveFiber,0,0,68,x,0,0.0,0,0.0625,0.125
control45,I0/I1,197,s4,activePotential,3.247402347028583e-15,8,494,z,3.247402347028583e-15,3.845661294183052e-20,2.0464316005663896e-18,0.0625,0.125
control45,I0/I1,197,s4,total,4.440892098500626e-15,8,494,z,4.440892098500626e-15,-9.92057448880718e-20,2.019326546254252e-18,0.0625,0.125
control45,I0/I1,197,s5,matrix,1.418780186650953e-18,3,92,z,1.418780186650953e-18,-1.687878124503104e-23,-1.7991178323028352e-23,0.03125,0.0625
control45,I0/I1,197,s5,volume,6.938893903907228e-17,8,494,y,6.938893903907228e-17,-5.693886954994556e-21,3.134021904840911e-20,0.03125,0.0625
control45,I0/I1,197,s5,passiveFiber,0,0,68,x,0,0.0,0,0.03125,0.0625
control45,I0/I1,197,s5,activePotential,1.6566609195578508e-16,3,92,z,1.6566609195578508e-16,-1.4518598922698553e-20,-1.2451384324638215e-19,0.03125,0.0625
control45,I0/I1,197,s5,total,2.931682674400804e-16,8,494,y,-2.931682674400804e-16,-2.8354197093558006e-21,-8.089164646278568e-20,0.03125,0.0625
control45,I0/I1,197,s6,matrix,4.458569676109823e-19,8,494,z,-4.458569676109823e-19,-8.094290730487356e-24,-9.396254770719549e-24,0.015625,0.03125
control45,I0/I1,197,s6,volume,3.7730235602495554e-17,3,92,y,3.7730235602495554e-17,-3.420291172206385e-21,5.029258124322408e-22,0.015625,0.03125
control45,I0/I1,197,s6,passiveFiber,0,0,68,x,0,0.0,0,0.015625,0.03125
control45,I0/I1,197,s6,activePotential,5.876375774871434e-17,8,494,z,-5.876375774871434e-17,-1.6842413757076629e-21,-3.6845933205562065e-20,0.015625,0.03125
control45,I0/I1,197,s6,total,1.0842021724855044e-16,8,494,z,-1.0842021724855044e-16,2.9047380270961612e-21,-4.102815838263017e-20,0.015625,0.03125
control45,I0/I1,197,s7,matrix,3.193578908944729e-20,8,494,z,-3.193578908944729e-20,-2.1844337981818857e-25,-8.142559154818866e-25,0.0078125,0.015625
control45,I0/I1,197,s7,volume,1.0408340855860843e-17,3,92,y,1.0408340855860843e-17,-7.320387596686508e-22,1.2970192004831474e-21,0.0078125,0.015625
control45,I0/I1,197,s7,passiveFiber,0,0,68,x,0,0.0,0,0.0078125,0.015625
control45,I0/I1,197,s7,activePotential,6.288372600415926e-18,3,92,z,6.288372600415926e-18,-1.897835818804454e-22,-6.03510974918689e-21,0.0078125,0.015625
control45,I0/I1,197,s7,total,1.3931997916438732e-17,8,494,y,-1.3931997916438732e-17,1.2705223151719563e-22,-4.096198393362593e-21,0.0078125,0.015625
control45,I0/I1,197,s8,matrix,1.5691616220130935e-21,3,92,x,1.5691616220130935e-21,4.548441270707355e-26,-7.270142102516845e-27,0.00390625,0.0078125
control45,I0/I1,197,s8,volume,6.776263578034403e-19,8,494,y,6.776263578034403e-19,-8.55110361307034e-23,-2.0679515313825692e-23,0.00390625,0.0078125
control45,I0/I1,197,s8,passiveFiber,0,0,68,x,0,0.0,0,0.00390625,0.0078125
control45,I0/I1,197,s8,activePotential,2.710505431213761e-19,8,494,z,-2.710505431213761e-19,-1.4958219486047535e-23,-2.4980854499101436e-22,0.00390625,0.0078125
control45,I0/I1,197,s8,total,5.183841637196318e-19,3,92,z,5.183841637196318e-19,-6.11372469278192e-23,-1.9273308272485545e-22,0.00390625,0.0078125
control45,I0/I1,197,s9,matrix,7.117889171018803e-22,8,494,z,7.117889171018803e-22,1.126733394043814e-26,2.74144941782406e-26,0.001953125,0.00390625
control45,I0/I1,197,s9,volume,4.319868030996932e-20,8,494,y,-4.319868030996932e-20,-1.0551210934782162e-24,9.40917946779069e-24,0.001953125,0.00390625
control45,I0/I1,197,s9,passiveFiber,0,0,68,x,0,0.0,0,0.001953125,0.00390625
control45,I0/I1,197,s9,activePotential,6.649208635946258e-20,3,92,z,-6.649208635946258e-20,2.1780816883399504e-24,2.212708138579349e-23,0.001953125,0.00390625
control45,I0/I1,197,s9,total,1.2790197503539935e-19,8,494,y,-1.2790197503539935e-19,-1.8274090436778954e-24,3.7223127564886245e-23,0.001953125,0.00390625
control45,I0/I1,197,s10,matrix,3.9549573037691636e-23,8,494,x,-3.9549573037691636e-23,-7.741257655720904e-28,5.017155357205635e-28,0.0009765625,0.001953125
control45,I0/I1,197,s10,volume,1.7046538063492794e-20,3,92,y,1.7046538063492794e-20,-1.2338490960662348e-24,8.336429610885982e-25,0.0009765625,0.001953125
control45,I0/I1,197,s10,passiveFiber,0,0,68,x,0,0.0,0,0.0009765625,0.001953125
control45,I0/I1,197,s10,activePotential,6.246867986000465e-21,8,494,z,6.246867986000465e-21,-4.402671112634879e-25,1.4734154661100805e-24,0.0009765625,0.001953125
control45,I0/I1,197,s10,total,1.3129010682441655e-20,8,494,y,-1.3129010682441655e-20,3.761055901366613e-25,1.6672859221771964e-24,0.0009765625,0.001953125
control45,I0/I1,197,s11,matrix,1.5839216260683366e-23,8,494,z,-1.5839216260683366e-23,-3.176354400606067e-28,-3.814142476743592e-28,0.00048828125,0.0009765625
control45,I0/I1,197,s11,volume,2.2234614865425384e-21,3,92,y,2.2234614865425384e-21,-6.801701644764796e-26,2.552627671550359e-25,0.00048828125,0.0009765625
control45,I0/I1,197,s11,passiveFiber,0,0,68,x,0,0.0,0,0.00048828125,0.0009765625
control45,I0/I1,197,s11,activePotential,2.9182932010870816e-21,8,494,z,-2.9182932010870816e-21,-4.3131152625278175e-26,-1.4637219433067248e-24,0.00048828125,0.0009765625
control45,I0/I1,197,s11,total,3.1499037726019294e-21,8,494,y,-3.1499037726019294e-21,-1.0341199146650784e-26,-1.3280126240597436e-24,0.00048828125,0.0009765625
control45,I0/I1,197,s12,matrix,3.6916166009446645e-25,3,92,z,-3.6916166009446645e-25,1.4866627776662346e-29,-7.937912858786431e-30,0.000244140625,0.00048828125
control45,I0/I1,197,s12,volume,3.58996385848014e-22,8,494,y,3.58996385848014e-22,-9.605059820972442e-27,-3.665363310018909e-26,0.000244140625,0.00048828125
control45,I0/I1,197,s12,passiveFiber,0,0,68,x,0,0.0,0,0.000244140625,0.00048828125
control45,I0/I1,197,s12,activePotential,1.1994118882018901e-22,8,494,z,1.1994118882018901e-22,4.2312052722363966e-27,9.330015698229951e-26,0.000244140625,0.00048828125
control45,I0/I1,197,s12,total,5.823351512373315e-22,8,494,y,5.823351512373315e-22,-2.517820034461367e-26,4.52364397489937e-26,0.000244140625,0.00048828125
control45,I0/I1,197,s13,matrix,1.0279173139391872e-25,8,494,z,1.0279173139391872e-25,1.5278750964880227e-30,3.580688952604749e-30,0.0001220703125,0.000244140625
control45,I0/I1,197,s13,volume,4.03250548619601e-23,8,494,y,4.03250548619601e-23,-4.7203785830865955e-28,-3.4457444340053796e-27,0.0001220703125,0.000244140625
control45,I0/I1,197,s13,passiveFiber,0,0,68,x,0,0.0,0,0.0001220703125,0.000244140625
control45,I0/I1,197,s13,activePotential,2.5642598989143858e-23,8,494,z,2.5642598989143858e-23,-7.428018061121969e-28,1.6610255220333625e-26,0.0001220703125,0.000244140625
control45,I0/I1,197,s13,total,4.7356090068660834e-23,8,494,y,4.7356090068660834e-23,8.038416756957187e-28,8.507076001903391e-27,0.0001220703125,0.000244140625
control45,I0/I1,197,s14,matrix,9.838673209916459e-27,3,92,x,9.838673209916459e-27,-2.80072055981825e-31,1.1116467639003125e-30,6.103515625e-05,0.0001220703125
control45,I0/I1,197,s14,volume,9.796920379924922e-24,8,494,y,-9.796920379924922e-24,-6.492394806008181e-29,1.0791617183423441e-27,6.103515625e-05,0.0001220703125
control45,I0/I1,197,s14,passiveFiber,0,0,68,x,0,0.0,0,6.103515625e-05,0.0001220703125
control45,I0/I1,197,s14,activePotential,2.7917345673664684e-24,8,494,z,-2.7917345673664684e-24,8.419412808053629e-29,-1.1548923652435613e-27,6.103515625e-05,0.0001220703125
control45,I0/I1,197,s14,total,1.0727498569047078e-23,8,494,y,-1.0727498569047078e-23,-2.2855604324317794e-28,-2.2403649708276735e-28,6.103515625e-05,0.0001220703125
control45,I0/I1,197,s15,matrix,2.948762063716142e-27,8,494,z,2.948762063716142e-27,1.1010258323800172e-32,4.025193583769323e-32,3.0517578125e-05,6.103515625e-05
control45,I0/I1,197,s15,volume,1.664054747909411e-24,8,494,y,1.664054747909411e-24,-2.4730670606582602e-29,-1.5777218104420236e-28,3.0517578125e-05,6.103515625e-05
control45,I0/I1,197,s15,passiveFiber,0,0,68,x,0,0.0,0,3.0517578125e-05,6.103515625e-05
control45,I0/I1,197,s15,activePotential,8.465676581597393e-25,8,494,z,8.465676581597393e-25,4.907470772313312e-30,4.070522270940421e-28,3.0517578125e-05,6.103515625e-05
control45,I0/I1,197,s15,total,1.52834542866243e-24,3,92,y,-1.52834542866243e-24,3.9923436806853654e-29,2.930618262896059e-28,3.0517578125e-05,6.103515625e-05
control45,I0/I1,197,s16,matrix,1.7187306972502795e-28,8,494,z,-1.7187306972502795e-28,-3.320175012828933e-33,-7.52316384526264e-33,1.52587890625e-05,3.0517578125e-05
control45,I0/I1,197,s16,volume,5.654554968624213e-26,3,92,y,5.654554968624213e-26,-3.796061654931548e-30,2.0954117794933126e-30,1.52587890625e-05,3.0517578125e-05
control45,I0/I1,197,s16,passiveFiber,0,0,68,x,0,0.0,0,1.52587890625e-05,3.0517578125e-05
control45,I0/I1,197,s16,activePotential,1.837730364802869e-26,3,92,z,1.837730364802869e-26,-2.046137476329979e-30,-2.3271396704019848e-29,1.52587890625e-05,3.0517578125e-05
control45,I0/I1,197,s16,total,7.391311137558792e-26,8,494,y,-7.391311137558792e-26,2.7737607098630906e-30,-1.4544622940012405e-29,1.52587890625e-05,3.0517578125e-05
control45,I0/I1,197,s17,matrix,3.258981614694305e-29,8,494,z,3.258981614694305e-29,5.650510775437221e-34,5.627326556256455e-34,7.62939453125e-06,1.52587890625e-05
control45,I0/I1,197,s17,volume,6.916732416977832e-27,8,494,y,6.916732416977832e-27,-5.342201987567296e-31,-7.765349535769335e-31,7.62939453125e-06,1.52587890625e-05
control45,I0/I1,197,s17,passiveFiber,0,0,68,x,0,0.0,0,7.62939453125e-06,1.52587890625e-05
control45,I0/I1,197,s17,activePotential,1.1435327682083787e-26,8,494,z,1.1435327682083787e-26,-1.2637770732782038e-31,5.780871321072727e-30,7.62939453125e-06,1.52587890625e-05
control45,I0/I1,197,s17,total,1.125862283931428e-26,8,494,y,1.125862283931428e-26,6.3360344949715165e-31,4.2771052204951734e-30,7.62939453125e-06,1.52587890625e-05
control45,I0/I1,197,s18,matrix,1.4760327093783776e-30,3,92,y,1.4760327093783776e-30,-3.9671782810872257e-35,1.863863842663819e-34,3.814697265625e-06,7.62939453125e-06
control45,I0/I1,197,s18,volume,1.8175355256292112e-27,3,92,y,1.8175355256292112e-27,-5.001670955527532e-32,1.7834111285025804e-31,3.814697265625e-06,7.62939453125e-06
control45,I0/I1,197,s18,passiveFiber,0,0,68,x,0,0.0,0,3.814697265625e-06,7.62939453125e-06
control45,I0/I1,197,s18,activePotential,1.396283802241191e-28,8,494,y,-1.396283802241191e-28,8.78831796969658e-33,-1.4637067577342992e-31,3.814697265625e-06,7.62939453125e-06
control45,I0/I1,197,s18,total,1.5083020507825746e-27,8,494,y,-1.5083020507825746e-27,2.2280000003288354e-32,1.7949667081689038e-31,3.814697265625e-06,7.62939453125e-06
control45,I0/I1,197,s19,matrix,2.220597225878483e-31,8,494,z,-2.220597225878483e-31,-4.9406161160387725e-36,5.665882770963426e-36,1.9073486328125e-06,3.814697265625e-06
control45,I0/I1,197,s19,volume,2.871453695004483e-28,3,92,y,2.871453695004483e-28,-1.0173623013868775e-32,1.767040723975289e-32,1.9073486328125e-06,3.814697265625e-06
control45,I0/I1,197,s19,passiveFiber,0,0,68,x,0,0.0,0,1.9073486328125e-06,3.814697265625e-06
control45,I0/I1,197,s19,activePotential,6.113672015462841e-29,8,494,z,-6.113672015462841e-29,-1.2557625286851377e-33,-4.237045877651919e-32,1.9073486328125e-06,3.814697265625e-06
control45,I0/I1,197,s19,total,2.01159530831358e-28,3,92,y,2.01159530831358e-28,-8.391729245257032e-33,-1.396299209680746e-32,1.9073486328125e-06,3.814697265625e-06
control45,I0/I1,197,s20,matrix,3.170562170947487e-32,8,494,z,3.170562170947487e-32,2.1352037013477686e-37,1.630998411765924e-36,9.5367431640625e-07,1.9073486328125e-06
control45,I0/I1,197,s20,volume,1.3016204936146695e-29,8,494,y,1.3016204936146695e-29,-2.995717612222203e-35,-1.4083362718331662e-33,9.5367431640625e-07,1.9073486328125e-06
control45,I0/I1,197,s20,passiveFiber,0,0,68,x,0,0.0,0,9.5367431640625e-07,1.9073486328125e-06
control45,I0/I1,197,s20,activePotential,1.276968590326513e-29,8,494,z,1.276968590326513e-29,3.129527959596665e-34,5.970382827600431e-33,9.5367431640625e-07,1.9073486328125e-06
control45,I0/I1,197,s20,total,1.217804022434937e-29,3,92,z,-1.217804022434937e-29,9.45260044323187e-36,5.693530398094766e-33,9.5367431640625e-07,1.9073486328125e-06
control45,I0/I1,197,core,matrix,2.228962984074415e-32,8,494,z,2.228962984074415e-32,2.8142668457765195e-37,4.397083556044619e-37,0,9.5367431640625e-07
control45,I0/I1,197,core,volume,7.962564762074588e-30,8,494,y,7.962564762074588e-30,1.0723170264537925e-34,-8.440989834384682e-34,0,9.5367431640625e-07
control45,I0/I1,197,core,passiveFiber,0,0,68,x,0,0.0,0,0,9.5367431640625e-07
control45,I0/I1,197,core,activePotential,5.374114916818143e-30,8,494,z,5.374114916818143e-30,5.83100327725478e-35,3.0724601144052622e-33,0,9.5367431640625e-07
control45,I0/I1,197,core,total,8.887011135380461e-30,8,494,y,8.887011135380461e-30,1.1643177307494622e-34,2.2238472326596364e-33,0,9.5367431640625e-07
control45,I0/I1,200,s1,matrix,1.020136666113336e-11,9,494,y,1.020136666113336e-11,-4.26659040397112e-17,-2.113592842954183e-16,0.5,1
control45,I0/I1,200,s1,volume,1.0051629528717854e-08,9,494,y,1.0051629528717854e-08,-4.241995859732252e-14,-2.0782551027331841e-13,0.5,1
control45,I0/I1,200,s1,passiveFiber,0,0,67,x,0,0.0,0,0.5,1
control45,I0/I1,200,s1,activePotential,3.872457909892546e-13,7,497,z,3.872457909892546e-13,-1.8355220730326038e-17,2.220446049250313e-16,0.5,1
control45,I0/I1,200,s1,total,1.0061625532742369e-08,9,494,y,1.0061625532742369e-08,-4.2437841896690994e-14,-2.0756313334757692e-13,0.5,1
control45,I0/I1,200,s2,matrix,2.6111274600837397e-14,9,494,y,2.6111274600837397e-14,-1.107249838652971e-19,-4.632211430296955e-19,0.25,0.5
control45,I0/I1,200,s2,volume,2.4271251675145322e-11,9,494,y,2.4271251675145322e-11,-1.2282335362711313e-16,-3.6483403104137224e-16,0.25,0.5
control45,I0/I1,200,s2,passiveFiber,0,0,67,x,0,0.0,0,0.25,0.5
control45,I0/I1,200,s2,activePotential,1.1679546219056647e-13,9,494,z,-1.1679546219056647e-13,2.4274215570844104e-18,-2.0426368929626904e-16,0.25,0.5
control45,I0/I1,200,s2,total,2.424993539307252e-11,9,494,y,2.424993539307252e-11,-1.163568225579092e-16,-6.266688556966216e-16,0.25,0.5
control45,I0/I1,200,s3,matrix,1.546614399050572e-16,9,494,z,-1.546614399050572e-16,5.849165821840373e-22,-3.467541127822292e-21,0.125,0.25
control45,I0/I1,200,s3,volume,4.418687638008123e-14,9,494,y,-4.418687638008123e-14,1.4203057101703254e-18,7.521652571618187e-18,0.125,0.25
control45,I0/I1,200,s3,passiveFiber,0,0,67,x,0,0.0,0,0.125,0.25
control45,I0/I1,200,s3,activePotential,2.631228568361621e-14,9,494,z,-2.631228568361621e-14,1.4660397909456444e-19,-2.9652929417478546e-17,0.125,0.25
control45,I0/I1,200,s3,total,3.4638958368304884e-14,9,494,y,-3.4638958368304884e-14,-1.448481861228075e-18,-2.190088388420719e-17,0.125,0.25
control45,I0/I1,200,s4,matrix,7.298035873543052e-18,9,494,z,-7.298035873543052e-18,-7.915322521177985e-23,-1.9273308272485545e-22,0.0625,0.125
control45,I0/I1,200,s4,volume,6.078471059822732e-15,9,494,y,-6.078471059822732e-15,1.286310637647136e-19,5.421010862427522e-19,0.0625,0.125
control45,I0/I1,200,s4,passiveFiber,0,0,67,x,0,0.0,0,0.0625,0.125
control45,I0/I1,200,s4,activePotential,4.010680676458378e-15,9,494,z,-4.010680676458378e-15,1.0264797677109792e-19,-2.3107058801097313e-18,0.0625,0.125
control45,I0/I1,200,s4,total,4.6629367034256575e-15,9,494,y,-4.6629367034256575e-15,-1.9433379006026567e-19,-1.7143946852427039e-18,0.0625,0.125
control45,I0/I1,200,s5,matrix,3.798942768435537e-19,9,494,x,-3.798942768435537e-19,-1.6720739154809277e-23,-9.926167350636332e-24,0.03125,0.0625
control45,I0/I1,200,s5,volume,3.365363543395006e-16,9,494,y,-3.365363543395006e-16,7.184172440861254e-22,6.3527471044072525e-21,0.03125,0.0625
control45,I0/I1,200,s5,passiveFiber,0,0,67,x,0,0.0,0,0.03125,0.0625
control45,I0/I1,200,s5,activePotential,1.3183898417423734e-16,9,494,z,-1.3183898417423734e-16,-3.965670758992397e-22,-7.792703114739563e-20,0.03125,0.0625
control45,I0/I1,200,s5,total,1.3183898417423734e-16,9,494,y,-1.3183898417423734e-16,1.4793239161842717e-20,-3.8963515573697816e-20,0.03125,0.0625
control45,I0/I1,200,s6,matrix,3.8529411188229987e-19,9,494,z,-3.8529411188229987e-19,2.9998255935569064e-24,-1.247233267365112e-23,0.015625,0.03125
control45,I0/I1,200,s6,volume,9.150666335777657e-17,9,494,y,-9.150666335777657e-17,1.767538523653151e-21,1.0058516248644817e-20,0.015625,0.03125
control45,I0/I1,200,s6,passiveFiber,0,0,67,x,0,0.0,0,0.015625,0.03125
control45,I0/I1,200,s6,activePotential,6.852157730108388e-17,9,494,z,-6.852157730108388e-17,9.885970465518705e-22,-4.4998625322884706e-20,0.015625,0.03125
control45,I0/I1,200,s6,total,8.630249292984615e-17,9,494,y,-8.630249292984615e-17,-1.1160203016942138e-21,-3.875175733688424e-20,0.015625,0.03125
control45,I0/I1,200,s7,matrix,4.854557578951209e-20,9,494,z,4.854557578951209e-20,3.193279777844383e-26,1.8611563782443123e-24,0.0078125,0.015625
control45,I0/I1,200,s7,volume,2.3527187142935446e-17,9,494,y,2.3527187142935446e-17,-3.0962807588918446e-22,-2.097730033434478e-21,0.0078125,0.015625
control45,I0/I1,200,s7,passiveFiber,0,0,67,x,0,0.0,0,0.0078125,0.015625
control45,I0/I1,200,s7,activePotential,1.496198998029996e-17,9,494,z,1.496198998029996e-17,-1.2279914216832761e-22,1.011145580784821e-20,0.0078125,0.015625
control45,I0/I1,200,s7,total,1.7618285302889447e-17,9,494,y,1.7618285302889447e-17,1.0120304686582261e-21,7.808584982500581e-21,0.0078125,0.015625
control45,I0/I1,200,s8,matrix,8.602678370551488e-22,9,494,x,-8.602678370551488e-22,1.9446906480346528e-26,3.2311742677852644e-27,0.00390625,0.0078125
control45,I0/I1,200,s8,volume,1.5720931501039814e-18,9,494,y,-1.5720931501039814e-18,3.952852369560487e-25,1.2738581433316626e-22,0.00390625,0.0078125
control45,I0/I1,200,s8,passiveFiber,0,0,67,x,0,0.0,0,0.00390625,0.0078125
control45,I0/I1,200,s8,activePotential,3.7947076036992655e-19,3,92,z,3.7947076036992655e-19,-1.8034414363636804e-23,-3.623051082982261e-22,0.00390625,0.0078125
control45,I0/I1,200,s8,total,8.199278929421627e-19,3,92,y,8.199278929421627e-19,-9.182328861598574e-23,-2.3491929396505986e-22,0.00390625,0.0078125
control45,I0/I1,200,s9,matrix,2.0762233375080995e-22,9,494,y,2.0762233375080995e-22,6.692423315804238e-27,-2.377942312698218e-26,0.001953125,0.00390625
control45,I0/I1,200,s9,volume,9.402065714522734e-20,3,92,y,-9.402065714522734e-20,6.100024972727291e-24,-1.3286588589133007e-23,0.001953125,0.00390625
control45,I0/I1,200,s9,passiveFiber,0,0,67,x,0,0.0,0,0.001953125,0.00390625
control45,I0/I1,200,s9,activePotential,1.6517142471458857e-20,3,92,z,1.6517142471458857e-20,-1.1207431597604867e-24,-2.088631046696395e-23,0.001953125,0.00390625
control45,I0/I1,200,s9,total,1.1858461261560205e-19,9,494,y,1.1858461261560205e-19,5.8761643514680095e-25,-2.3781442610899546e-23,0.001953125,0.00390625
control45,I0/I1,200,s10,matrix,6.198684715319251e-23,9,494,x,-6.198684715319251e-23,-7.417418757389063e-28,1.0349855076499675e-27,0.0009765625,0.001953125
control45,I0/I1,200,s10,volume,9.338538243478661e-20,9,494,y,-9.338538243478661e-20,1.274420407058585e-24,7.147357480341005e-24,0.0009765625,0.001953125
control45,I0/I1,200,s10,passiveFiber,0,0,67,x,0,0.0,0,0.0009765625,0.001953125
control45,I0/I1,200,s10,activePotential,1.3923104070492562e-20,9,494,z,-1.3923104070492562e-20,-1.6383433059844677e-25,-1.2304311611726287e-23,0.0009765625,0.001953125
control45,I0/I1,200,s10,total,7.189192139820874e-20,9,494,y,-7.189192139820874e-20,-1.7320906298571004e-24,-7.367077330550403e-24,0.0009765625,0.001953125
control45,I0/I1,200,s11,matrix,1.9716625382025683e-23,9,494,z,-1.9716625382025683e-23,9.115474595368929e-29,-4.528061595968608e-28,0.00048828125,0.0009765625
control45,I0/I1,200,s11,volume,5.717472393966527e-21,9,494,y,-5.717472393966527e-21,-7.272184162909991e-26,6.591595506281939e-25,0.00048828125,0.0009765625
control45,I0/I1,200,s11,passiveFiber,0,0,67,x,0,0.0,0,0.00048828125,0.0009765625
control45,I0/I1,200,s11,activePotential,2.3161057151484775e-21,9,494,z,-2.3161057151484775e-21,-6.118467626685294e-26,-2.4653859663201567e-24,0.00048828125,0.0009765625
control45,I0/I1,200,s11,total,7.292424280267492e-21,9,494,y,-7.292424280267492e-21,-3.661793870859492e-26,-1.4572595947711542e-24,0.00048828125,0.0009765625
control45,I0/I1,200,s12,matrix,3.7966297646476856e-25,9,494,x,-3.7966297646476856e-25,5.7681298571190394e-30,2.100342160150944e-29,0.000244140625,0.00048828125
control45,I0/I1,200,s12,volume,1.1249656330721176e-22,3,92,y,-1.1249656330721176e-22,1.1048318145189256e-26,-4.13994203059987e-27,0.000244140625,0.00048828125
control45,I0/I1,200,s12,passiveFiber,0,0,67,x,0,0.0,0,0.000244140625,0.00048828125
control45,I0/I1,200,s12,activePotential,1.0587911840678754e-22,9,494,z,1.0587911840678754e-22,-1.1853685399685019e-27,1.9387045606711586e-26,0.000244140625,0.00048828125
control45,I0/I1,200,s12,total,1.108422020821057e-22,9,494,y,1.108422020821057e-22,-1.660177280375902e-26,4.765982044983265e-26,0.000244140625,0.00048828125
control45,I0/I1,200,s13,matrix,7.653844046816345e-26,9,494,z,-7.653844046816345e-26,-1.2348898244481315e-30,1.2695730193400659e-30,0.0001220703125,0.000244140625
control45,I0/I1,200,s13,volume,9.140345768710956e-23,9,494,y,-9.140345768710956e-23,-3.309165644021094e-27,1.0084797812345415e-26,0.0001220703125,0.000244140625
control45,I0/I1,200,s13,passiveFiber,0,0,67,x,0,0.0,0,0.0001220703125,0.000244140625
control45,I0/I1,200,s13,activePotential,2.740035779081904e-23,9,494,z,-2.740035779081904e-23,-7.124846873778023e-29,-1.5449051967848295e-26,0.0001220703125,0.000244140625
control45,I0/I1,200,s13,total,1.3379646408045223e-22,9,494,y,-1.3379646408045223e-22,-3.607257204330209e-28,-4.947735597546186e-27,0.0001220703125,0.000244140625
control45,I0/I1,200,s14,matrix,1.056442524271979e-26,9,494,z,-1.056442524271979e-26,-1.8996537647351046e-31,-3.6361557350031013e-31,6.103515625e-05,0.0001220703125
control45,I0/I1,200,s14,volume,2.8305086585798916e-24,3,92,y,-2.8305086585798916e-24,2.2072163711754297e-28,-2.66634985964702e-28,6.103515625e-05,0.0001220703125
control45,I0/I1,200,s14,passiveFiber,0,0,67,x,0,0.0,0,6.103515625e-05,0.0001220703125
control45,I0/I1,200,s14,activePotential,1.111523948118131e-24,9,494,z,-1.111523948118131e-24,-2.9078004039758184e-29,-7.32062920045099e-28,6.103515625e-05,0.0001220703125
control45,I0/I1,200,s14,total,3.0114544175758664e-24,9,494,z,-3.0114544175758664e-24,-2.04471466136314e-29,-4.985600920996795e-28,6.103515625e-05,0.0001220703125
control45,I0/I1,200,s15,matrix,2.4423133625642525e-27,9,494,z,2.4423133625642525e-27,3.547423227794387e-32,5.200010849845537e-32,3.0517578125e-05,6.103515625e-05
control45,I0/I1,200,s15,volume,1.3635555410053816e-24,9,494,y,1.3635555410053816e-24,-5.598744200186279e-29,-7.060305101728056e-29,3.0517578125e-05,6.103515625e-05
control45,I0/I1,200,s15,passiveFiber,0,0,67,x,0,0.0,0,3.0517578125e-05,6.103515625e-05
control45,I0/I1,200,s15,activePotential,3.42504472385238e-25,9,494,z,3.42504472385238e-25,-2.9206561523322116e-30,2.0983700078878914e-28,3.0517578125e-05,6.103515625e-05
control45,I0/I1,200,s15,total,1.0178198943523583e-24,9,494,y,1.0178198943523583e-24,-1.0893992633442897e-29,1.9011547815826385e-28,3.0517578125e-05,6.103515625e-05
control45,I0/I1,200,s16,matrix,7.341336799213041e-29,9,494,x,7.341336799213041e-29,-5.567950249390316e-34,5.681493335942346e-33,1.52587890625e-05,3.0517578125e-05
control45,I0/I1,200,s16,volume,1.0097419586828951e-25,9,494,y,1.0097419586828951e-25,3.1152820701846294e-30,-1.363250251835061e-29,1.52587890625e-05,3.0517578125e-05
control45,I0/I1,200,s16,passiveFiber,0,0,67,x,0,0.0,0,1.52587890625e-05,3.0517578125e-05
control45,I0/I1,200,s16,activePotential,1.1511058328985004e-26,9,494,z,1.1511058328985004e-26,3.4863882676481513e-31,3.668203209277705e-29,1.52587890625e-05,3.0517578125e-05
control45,I0/I1,200,s16,total,1.2722748679404478e-25,9,494,y,1.2722748679404478e-25,2.580902964916598e-31,2.1397852054119945e-29,1.52587890625e-05,3.0517578125e-05
control45,I0/I1,200,s17,matrix,3.090116077170432e-29,9,494,z,3.090116077170432e-29,-9.664498970684324e-36,1.504632769052528e-33,7.62939453125e-06,1.52587890625e-05
control45,I0/I1,200,s17,volume,8.002205022561944e-27,3,92,y,8.002205022561944e-27,-7.945340093754635e-31,1.1925358215645764e-30,7.62939453125e-06,1.52587890625e-05
control45,I0/I1,200,s17,passiveFiber,0,0,67,x,0,0.0,0,7.62939453125e-06,1.52587890625e-05
control45,I0/I1,200,s17,activePotential,2.410758926355412e-27,6,495,z,-2.410758926355412e-27,1.9394411561364583e-31,1.4791141972893971e-30,7.62939453125e-06,1.52587890625e-05
control45,I0/I1,200,s17,total,8.38085825706803e-27,9,494,y,-8.38085825706803e-27,-3.2513301132215105e-31,2.2186712959340957e-30,7.62939453125e-06,1.52587890625e-05
control45,I0/I1,200,s18,matrix,2.559175710101759e-30,9,494,z,2.559175710101759e-30,-4.323365440644713e-35,1.764181921714089e-34,3.814697265625e-06,7.62939453125e-06
control45,I0/I1,200,s18,volume,2.139390774959384e-27,9,494,y,-2.139390774959384e-27,-8.68391945503369e-32,2.472894048593211e-31,3.814697265625e-06,7.62939453125e-06
control45,I0/I1,200,s18,passiveFiber,0,0,67,x,0,0.0,0,3.814697265625e-06,7.62939453125e-06
control45,I0/I1,200,s18,activePotential,1.7039395552773855e-28,9,494,z,-1.7039395552773855e-28,5.8611333603699165e-33,-2.6500796034768365e-31,3.814697265625e-06,7.62939453125e-06
control45,I0/I1,200,s18,total,2.265608519794746e-27,9,494,y,-2.265608519794746e-27,-3.574477167272881e-32,-2.619264724366641e-32,3.814697265625e-06,7.62939453125e-06
control45,I0/I1,200,s19,matrix,2.940895025079309e-31,9,494,z,-2.940895025079309e-31,7.1339625102688225e-37,-1.4529110176163474e-35,1.9073486328125e-06,3.814697265625e-06
control45,I0/I1,200,s19,volume,2.1535902712533622e-28,3,92,y,-2.1535902712533622e-28,1.8179614488390338e-32,-1.295187887600416e-32,1.9073486328125e-06,3.814697265625e-06
control45,I0/I1,200,s19,passiveFiber,0,0,67,x,0,0.0,0,1.9073486328125e-06,3.814697265625e-06
control45,I0/I1,200,s19,activePotential,2.208810534618833e-29,9,494,z,-2.208810534618833e-29,-9.985530498621685e-35,4.044452883213195e-33,1.9073486328125e-06,3.814697265625e-06
control45,I0/I1,200,s19,total,2.2876966251409342e-28,9,494,y,2.2876966251409342e-28,-1.911410287585311e-33,-1.502225356622044e-32,1.9073486328125e-06,3.814697265625e-06
control45,I0/I1,200,s20,matrix,7.147607506107129e-32,9,494,z,7.147607506107129e-32,2.460750937414237e-37,6.112570624275895e-37,9.5367431640625e-07,1.9073486328125e-06
control45,I0/I1,200,s20,volume,1.9080573145033223e-29,3,92,y,-1.9080573145033223e-29,2.524606076049091e-33,-1.0472244072605595e-33,9.5367431640625e-07,1.9073486328125e-06
control45,I0/I1,200,s20,passiveFiber,0,0,67,x,0,0.0,0,9.5367431640625e-07,1.9073486328125e-06
control45,I0/I1,200,s20,activePotential,7.494178599599612e-30,6,495,z,-7.494178599599612e-30,5.56391573929897e-34,4.8148248609680896e-33,9.5367431640625e-07,1.9073486328125e-06
control45,I0/I1,200,s20,total,1.0156584154720527e-29,9,494,y,1.0156584154720527e-29,3.262963499288478e-35,4.6944542394438874e-33,9.5367431640625e-07,1.9073486328125e-06
control45,I0/I1,200,core,matrix,6.265290850334727e-33,9,494,z,6.265290850334727e-33,-2.683543688997159e-38,1.9175251597788565e-37,0,9.5367431640625e-07
control45,I0/I1,200,core,volume,3.0445100560873424e-30,9,494,y,3.0445100560873424e-30,-8.289407984912402e-35,-2.4525514135556207e-34,0,9.5367431640625e-07
control45,I0/I1,200,core,passiveFiber,0,0,67,x,0,0.0,0,0,9.5367431640625e-07
control45,I0/I1,200,core,activePotential,1.3743436083147315e-30,9,494,z,1.3743436083147315e-30,5.694940181344402e-36,1.1164375146369758e-33,0,9.5367431640625e-07
control45,I0/I1,200,core,total,2.1323896344255475e-30,9,494,y,2.1323896344255475e-30,5.246391972769321e-35,8.486128817456258e-34,0,9.5367431640625e-07
control45,I0/I1,203,s1,matrix,2.7153183618667392e-11,7,498,y,2.7153183618667392e-11,-6.215981321991494e-16,-6.821639133018816e-16,0.5,1
control45,I0/I1,203,s1,volume,2.6750585746526667e-08,7,498,y,2.6750585746526667e-08,-6.143333370212862e-13,-6.697298965407938e-13,0.5,1
control45,I0/I1,203,s1,passiveFiber,0,0,67,x,0,0.0,0,0.5,1
control45,I0/I1,203,s1,activePotential,5.022648963404208e-13,7,498,y,-5.022648963404208e-13,-1.4667042977778226e-17,-8.049116928532385e-16,0.5,1
control45,I0/I1,203,s1,total,2.6777238426589633e-08,7,498,y,2.6777238426589633e-08,-6.149503401618304e-13,-6.728367862862683e-13,0.5,1
control45,I0/I1,203,s2,matrix,6.867510032870783e-14,7,498,y,6.867510032870783e-14,-1.5596363483804383e-18,-1.4823076576950256e-18,0.25,0.5
control45,I0/I1,203,s2,volume,6.373568339768099e-11,7,498,y,6.373568339768099e-11,-1.4409196285378292e-15,-1.2643965735525953e-15,0.25,0.5
control45,I0/I1,203,s2,passiveFiber,0,0,67,x,0,0.0,0,0.25,0.5
control45,I0/I1,203,s2,activePotential,5.577760475716786e-13,7,498,z,-5.577760475716786e-13,2.0537710141912064e-18,-4.718447854656915e-16,0.25,0.5
control45,I0/I1,203,s2,total,6.406075669929123e-11,7,498,y,6.406075669929123e-11,-1.4886493383723811e-15,-1.7572748811645056e-15,0.25,0.5
control45,I0/I1,203,s3,matrix,8.912141857830846e-17,7,498,y,8.912141857830846e-17,-7.50357773650277e-21,-3.255782891008717e-21,0.125,0.25
control45,I0/I1,203,s3,volume,6.350475700855895e-14,7,498,y,6.350475700855895e-14,-4.505120749620474e-18,9.378348791999613e-18,0.125,0.25
control45,I0/I1,203,s3,passiveFiber,0,0,67,x,0,0.0,0,0.125,0.25
control45,I0/I1,203,s3,activePotential,3.4638958368304884e-14,7,498,z,-3.4638958368304884e-14,1.9455336024162968e-18,-2.7538735181131813e-17,0.125,0.25
control45,I0/I1,203,s3,total,4.1550096696596484e-14,4,453,y,-4.1550096696596484e-14,-5.937131324748053e-18,-2.42861286636753e-17,0.125,0.25
control45,I0/I1,203,s4,matrix,9.64939933512099e-18,7,498,y,-9.64939933512099e-18,2.4591239057667546e-23,1.1580528575742387e-22,0.0625,0.125
control45,I0/I1,203,s4,volume,1.6264767310758543e-14,7,498,y,-1.6264767310758543e-14,2.802695073456691e-19,2.676624113323589e-18,0.0625,0.125
control45,I0/I1,203,s4,passiveFiber,0,0,67,x,0,0.0,0,0.0625,0.125
control45,I0/I1,203,s4,activePotential,8.826273045769994e-15,7,498,z,-8.826273045769994e-15,2.246596967859867e-19,-6.0986372202309624e-18,0.0625,0.125
control45,I0/I1,203,s4,total,1.226796442210798e-14,7,498,z,-1.226796442210798e-14,-3.611166153178367e-19,-2.4936649967166602e-18,0.0625,0.125
control45,I0/I1,203,s5,matrix,1.2027867851011065e-18,7,498,z,-1.2027867851011065e-18,-3.328900102098954e-24,-1.7743024139262444e-22,0.03125,0.0625
control45,I0/I1,203,s5,volume,1.6167622796103842e-15,7,498,y,1.6167622796103842e-15,-8.736444277099272e-20,-7.453889935837843e-20,0.03125,0.0625
control45,I0/I1,203,s5,passiveFiber,0,0,67,x,0,0.0,0,0.03125,0.0625
control45,I0/I1,203,s5,activePotential,3.7470027081099033e-16,7,498,z,3.7470027081099033e-16,4.5014877173180075e-21,-5.082197683525802e-20,0.03125,0.0625
control45,I0/I1,203,s5,total,1.0477729794899915e-15,7,498,y,1.0477729794899915e-15,-4.372886648824131e-20,-9.994988777600744e-20,0.03125,0.0625
control45,I0/I1,203,s6,matrix,3.790472438962994e-19,7,498,z,-3.790472438962994e-19,-6.025578302315456e-25,-2.5332406259436473e-23,0.015625,0.03125
control45,I0/I1,203,s6,volume,7.719519468096792e-17,7,498,y,7.719519468096792e-17,-6.186372961818591e-21,-1.1540823906339842e-20,0.015625,0.03125
control45,I0/I1,203,s6,passiveFiber,0,0,67,x,0,0.0,0,0.015625,0.03125
control45,I0/I1,203,s6,activePotential,3.382710778154774e-17,7,498,z,-3.382710778154774e-17,-2.0010877380279562e-21,-1.3976043629695956e-20,0.015625,0.03125
control45,I0/I1,203,s6,total,8.153200337090993e-17,7,498,y,8.153200337090993e-17,-7.836337522405083e-21,-7.199780051661553e-21,0.015625,0.03125
control45,I0/I1,203,s7,matrix,1.15619997300212e-19,7,498,z,1.15619997300212e-19,1.195419214214499e-24,3.1471637368228475e-24,0.0078125,0.015625
control45,I0/I1,203,s7,volume,5.984795992119984e-17,7,498,y,5.984795992119984e-17,1.2621964101320263e-22,-1.0084986028246513e-20,0.0078125,0.015625
control45,I0/I1,203,s7,passiveFiber,0,0,67,x,0,0.0,0,0.0078125,0.015625
control45,I0/I1,203,s7,activePotential,5.5185890579512176e-17,7,498,z,5.5185890579512176e-17,2.6183334693308086e-22,2.9963790509120874e-20,0.0078125,0.015625
control45,I0/I1,203,s7,total,7.231628490478315e-17,7,498,y,7.231628490478315e-17,1.51662549022163e-21,2.006409293808624e-20,0.0078125,0.015625
control45,I0/I1,203,s8,matrix,2.2929446579969927e-21,7,498,x,-2.2929446579969927e-21,-1.373760899021181e-26,1.260157964436253e-25,0.00390625,0.0078125
control45,I0/I1,203,s8,volume,2.778268066994105e-18,7,498,y,-2.778268066994105e-18,-7.8165355978413e-23,4.648755042548016e-22,0.00390625,0.0078125
control45,I0/I1,203,s8,passiveFiber,0,0,67,x,0,0.0,0,0.00390625,0.0078125
control45,I0/I1,203,s8,activePotential,5.38712954453735e-19,7,498,y,-5.38712954453735e-19,4.613338733143069e-23,-4.632211430296955e-22,0.00390625,0.0078125
control45,I0/I1,203,s8,total,2.4123498337802474e-18,9,500,y,2.4123498337802474e-18,-5.178261101937012e-23,-3.8712052667481695e-22,0.00390625,0.0078125
control45,I0/I1,203,s9,matrix,1.137373342260413e-21,7,498,z,-1.137373342260413e-21,-2.0074362999496343e-26,-5.634360129450555e-26,0.001953125,0.00390625
control45,I0/I1,203,s9,volume,4.0318768289304696e-19,7,498,y,-4.0318768289304696e-19,-4.454779181104735e-24,6.017738956323276e-23,0.001953125,0.00390625
control45,I0/I1,203,s9,passiveFiber,0,0,67,x,0,0.0,0,0.001953125,0.00390625
control45,I0/I1,203,s9,activePotential,3.3034284942917713e-19,7,498,z,-3.3034284942917713e-19,-1.2626792582303918e-23,-2.1920286232655233e-22,0.001953125,0.00390625
control45,I0/I1,203,s9,total,6.369687763352339e-19,7,498,y,-6.369687763352339e-19,2.114208409673772e-24,-2.4070955825293105e-22,0.001953125,0.00390625
control45,I0/I1,203,s10,matrix,1.4434301689050333e-22,7,498,z,-1.4434301689050333e-22,-3.553149792211309e-27,-7.408981621835743e-27,0.0009765625,0.001953125
control45,I0/I1,203,s10,volume,7.242131699024268e-20,7,498,y,-7.242131699024268e-20,2.6954280198446073e-24,6.746691871135632e-24,0.0009765625,0.001953125
control45,I0/I1,203,s10,passiveFiber,0,0,67,x,0,0.0,0,0.0009765625,0.001953125
control45,I0/I1,203,s10,activePotential,3.621065849512134e-20,7,498,z,-3.621065849512134e-20,-7.889822176907952e-25,-2.223047896236262e-23,0.0009765625,0.001953125
control45,I0/I1,203,s10,total,3.832824086325709e-20,7,498,y,-3.832824086325709e-20,-2.2950398865771775e-24,-1.27179019180028e-23,0.0009765625,0.001953125
control45,I0/I1,203,s11,matrix,2.6224210357345206e-23,7,498,z,-2.6224210357345206e-23,-2.1059779551614753e-28,-7.604619126330554e-28,0.00048828125,0.0009765625
control45,I0/I1,203,s11,volume,2.030232095450151e-20,7,498,y,-2.030232095450151e-20,1.242799330625473e-25,2.8757450983288853e-24,0.00048828125,0.0009765625
control45,I0/I1,203,s11,passiveFiber,0,0,67,x,0,0.0,0,0.00048828125,0.0009765625
control45,I0/I1,203,s11,activePotential,8.4967992521447e-21,7,498,z,-8.4967992521447e-21,-2.822603707852026e-25,-6.811315356491337e-24,0.00048828125,0.0009765625
control45,I0/I1,203,s11,total,1.9614106684857392e-20,7,498,y,-1.9614106684857392e-20,-3.868767951068986e-25,-4.795062613393332e-24,0.00048828125,0.0009765625
control45,I0/I1,203,s12,matrix,1.6333585923654511e-24,7,498,z,-1.6333585923654511e-24,-3.036507107005636e-29,-9.860761315262648e-29,0.000244140625,0.00048828125
control45,I0/I1,203,s12,volume,5.360130369343619e-22,7,498,y,-5.360130369343619e-22,6.776053526501774e-27,4.6852026882886333e-26,0.000244140625,0.00048828125
control45,I0/I1,203,s12,passiveFiber,0,0,67,x,0,0.0,0,0.000244140625,0.00048828125
control45,I0/I1,203,s12,activePotential,5.062345348824529e-22,7,498,z,-5.062345348824529e-22,1.0292601007983082e-26,-2.0517956600436429e-25,0.000244140625,0.00048828125
control45,I0/I1,203,s12,total,3.8381180422460484e-22,7,498,y,-3.8381180422460484e-22,-3.1329412877559176e-26,-2.2860557944580745e-25,0.000244140625,0.00048828125
control45,I0/I1,203,s13,matrix,9.552158929140188e-26,7,498,z,9.552158929140188e-26,3.712472838856732e-31,1.232595164407831e-31,0.0001220703125,0.000244140625
control45,I0/I1,203,s13,volume,1.8776999904953728e-22,7,498,y,1.8776999904953728e-22,-6.886563122841554e-27,-1.2369338993865465e-26,0.0001220703125,0.000244140625
control45,I0/I1,203,s13,passiveFiber,0,0,67,x,0,0.0,0,0.0001220703125,0.000244140625
control45,I0/I1,203,s13,activePotential,4.508134338414001e-23,7,498,z,4.508134338414001e-23,2.4211217489274622e-27,2.5243548967072378e-26,0.0001220703125,0.000244140625
control45,I0/I1,203,s13,total,7.692779696743157e-23,7,498,y,7.692779696743157e-23,3.7183757196237966e-27,3.150394911090633e-26,0.0001220703125,0.000244140625
control45,I0/I1,203,s14,matrix,8.742156551659253e-27,7,498,x,8.742156551659253e-27,-1.242319791826202e-31,8.289202480642663e-31,6.103515625e-05,0.0001220703125
control45,I0/I1,203,s14,volume,5.480071558163808e-24,7,498,y,-5.480071558163808e-24,-6.861749934297362e-29,5.174927538249837e-28,6.103515625e-05,0.0001220703125
control45,I0/I1,203,s14,passiveFiber,0,0,67,x,0,0.0,0,6.103515625e-05,0.0001220703125
control45,I0/I1,203,s14,activePotential,1.2407709188295415e-24,7,498,z,1.2407709188295415e-24,-1.3866513548484189e-28,-2.3224065049706588e-27,6.103515625e-05,0.0001220703125
control45,I0/I1,203,s14,total,6.927637630131607e-24,7,498,y,-6.927637630131607e-24,5.357692788592493e-28,1.3883951931889808e-28,6.103515625e-05,0.0001220703125
control45,I0/I1,203,s15,matrix,6.55701184419705e-27,7,498,z,6.55701184419705e-27,6.704215273088081e-32,2.565338685923798e-31,3.0517578125e-05,6.103515625e-05
control45,I0/I1,203,s15,volume,1.8611563782443123e-24,7,498,y,1.8611563782443123e-24,-5.528607613595811e-29,-2.2245877527232533e-28,3.0517578125e-05,6.103515625e-05
control45,I0/I1,203,s15,passiveFiber,0,0,67,x,0,0.0,0,3.0517578125e-05,6.103515625e-05
control45,I0/I1,203,s15,activePotential,8.594923552308803e-25,7,498,z,8.594923552308803e-25,2.8574866992245146e-29,1.268488335595387e-27,3.0517578125e-05,6.103515625e-05
control45,I0/I1,203,s15,total,1.357093192469811e-24,7,498,z,1.357093192469811e-24,1.3323401414144636e-28,6.721094912483021e-28,3.0517578125e-05,6.103515625e-05
control45,I0/I1,203,s16,matrix,1.7232666474553003e-27,7,498,z,1.7232666474553003e-27,2.6671675535682264e-32,6.495198737445953e-32,1.52587890625e-05,3.0517578125e-05
control45,I0/I1,203,s16,volume,6.3007898221812655e-25,7,498,y,6.3007898221812655e-25,2.602671712606169e-30,-9.574799237120031e-29,1.52587890625e-05,3.0517578125e-05
control45,I0/I1,203,s16,passiveFiber,0,0,67,x,0,0.0,0,1.52587890625e-05,3.0517578125e-05
control45,I0/I1,203,s16,activePotential,4.935618694041991e-25,7,498,z,4.935618694041991e-25,6.730756815987168e-30,3.285605670245514e-28,1.52587890625e-05,3.0517578125e-05
control45,I0/I1,203,s16,total,7.601337464964834e-25,7,498,y,7.601337464964834e-25,1.2423464902818297e-29,2.2699472547734615e-28,1.52587890625e-05,3.0517578125e-05
control45,I0/I1,203,s17,matrix,5.078292077360263e-29,7,498,z,-5.078292077360263e-29,-6.205465435723698e-34,-1.9981523173017572e-33,7.62939453125e-06,1.52587890625e-05
control45,I0/I1,203,s17,volume,4.4024749398574227e-26,7,498,y,-4.4024749398574227e-26,5.442392390159642e-31,4.190823558986625e-30,7.62939453125e-06,1.52587890625e-05
control45,I0/I1,203,s17,passiveFiber,0,0,67,x,0,0.0,0,7.62939453125e-06,1.52587890625e-05
control45,I0/I1,203,s17,activePotential,1.1006187349643557e-26,7,498,z,-1.1006187349643557e-26,3.5625412885856937e-32,-1.0156584154720527e-29,7.62939453125e-06,1.52587890625e-05
control45,I0/I1,203,s17,total,3.6047787924979355e-26,7,498,y,-3.6047787924979355e-26,-1.8387338228014664e-31,-5.965760595733902e-30,7.62939453125e-06,1.52587890625e-05
control45,I0/I1,203,s18,matrix,1.1537090738857298e-29,7,498,z,1.1537090738857298e-29,8.724695834050425e-35,8.907425992790966e-34,3.814697265625e-06,7.62939453125e-06
control45,I0/I1,203,s18,volume,6.916732416977832e-27,7,498,y,-6.916732416977832e-27,1.4765791587091317e-31,7.1490519535654195e-31,3.814697265625e-06,7.62939453125e-06
control45,I0/I1,203,s18,passiveFiber,0,0,67,x,0,0.0,0,3.814697265625e-06,7.62939453125e-06
control45,I0/I1,203,s18,activePotential,7.32062920045099e-28,7,498,z,7.32062920045099e-28,-1.4163132674872833e-32,1.5407439555097887e-31,3.814697265625e-06,7.62939453125e-06
control45,I0/I1,203,s18,total,3.1554436208840472e-27,7,498,y,-3.1554436208840472e-27,-1.5972344397881011e-31,6.101346063818763e-31,3.814697265625e-06,7.62939453125e-06
control45,I0/I1,203,s19,matrix,4.98069557742844e-31,7,498,x,4.98069557742844e-31,1.1499647142191143e-35,3.291384182302405e-36,1.9073486328125e-06,3.814697265625e-06
control45,I0/I1,203,s19,volume,4.433398287342086e-28,7,498,y,4.433398287342086e-28,1.626178482699588e-32,-7.83853487365605e-32,1.9073486328125e-06,3.814697265625e-06
control45,I0/I1,203,s19,passiveFiber,0,0,67,x,0,0.0,0,1.9073486328125e-06,3.814697265625e-06
control45,I0/I1,203,s19,activePotential,7.494178599599612e-29,2,92,z,-7.494178599599612e-29,6.305679717687817e-33,1.5561513950648866e-31,1.9073486328125e-06,3.814697265625e-06
control45,I0/I1,203,s19,total,2.950339785526584e-28,7,498,y,2.950339785526584e-28,8.794279143591327e-36,9.128907936395498e-32,1.9073486328125e-06,3.814697265625e-06
control45,I0/I1,203,s20,matrix,1.388595489903197e-31,7,498,z,-1.388595489903197e-31,-1.805904767080034e-36,-1.222514124855179e-36,9.5367431640625e-07,1.9073486328125e-06
control45,I0/I1,203,s20,volume,9.939647405784749e-29,7,498,y,-9.939647405784749e-29,-1.279063490147395e-33,1.615373740854794e-32,9.5367431640625e-07,1.9073486328125e-06
control45,I0/I1,203,s20,passiveFiber,0,0,67,x,0,0.0,0,9.5367431640625e-07,1.9073486328125e-06
control45,I0/I1,203,s20,activePotential,6.66587464911755e-29,7,498,z,-6.66587464911755e-29,-8.302663047557688e-34,-3.7363040921112376e-32,9.5367431640625e-07,1.9073486328125e-06
control45,I0/I1,203,s20,total,1.4179774771347687e-28,7,498,y,-1.4179774771347687e-28,-2.552863992131894e-35,-3.004450713244088e-32,9.5367431640625e-07,1.9073486328125e-06
control45,I0/I1,203,core,matrix,2.48204221582905e-32,7,498,z,2.48204221582905e-32,2.437994586510067e-37,8.478253005305749e-37,0,9.5367431640625e-07
control45,I0/I1,203,core,volume,1.0403103187602093e-29,7,498,y,1.0403103187602093e-29,-9.980239404638397e-35,-1.2277803395468629e-33,0,9.5367431640625e-07
control45,I0/I1,203,core,passiveFiber,0,0,67,x,0,0.0,0,0,9.5367431640625e-07
control45,I0/I1,203,core,activePotential,5.5959820464115525e-30,7,498,z,5.5959820464115525e-30,2.5513430121874485e-34,4.1648235047373975e-33,0,9.5367431640625e-07
control45,I0/I1,203,core,total,7.420222889735142e-30,7,498,y,7.420222889735142e-30,3.180670023870267e-34,3.442599775592184e-33,0,9.5367431640625e-07
control45,I0/I1,206,s1,matrix,2.6967429591490122e-11,7,505,y,-2.6967429591490122e-11,-5.644138814055743e-16,-1.6067855020411494e-16,0.5,1
control45,I0/I1,206,s1,volume,2.6999162350271888e-08,7,505,y,-2.6999162350271888e-08,-5.734759612710132e-13,-1.6266328561886922e-13,0.5,1
control45,I0/I1,206,s1,passiveFiber,0,0,76,x,0,0.0,0,0.5,1
control45,I0/I1,206,s1,activePotential,7.425171588693047e-13,5,502,z,7.425171588693047e-13,-1.8981585329256922e-17,4.163336342344337e-16,0.5,1
control45,I0/I1,206,s1,total,2.7026138660346533e-08,7,505,y,-2.7026138660346533e-08,-5.7398007963652e-13,-1.626268564258737e-13,0.5,1
control45,I0/I1,206,s2,matrix,6.797166995919923e-14,7,505,y,-6.797166995919923e-14,-1.425930909029922e-18,-3.1821969037159996e-19,0.25,0.5
control45,I0/I1,206,s2,volume,6.494538240531256e-11,7,505,y,-6.494538240531256e-11,-1.3406868503266469e-15,-3.284048380458593e-16,0.25,0.5
control45,I0/I1,206,s2,passiveFiber,0,0,76,x,0,0.0,0,0.25,0.5
control45,I0/I1,206,s2,activePotential,1.3855583347321954e-13,7,505,z,-1.3855583347321954e-13,1.6364854789264569e-18,6.331740687315346e-17,0.25,0.5
control45,I0/I1,206,s2,total,6.482636649707274e-11,7,505,y,-6.482636649707274e-11,-1.3644688692468442e-15,-2.8536201179818477e-16,0.25,0.5
control45,I0/I1,206,s3,matrix,3.2612801348363973e-16,7,505,y,-3.2612801348363973e-16,-1.5288618651346994e-20,5.823351512373315e-22,0.125,0.25
control45,I0/I1,206,s3,volume,2.935429677108914e-13,7,505,y,-2.935429677108914e-13,-1.1558628079365376e-17,-1.157385819128276e-17,0.125,0.25
control45,I0/I1,206,s3,passiveFiber,0,0,76,x,0,0.0,0,0.125,0.25
control45,I0/I1,206,s3,activePotential,2.5424107263916085e-14,7,505,z,-2.5424107263916085e-14,-1.2574098941270448e-18,1.870248747537495e-17,0.125,0.25
control45,I0/I1,206,s3,total,3.930189507173054e-13,7,505,y,-3.930189507173054e-13,-2.64566641510953e-18,8.72782748850831e-18,0.125,0.25
control45,I0/I1,206,s4,matrix,3.363059613778474e-17,7,505,x,3.363059613778474e-17,-1.4908146989718375e-21,3.523789409475898e-22,0.0625,0.125
control45,I0/I1,206,s4,volume,5.856426454897701e-15,8,500,y,5.856426454897701e-15,-4.185663514321903e-19,-2.727446090158847e-19,0.0625,0.125
control45,I0/I1,206,s4,passiveFiber,0,0,76,x,0,0.0,0,0.0625,0.125
control45,I0/I1,206,s4,activePotential,1.942890293094024e-15,7,505,z,-1.942890293094024e-15,-9.060849477078728e-21,1.0842021724855044e-18,0.0625,0.125
control45,I0/I1,206,s4,total,7.494005416219807e-15,7,505,y,-7.494005416219807e-15,2.728265013535164e-19,3.6591823321385775e-19,0.0625,0.125
control45,I0/I1,206,s5,matrix,3.845190767355622e-17,7,505,z,-3.845190767355622e-17,-8.712679242192728e-22,4.293067379150214e-22,0.03125,0.0625
control45,I0/I1,206,s5,volume,8.31279489688086e-15,7,505,y,-8.31279489688086e-15,-1.2314421921401888e-19,-3.0895526751100605e-19,0.03125,0.0625
control45,I0/I1,206,s5,passiveFiber,0,0,76,x,0,0.0,0,0.03125,0.0625
control45,I0/I1,206,s5,activePotential,2.3678975447083417e-15,7,505,z,-2.3678975447083417e-15,-6.458190203644912e-20,1.1231656880592022e-18,0.03125,0.0625
control45,I0/I1,206,s5,total,8.03523914072457e-15,7,505,y,-8.03523914072457e-15,-2.3185604382503037e-19,8.042577834179582e-19,0.03125,0.0625
control45,I0/I1,206,s6,matrix,1.8029096282307783e-18,7,505,z,1.8029096282307783e-18,3.502556723423982e-23,-1.9141476362359906e-23,0.015625,0.03125
control45,I0/I1,206,s6,volume,1.968911145233676e-16,7,505,y,1.968911145233676e-16,1.6269261344651187e-21,8.946785505373547e-21,0.015625,0.03125
control45,I0/I1,206,s6,passiveFiber,0,0,76,x,0,0.0,0,0.015625,0.03125
control45,I0/I1,206,s6,activePotential,7.090682208055199e-17,1,92,z,-7.090682208055199e-17,4.375323194848244e-21,-3.525774642946025e-20,0.015625,0.03125
control45,I0/I1,206,s6,total,3.608224830031759e-16,7,505,y,3.608224830031759e-16,9.987548376173644e-21,-2.8269724614612274e-20,0.015625,0.03125
control45,I0/I1,206,s7,matrix,2.3843977465208555e-19,7,505,z,2.3843977465208555e-19,6.287309234414172e-24,-2.3086740143325714e-24,0.0078125,0.015625
control45,I0/I1,206,s7,volume,9.150666335777657e-17,7,505,y,9.150666335777657e-17,7.034030587565317e-22,2.835575139831779e-21,0.0078125,0.015625
control45,I0/I1,206,s7,passiveFiber,0,0,76,x,0,0.0,0,0.0078125,0.015625
control45,I0/I1,206,s7,activePotential,8.72782748850831e-18,1,92,z,-8.72782748850831e-18,6.852530686944779e-22,-6.048344638987738e-21,0.0078125,0.015625
control45,I0/I1,206,s7,total,8.61940727125976e-17,7,505,y,8.61940727125976e-17,2.8866697349193248e-21,-2.329340604949326e-21,0.0078125,0.015625
control45,I0/I1,206,s8,matrix,1.7470054537119944e-20,7,505,z,1.7470054537119944e-20,9.233261883162698e-26,-3.332148463653554e-25,0.00390625,0.0078125
control45,I0/I1,206,s8,volume,4.187730891225261e-18,7,505,y,-4.187730891225261e-18,8.787323980169354e-23,-1.282129949457193e-22,0.00390625,0.0078125
control45,I0/I1,206,s8,passiveFiber,0,0,76,x,0,0.0,0,0.00390625,0.0078125
control45,I0/I1,206,s8,activePotential,2.659683454378503e-19,8,500,z,-2.659683454378503e-19,1.8801504008469016e-23,1.2904017555827232e-22,0.00390625,0.0078125
control45,I0/I1,206,s8,total,2.2090619264392153e-18,7,505,y,-2.2090619264392153e-18,1.2720537838750062e-23,-5.955700410381799e-23,0.00390625,0.0078125
control45,I0/I1,206,s9,matrix,3.1490765919893764e-21,7,505,z,-3.1490765919893764e-21,-8.662400057133276e-26,3.0292258760486853e-26,0.001953125,0.00390625
control45,I0/I1,206,s9,volume,6.725441601199145e-19,7,505,y,-6.725441601199145e-19,-2.2999175051878075e-23,-2.68833699079734e-23,0.001953125,0.00390625
control45,I0/I1,206,s9,passiveFiber,0,0,76,x,0,0.0,0,0.001953125,0.00390625
control45,I0/I1,206,s9,activePotential,2.261577969168982e-19,7,505,z,-2.261577969168982e-19,-4.524324373674886e-24,7.92025436519524e-23,0.001953125,0.00390625
control45,I0/I1,206,s9,total,1.0028870095490916e-18,7,505,y,-1.0028870095490916e-18,-3.453540817707423e-23,4.580512642012391e-23,0.001953125,0.00390625
control45,I0/I1,206,s10,matrix,1.373119816838026e-22,7,505,y,-1.373119816838026e-22,-4.101909885174936e-27,-1.0823171619632282e-27,0.0009765625,0.001953125
control45,I0/I1,206,s10,volume,1.308665903507894e-19,7,505,y,-1.308665903507894e-19,1.2215281397267536e-24,-3.263486010463117e-24,0.0009765625,0.001953125
control45,I0/I1,206,s10,passiveFiber,0,0,76,x,0,0.0,0,0.0009765625,0.001953125
control45,I0/I1,206,s10,activePotential,5.505714157152952e-21,7,505,z,-5.505714157152952e-21,-2.5324282509893918e-26,3.567216391634932e-24,0.0009765625,0.001953125
control45,I0/I1,206,s10,total,1.4399560103323106e-19,7,505,y,-1.4399560103323106e-19,1.6823874432196898e-24,1.2924697071141057e-25,0.0009765625,0.001953125
control45,I0/I1,206,s11,matrix,3.921353091384197e-23,7,505,z,3.921353091384197e-23,1.3063635760510674e-28,-8.290928113872834e-28,0.00048828125,0.0009765625
control45,I0/I1,206,s11,volume,1.6120095777433403e-20,7,505,y,-1.6120095777433403e-20,-5.055223418041234e-25,-4.879073144355749e-25,0.00048828125,0.0009765625
control45,I0/I1,206,s11,passiveFiber,0,0,76,x,0,0.0,0,0.00048828125,0.0009765625
control45,I0/I1,206,s11,activePotential,5.492479267352104e-22,8,500,z,-5.492479267352104e-22,3.7333831489146404e-26,-4.200526548120844e-25,0.00048828125,0.0009765625
control45,I0/I1,206,s11,total,1.3711345833678987e-20,7,505,y,-1.3711345833678987e-20,-2.709642727977968e-25,-6.72084247699335e-25,0.00048828125,0.0009765625
control45,I0/I1,206,s12,matrix,3.416966788182917e-24,7,505,z,3.416966788182917e-24,7.090245116757157e-29,-6.37005180965967e-29,0.000244140625,0.00048828125
control45,I0/I1,206,s12,volume,1.078643518769148e-21,1,92,y,1.078643518769148e-21,-1.4057730365399885e-25,-5.806016262426647e-26,0.000244140625,0.00048828125
control45,I0/I1,206,s12,passiveFiber,0,0,76,x,0,0.0,0,0.000244140625,0.00048828125
control45,I0/I1,206,s12,activePotential,4.284795573024683e-22,7,505,z,-4.284795573024683e-22,-8.320192070338963e-27,9.451184733271898e-26,0.000244140625,0.00048828125
control45,I0/I1,206,s12,total,1.945528800724721e-21,7,505,y,-1.945528800724721e-21,-3.881809969005096e-26,2.2214323091023692e-26,0.000244140625,0.00048828125
control45,I0/I1,206,s13,matrix,3.009232985266764e-24,7,505,z,-3.009232985266764e-24,-6.702053589834018e-29,3.8081027604379937e-29,0.0001220703125,0.000244140625
control45,I0/I1,206,s13,volume,1.4144788474656773e-22,7,505,y,-1.4144788474656773e-22,-9.806535519904858e-27,-8.368236482584493e-27,0.0001220703125,0.000244140625
control45,I0/I1,206,s13,passiveFiber,0,0,76,x,0,0.0,0,0.0001220703125,0.000244140625
control45,I0/I1,206,s13,activePotential,1.4909930541268324e-22,7,505,z,-1.4909930541268324e-22,-3.599836662056937e-27,6.119036269618344e-26,0.0001220703125,0.000244140625
control45,I0/I1,206,s13,total,2.6717933785462794e-22,7,505,y,-2.6717933785462794e-22,-1.3865974019588204e-27,5.215317216597153e-26,0.0001220703125,0.000244140625
control45,I0/I1,206,s14,matrix,2.543287558432542e-26,7,505,x,2.543287558432542e-26,-3.649383617734168e-32,-7.272311470006203e-31,6.103515625e-05,0.0001220703125
control45,I0/I1,206,s14,volume,2.7813948097095556e-23,7,505,y,-2.7813948097095556e-23,-4.0946013775291526e-29,-7.699282434957075e-28,6.103515625e-05,0.0001220703125
control45,I0/I1,206,s14,passiveFiber,0,0,76,x,0,0.0,0,6.103515625e-05,0.0001220703125
control45,I0/I1,206,s14,activePotential,6.268478079503413e-25,8,500,z,-6.268478079503413e-25,2.4708511933695087e-29,-6.310887241768094e-29,6.103515625e-05,0.0001220703125
control45,I0/I1,206,s14,total,2.4401828070314316e-23,7,505,y,-2.4401828070314316e-23,-7.590307387269231e-28,-6.373996114185775e-28,6.103515625e-05,0.0001220703125
control45,I0/I1,206,s15,matrix,2.796038592465354e-26,7,505,z,2.796038592465354e-26,6.281778027171973e-31,-3.415636756370763e-31,3.0517578125e-05,6.103515625e-05
control45,I0/I1,206,s15,volume,3.754624499166477e-24,7,505,y,3.754624499166477e-24,8.030334884642441e-30,1.2464002302491987e-28,3.0517578125e-05,6.103515625e-05
control45,I0/I1,206,s15,passiveFiber,0,0,76,x,0,0.0,0,3.0517578125e-05,6.103515625e-05
control45,I0/I1,206,s15,activePotential,2.1842738050228387e-24,7,505,z,2.1842738050228387e-24,5.59966595039731e-29,-6.9814190112059545e-28,3.0517578125e-05,6.103515625e-05
control45,I0/I1,206,s15,total,3.386270632638957e-24,7,505,y,3.386270632638957e-24,1.7893342352393402e-28,-5.525970641073188e-28,3.0517578125e-05,6.103515625e-05
control45,I0/I1,206,s16,matrix,7.139191192250157e-28,7,505,z,-7.139191192250157e-28,-1.1863539529395275e-32,1.7525962493923846e-32,1.52587890625e-05,3.0517578125e-05
control45,I0/I1,206,s16,volume,5.412216898540318e-25,7,505,y,5.412216898540318e-25,-2.6987250372223e-30,1.1586394545433611e-29,1.52587890625e-05,3.0517578125e-05
control45,I0/I1,206,s16,passiveFiber,0,0,76,x,0,0.0,0,1.52587890625e-05,3.0517578125e-05
control45,I0/I1,206,s16,activePotential,6.987414354085634e-26,7,505,z,-6.987414354085634e-26,8.673847505826202e-32,-8.085824278515371e-30,1.52587890625e-05,3.0517578125e-05
control45,I0/I1,206,s16,total,4.652890945610781e-25,7,505,y,4.652890945610781e-25,9.005676175833096e-30,1.8143800820083272e-29,1.52587890625e-05,3.0517578125e-05
control45,I0/I1,206,s17,matrix,1.5575072497457352e-28,7,505,z,-1.5575072497457352e-28,-3.123194273878353e-33,2.253939888040687e-33,7.62939453125e-06,1.52587890625e-05
control45,I0/I1,206,s17,volume,1.7367561689345796e-26,7,505,y,-1.7367561689345796e-26,2.0829502426951073e-30,-3.9134896469948633e-31,7.62939453125e-06,1.52587890625e-05
control45,I0/I1,206,s17,passiveFiber,0,0,76,x,0,0.0,0,7.62939453125e-06,1.52587890625e-05
control45,I0/I1,206,s17,activePotential,1.125862283931428e-26,7,505,z,-1.125862283931428e-26,-2.1814511739898493e-32,5.5220263365470826e-30,7.62939453125e-06,1.52587890625e-05
control45,I0/I1,206,s17,total,1.3530542246350794e-26,7,505,z,-1.3530542246350794e-26,-4.248297256607571e-31,4.270942244673134e-30,7.62939453125e-06,1.52587890625e-05
control45,I0/I1,206,s18,matrix,6.298561290124016e-30,7,505,y,-6.298561290124016e-30,-2.999721113298876e-34,-1.3316000006114873e-34,3.814697265625e-06,7.62939453125e-06
control45,I0/I1,206,s18,volume,8.948838108827158e-27,7,505,y,-8.948838108827158e-27,-9.143221448717424e-32,-2.750227960584973e-31,3.814697265625e-06,7.62939453125e-06
control45,I0/I1,206,s18,passiveFiber,0,0,76,x,0,0.0,0,3.814697265625e-06,7.62939453125e-06
control45,I0/I1,206,s18,activePotential,5.774461826217806e-28,1,92,z,5.774461826217806e-28,-4.2650975959212167e-32,3.405044141676633e-31,3.814697265625e-06,7.62939453125e-06
control45,I0/I1,206,s18,total,8.860485687442405e-27,7,505,y,-8.860485687442405e-27,-8.728821905826208e-32,1.2402988841853799e-31,3.814697265625e-06,7.62939453125e-06
control45,I0/I1,206,s19,matrix,4.944247353230912e-30,7,505,z,4.944247353230912e-30,1.0664348178186788e-34,-6.74733757371993e-35,1.9073486328125e-06,3.814697265625e-06
control45,I0/I1,206,s19,volume,2.350805497558615e-28,7,505,y,2.350805497558615e-28,1.9270408944420422e-32,2.9851914138002156e-33,1.9073486328125e-06,3.814697265625e-06
control45,I0/I1,206,s19,passiveFiber,0,0,76,x,0,0.0,0,1.9073486328125e-06,3.814697265625e-06
control45,I0/I1,206,s19,activePotential,1.4515040656066617e-28,7,505,z,1.4515040656066617e-28,2.4576214459460105e-33,-5.739271234273963e-32,1.9073486328125e-06,3.814697265625e-06
control45,I0/I1,206,s19,total,4.969823702892374e-28,7,505,y,4.969823702892374e-28,-2.306538370604013e-33,-4.8051952112461535e-32,1.9073486328125e-06,3.814697265625e-06
control45,I0/I1,206,s20,matrix,2.1657082224634467e-31,7,505,z,-2.1657082224634467e-31,-4.8734639496640297e-36,3.6117063929014784e-36,9.5367431640625e-07,1.9073486328125e-06
control45,I0/I1,206,s20,volume,4.220405842932413e-29,7,505,y,4.220405842932413e-29,-1.883167227872785e-33,7.583349156024741e-34,9.5367431640625e-07,1.9073486328125e-06
control45,I0/I1,206,s20,passiveFiber,0,0,76,x,0,0.0,0,9.5367431640625e-07,1.9073486328125e-06
control45,I0/I1,206,s20,activePotential,6.360191048344408e-30,1,92,z,6.360191048344408e-30,-1.0112447557120543e-34,-2.407412430484045e-34,9.5367431640625e-07,1.9073486328125e-06
control45,I0/I1,206,s20,total,1.203012880462043e-29,7,505,y,1.203012880462043e-29,-4.3820329833652215e-34,1.131483842327501e-33,9.5367431640625e-07,1.9073486328125e-06
control45,I0/I1,206,core,matrix,5.438344680463457e-32,7,505,z,5.438344680463457e-32,1.1153190147298252e-36,-7.295411814790822e-37,0,9.5367431640625e-07
control45,I0/I1,206,core,volume,4.733165431326071e-30,7,505,y,4.733165431326071e-30,-4.1715369365967377e-35,-4.513898307157584e-36,0,9.5367431640625e-07
control45,I0/I1,206,core,passiveFiber,0,0,76,x,0,0.0,0,0,9.5367431640625e-07
control45,I0/I1,206,core,activePotential,3.944304526105059e-31,1,92,z,-3.944304526105059e-31,2.4497959513342073e-35,-2.8287096058187527e-34,0,9.5367431640625e-07
control45,I0/I1,206,core,total,2.465190328815662e-30,7,505,y,2.465190328815662e-30,3.6261841453028514e-35,-3.7916745780123706e-34,0,9.5367431640625e-07
control45,I0/I1,246,s1,matrix,1.0341033584992942e-13,4,505,y,-1.0341033584992942e-13,-3.051431229424446e-18,-4.0318768289304696e-19,0.5,1
control45,I0/I1,246,s1,volume,3.802291814736236e-11,4,505,y,-3.802291814736236e-11,-1.1486015791427313e-15,-5.4643789493269423e-17,0.5,1
control45,I0/I1,246,s1,passiveFiber,2.8954616482224083e-13,6,573,z,2.8954616482224083e-13,4.0200986326725174e-18,2.0816681711721685e-16,0.5,1
control45,I0/I1,246,s1,activePotential,0,0,92,x,0,0.0,3.95516952522712e-16,0.5,1
control45,I0/I1,246,s1,total,3.817657301397048e-11,4,505,y,-3.817657301397048e-11,-1.0714737305126268e-15,-1.1796119636642288e-16,0.5,1
control45,I0/I1,246,s2,matrix,7.008282842946301e-16,4,505,z,-7.008282842946301e-16,-5.590559136807577e-21,1.2705494208814505e-20,0.25,0.5
control45,I0/I1,246,s2,volume,1.8118839761882555e-13,4,505,y,-1.8118839761882555e-13,1.585742402283305e-17,1.0354130747236567e-17,0.25,0.5
control45,I0/I1,246,s2,passiveFiber,5.551115123125783e-14,6,573,z,5.551115123125783e-14,-9.822514105667923e-19,3.5561831257524545e-17,0.25,0.5
control45,I0/I1,246,s2,activePotential,0,0,92,x,0,0.0,5.117434254131581e-17,0.25,0.5
control45,I0/I1,246,s2,total,1.7408297026122455e-13,5,500,y,1.7408297026122455e-13,-2.9752786601070325e-17,3.382710778154774e-17,0.25,0.5
control45,I0/I1,246,s3,matrix,1.9233746539892849e-16,4,505,z,-1.9233746539892849e-16,-1.6033763365934185e-20,-8.205631676526035e-21,0.125,0.25
control45,I0/I1,246,s3,volume,5.284661597215745e-14,4,505,y,-5.284661597215745e-14,1.0239595838654039e-18,3.1916201452542037e-18,0.125,0.25
control45,I0/I1,246,s3,passiveFiber,5.218048215738236e-15,4,505,z,-5.218048215738236e-15,3.1101574073608253e-20,4.933119884809045e-18,0.125,0.25
control45,I0/I1,246,s3,activePotential,0,0,92,x,0,0.0,9.215718466126788e-19,0.125,0.25
control45,I0/I1,246,s3,total,5.417888360170764e-14,4,505,y,-5.417888360170764e-14,-2.2251687559547016e-19,3.7947076036992655e-18,0.125,0.25
control45,I0/I1,246,s4,matrix,9.540979117872439e-18,4,505,y,-9.540979117872439e-18,-4.361410012999877e-23,-3.639594695233322e-22,0.0625,0.125
control45,I0/I1,246,s4,volume,2.942091015256665e-15,4,505,y,2.942091015256665e-15,-5.28754106341853e-19,5.929230630780102e-20,0.0625,0.125
control45,I0/I1,246,s4,passiveFiber,9.506284648352903e-16,4,505,z,-9.506284648352903e-16,-2.958644673154807e-21,2.642742795433417e-19,0.0625,0.125
control45,I0/I1,246,s4,activePotential,0,0,92,x,0,0.0,8.673617379884035e-19,0.0625,0.125
control45,I0/I1,246,s4,total,1.6653345369377348e-15,4,505,y,-1.6653345369377348e-15,1.2326583549850281e-19,-6.369687763352339e-19,0.0625,0.125
control45,I0/I1,246,s5,matrix,2.1921212674941293e-18,4,505,z,2.1921212674941293e-18,-1.1164172930852196e-22,1.4889251025954498e-23,0.03125,0.0625
control45,I0/I1,246,s5,volume,1.1310397063368782e-15,4,505,y,-1.1310397063368782e-15,-3.687072038938986e-20,5.166900978251232e-20,0.03125,0.0625
control45,I0/I1,246,s5,passiveFiber,4.779163176316104e-16,4,505,z,-4.779163176316104e-16,-4.261992939734776e-21,3.023907621697852e-19,0.03125,0.0625
control45,I0/I1,246,s5,activePotential,0,0,92,x,0,0.0,6.945670167485263e-20,0.03125,0.0625
control45,I0/I1,246,s5,total,1.3600232051658168e-15,4,505,y,-1.3600232051658168e-15,5.924335129425677e-21,5.319366908757006e-19,0.03125,0.0625
control45,I0/I1,246,s6,matrix,1.7474289701856216e-18,4,505,z,-1.7474289701856216e-18,-4.0451359063108946e-23,9.202384314652433e-24,0.015625,0.03125
control45,I0/I1,246,s6,volume,1.7433970933566911e-16,4,505,y,-1.7433970933566911e-16,-1.5092905090717285e-21,8.060047888716702e-21,0.015625,0.03125
control45,I0/I1,246,s6,passiveFiber,4.651227319962814e-17,4,505,z,-4.651227319962814e-17,-6.811295652852244e-22,1.2176098616780567e-20,0.015625,0.03125
control45,I0/I1,246,s6,activePotential,0,0,92,x,0,0.0,-6.1409888675936775e-21,0.015625,0.03125
control45,I0/I1,246,s6,total,1.4051260155412137e-16,4,505,y,-1.4051260155412137e-16,-1.1670629734910545e-20,1.0587911840678754e-20,0.015625,0.03125
control45,I0/I1,246,s7,matrix,7.112429778975953e-20,4,505,z,7.112429778975953e-20,-1.1249388256555638e-24,-3.360421238496675e-24,0.0078125,0.015625
control45,I0/I1,246,s7,volume,1.919037845299343e-17,4,505,y,1.919037845299343e-17,2.9570762729256255e-22,-6.7994246351858875e-22,0.0078125,0.015625
control45,I0/I1,246,s7,passiveFiber,9.825582188149884e-18,4,505,z,9.825582188149884e-18,1.2612373628708767e-22,-6.551270451419979e-21,0.0078125,0.015625
control45,I0/I1,246,s7,activePotential,0,0,92,x,0,0.0,2.448454613156962e-21,0.0078125,0.015625
control45,I0/I1,246,s7,total,2.677979366039196e-17,4,505,y,2.677979366039196e-17,-8.1234172982703615e-22,-8.020343219314156e-21,0.0078125,0.015625
control45,I0/I1,246,s8,matrix,1.462455322993753e-20,4,505,z,1.462455322993753e-20,-2.979001738311936e-26,-4.475176360882591e-25,0.00390625,0.0078125
control45,I0/I1,246,s8,volume,1.565316886525947e-18,0,92,y,1.565316886525947e-18,-2.1897012991626137e-22,1.1994118882018901e-22,0.00390625,0.0078125
control45,I0/I1,246,s8,passiveFiber,7.606355866343617e-19,4,505,z,-7.606355866343617e-19,-2.0930649483469634e-23,4.433688083284228e-22,0.00390625,0.0078125
control45,I0/I1,246,s8,activePotential,0,0,92,x,0,0.0,2.5477162866633252e-22,0.00390625,0.0078125
control45,I0/I1,246,s8,total,4.2825985813177425e-18,4,505,y,-4.2825985813177425e-18,-1.8258937177515e-23,4.599124205794834e-22,0.00390625,0.0078125
control45,I0/I1,246,s9,matrix,6.6505321249263425e-22,4,505,z,-6.6505321249263425e-22,1.4349678662267356e-26,-1.7165613297609217e-26,0.001953125,0.00390625
control45,I0/I1,246,s9,volume,1.4230153513872246e-19,4,505,y,1.4230153513872246e-19,5.925320835613036e-24,-4.8596860987490376e-24,0.001953125,0.00390625
control45,I0/I1,246,s9,passiveFiber,1.401839527705867e-19,4,505,z,1.401839527705867e-19,2.0505546360517745e-24,-7.940933880509066e-23,0.001953125,0.00390625
control45,I0/I1,246,s9,activePotential,0,0,92,x,0,0.0,2.895132143935597e-23,0.001953125,0.00390625
control45,I0/I1,246,s9,total,1.4886604047994328e-19,4,505,z,1.4886604047994328e-19,4.810335353297093e-24,-9.802090258753378e-23,0.001953125,0.00390625
control45,I0/I1,246,s10,matrix,1.2779940463944278e-22,4,505,z,-1.2779940463944278e-22,-1.1813391989051894e-27,4.594325912007173e-27,0.0009765625,0.001953125
control45,I0/I1,246,s10,volume,2.0540548970916783e-20,4,505,y,-2.0540548970916783e-20,-1.462283839888415e-24,9.919705002100762e-25,0.0009765625,0.001953125
control45,I0/I1,246,s10,passiveFiber,7.22624983126325e-21,4,505,z,-7.22624983126325e-21,-1.4993666783251905e-25,5.816113682013476e-24,0.0009765625,0.001953125
control45,I0/I1,246,s10,activePotential,0,0,92,x,0,0.0,4.420246398330242e-24,0.0009765625,0.001953125
control45,I0/I1,246,s10,total,2.456395547037471e-20,4,505,y,-2.456395547037471e-20,-6.360553522789731e-25,9.150685526367869e-24,0.0009765625,0.001953125
control45,I0/I1,246,s11,matrix,5.734688090465287e-23,4,505,z,-5.734688090465287e-23,-3.4522662237102467e-28,1.8554008490798198e-27,0.00048828125,0.0009765625
control45,I0/I1,246,s11,volume,7.411538288475128e-22,4,505,y,7.411538288475128e-22,-5.327612617752791e-26,-9.572353768313846e-26,0.00048828125,0.0009765625
control45,I0/I1,246,s11,passiveFiber,1.0984958534704208e-21,4,505,z,-1.0984958534704208e-21,-1.5316228322074092e-26,6.203854594147708e-25,0.00048828125,0.0009765625
control45,I0/I1,246,s11,activePotential,0,0,92,x,0,0.0,2.714186384939622e-25,0.00048828125,0.0009765625
control45,I0/I1,246,s11,total,1.5352472168984194e-21,4,505,y,1.5352472168984194e-21,-1.6005537874356726e-25,6.591595506281939e-25,0.00048828125,0.0009765625
control45,I0/I1,246,s12,matrix,6.3573353718675076e-24,4,505,z,-6.3573353718675076e-24,-1.050522621979417e-28,4.9698237028923744e-29,0.000244140625,0.00048828125
control45,I0/I1,246,s12,volume,1.015777792215118e-21,4,505,y,1.015777792215118e-21,-3.8929960928780424e-26,-1.519661647817757e-26,0.000244140625,0.00048828125
control45,I0/I1,246,s12,passiveFiber,2.2333876538931747e-22,4,505,z,2.2333876538931747e-22,4.675596213676551e-27,-1.962938367679548e-25,0.000244140625,0.00048828125
control45,I0/I1,246,s12,activePotential,0,0,92,x,0,0.0,1.2116903504194741e-27,0.000244140625,0.00048828125
control45,I0/I1,246,s12,total,3.5403330217269584e-22,4,505,y,3.5403330217269584e-22,-1.543470038414528e-26,-2.4476145078473377e-25,0.000244140625,0.00048828125
control45,I0/I1,246,s13,matrix,2.5536374135090417e-25,4,505,z,-2.5536374135090417e-25,-1.1004676518991093e-29,-5.2755073036655164e-30,0.0001220703125,0.000244140625
control45,I0/I1,246,s13,volume,2.8641128709648583e-23,5,500,y,2.8641128709648583e-23,-1.9698491963732646e-27,1.274799222837155e-27,0.0001220703125,0.000244140625
control45,I0/I1,246,s13,passiveFiber,1.9231949241857893e-23,4,505,z,1.9231949241857893e-23,-3.233389270598059e-28,-1.1410084133116715e-26,0.0001220703125,0.000244140625
control45,I0/I1,246,s13,activePotential,0,0,92,x,0,0.0,5.20017108721691e-27,0.0001220703125,0.000244140625
control45,I0/I1,246,s13,total,4.446095792472524e-23,0,92,y,4.446095792472524e-23,-6.120825816530052e-28,-1.1813980916589873e-26,0.0001220703125,0.000244140625
control45,I0/I1,246,s14,matrix,1.5950136414844682e-25,4,505,z,1.5950136414844682e-25,3.363029799036842e-30,-2.588449845256445e-30,6.103515625e-05,0.0001220703125
control45,I0/I1,246,s14,volume,2.6366382025127757e-24,4,505,y,-2.6366382025127757e-24,2.091497440544806e-28,0.0,6.103515625e-05,0.0001220703125
control45,I0/I1,246,s14,passiveFiber,7.884065213396045e-25,6,573,z,7.884065213396045e-25,-9.810183558546707e-30,2.461246024289557e-28,6.103515625e-05,0.0001220703125
control45,I0/I1,246,s14,activePotential,0,0,92,x,0,0.0,2.0510383535746307e-27,6.103515625e-05,0.0001220703125
control45,I0/I1,246,s14,total,8.892191584945048e-24,4,505,y,-8.892191584945048e-24,9.74910218123143e-28,1.4136387421560532e-27,6.103515625e-05,0.0001220703125
control45,I0/I1,246,s15,matrix,1.0367210016414537e-26,4,505,z,1.0367210016414537e-26,-2.935573902006781e-32,-5.007417855406813e-31,3.0517578125e-05,6.103515625e-05
control45,I0/I1,246,s15,volume,5.880737167369181e-25,4,505,y,-5.880737167369181e-25,-1.3659907174682137e-29,2.632823271175127e-29,3.0517578125e-05,6.103515625e-05
control45,I0/I1,246,s15,passiveFiber,5.573775611929581e-25,4,505,z,5.573775611929581e-25,2.589350567309247e-30,-3.131777793727417e-28,3.0517578125e-05,6.103515625e-05
control45,I0/I1,246,s15,activePotential,0,0,92,x,0,0.0,8.598583866909029e-29,3.0517578125e-05,6.103515625e-05
control45,I0/I1,246,s15,total,4.806371723330581e-25,4,505,z,4.806371723330581e-25,3.5936960114842135e-29,-3.2343297114061484e-28,3.0517578125e-05,6.103515625e-05
control45,I0/I1,246,s16,matrix,1.3678848096532345e-27,4,505,z,1.3678848096532345e-27,2.82160838507741e-32,-1.608151503563342e-32,1.52587890625e-05,3.0517578125e-05
control45,I0/I1,246,s16,volume,3.150394911090633e-26,0,92,y,3.150394911090633e-26,-4.534493673250938e-30,-2.711709361697228e-30,1.52587890625e-05,3.0517578125e-05
control45,I0/I1,246,s16,passiveFiber,8.38085825706803e-27,4,505,z,8.38085825706803e-27,-4.741374530166602e-32,-2.267975102510409e-30,1.52587890625e-05,3.0517578125e-05
control45,I0/I1,246,s16,activePotential,0,0,92,x,0,0.0,2.6426840324903895e-29,1.52587890625e-05,3.0517578125e-05
control45,I0/I1,246,s16,total,1.454028420503369e-25,4,505,y,1.454028420503369e-25,-1.2135797252844255e-29,-3.1554436208840472e-30,1.52587890625e-05,3.0517578125e-05
control45,I0/I1,246,s17,matrix,2.0436427825881837e-28,4,505,z,-2.0436427825881837e-28,-3.783886515153323e-33,4.261120001956759e-33,7.62939453125e-06,1.52587890625e-05
control45,I0/I1,246,s17,volume,3.2311742677852644e-27,4,505,y,-3.2311742677852644e-27,5.759337384797088e-31,-8.320017359752859e-32,7.62939453125e-06,1.52587890625e-05
control45,I0/I1,246,s17,passiveFiber,2.54959844567431e-27,4,505,z,2.54959844567431e-27,-6.224343013754562e-32,-1.4298103907130839e-30,7.62939453125e-06,1.52587890625e-05
control45,I0/I1,246,s17,activePotential,0,0,92,x,0,0.0,-9.860761315262648e-32,7.62939453125e-06,1.52587890625e-05
control45,I0/I1,246,s17,total,4.0389678347315804e-27,0,92,y,4.0389678347315804e-27,-5.969425276964036e-31,-3.377310750477457e-30,7.62939453125e-06,1.52587890625e-05
control45,I0/I1,246,s18,matrix,5.374114916818143e-30,4,505,y,-5.374114916818143e-30,-5.802584084307523e-35,-2.6782463289135e-34,3.814697265625e-06,7.62939453125e-06
control45,I0/I1,246,s18,volume,5.477850125854706e-27,4,505,y,-5.477850125854706e-27,1.8756488786916869e-31,1.249928533907316e-31,3.814697265625e-06,7.62939453125e-06
control45,I0/I1,246,s18,passiveFiber,8.914128228997433e-28,4,505,z,-8.914128228997433e-28,-6.820617424012107e-33,5.284751767398575e-31,3.814697265625e-06,7.62939453125e-06
control45,I0/I1,246,s18,activePotential,0,0,92,x,0,0.0,2.326523372819781e-31,3.814697265625e-06,7.62939453125e-06
control45,I0/I1,246,s18,total,2.8398992587956425e-27,4,505,y,-2.8398992587956425e-27,-1.7283885541777698e-31,6.964162678904245e-31,3.814697265625e-06,7.62939453125e-06
control45,I0/I1,246,s19,matrix,1.0600318413907346e-30,4,505,y,1.0600318413907346e-30,-4.980676503103645e-35,4.325819211026018e-35,1.9073486328125e-06,3.814697265625e-06
control45,I0/I1,246,s19,volume,1.4830585018155022e-28,4,505,y,-1.4830585018155022e-28,1.9961796584484808e-32,3.0814879110195774e-33,1.9073486328125e-06,3.814697265625e-06
control45,I0/I1,246,s19,passiveFiber,6.567267035964923e-29,4,505,z,-6.567267035964923e-29,-1.704233633721416e-33,6.201494420926899e-32,1.9073486328125e-06,3.814697265625e-06
control45,I0/I1,246,s19,activePotential,0,0,92,x,0,0.0,4.140749380432557e-32,1.9073486328125e-06,3.814697265625e-06
control45,I0/I1,246,s19,total,7.651950780643815e-29,4,505,z,-7.651950780643815e-29,2.483282220511674e-33,3.274080905458301e-32,1.9073486328125e-06,3.814697265625e-06
control45,I0/I1,246,s20,matrix,1.1199282626611776e-31,4,505,z,1.1199282626611776e-31,1.5448183945055762e-36,-2.350988701644575e-38,9.5367431640625e-07,1.9073486328125e-06
control45,I0/I1,246,s20,volume,2.253183960537515e-29,5,500,y,-2.253183960537515e-29,1.5456141808318558e-33,-3.009265538105056e-34,9.5367431640625e-07,1.9073486328125e-06
control45,I0/I1,246,s20,passiveFiber,1.232595164407831e-30,4,505,z,1.232595164407831e-30,-3.957663463211767e-35,4.81482486096809e-34,9.5367431640625e-07,1.9073486328125e-06
control45,I0/I1,246,s20,activePotential,0,0,92,x,0,0.0,4.044452883213195e-33,9.5367431640625e-07,1.9073486328125e-06
control45,I0/I1,246,s20,total,1.7946585593778019e-29,4,505,y,1.7946585593778019e-29,3.9602242779627555e-34,-9.62964972193618e-34,9.5367431640625e-07,1.9073486328125e-06
control45,I0/I1,246,core,matrix,5.92825311006696e-32,4,505,z,5.92825311006696e-32,1.4460179102503686e-36,2.5567002130384753e-37,0,9.5367431640625e-07
control45,I0/I1,246,core,volume,1.232595164407831e-30,4,505,y,1.232595164407831e-30,7.06465320781393e-35,-1.3955468932962197e-34,0,9.5367431640625e-07
control45,I0/I1,246,core,passiveFiber,2.3141974211757026e-30,4,505,z,-2.3141974211757026e-30,-1.865514767180174e-35,1.558799548738419e-33,0,9.5367431640625e-07
control45,I0/I1,246,core,activePotential,0,0,92,x,0,0.0,4.2129717533470784e-34,0,9.5367431640625e-07
control45,I0/I1,246,core,total,2.033782021272921e-30,4,505,z,-2.033782021272921e-30,7.788616353250165e-35,1.6250033905767303e-33,0,9.5367431640625e-07
control45,I0/I1,247,s1,matrix,1.3599676940145855e-12,4,576,y,-1.3599676940145855e-12,-8.611944573825539e-17,-5.603969979034451e-18,0.5,1
control45,I0/I1,247,s1,volume,4.945892584373723e-10,4,576,y,-4.945892584373723e-10,-3.1314951336447245e-14,-2.0148813173470614e-15,0.5,1
control45,I0/I1,247,s1,passiveFiber,3.5482727867020003e-13,7,577,z,3.5482727867020003e-13,-1.0463493194730358e-17,-5.880712583561376e-16,0.5,1
control45,I0/I1,247,s1,activePotential,0,0,92,x,0,0.0,-6.591949208711867e-16,0.5,1
control45,I0/I1,247,s1,total,4.958486954365071e-10,4,576,y,-4.958486954365071e-10,-3.143664125899095e-14,-2.040034807748725e-15,0.5,1
control45,I0/I1,247,s2,matrix,2.181414771040835e-15,4,576,y,-2.181414771040835e-15,-1.238770496639498e-19,-2.922263668027336e-20,0.25,0.5
control45,I0/I1,247,s2,volume,7.345235530920036e-13,4,576,y,-7.345235530920036e-13,-4.725247215099567e-17,-1.3660947373317356e-17,0.25,0.5
control45,I0/I1,247,s2,passiveFiber,6.439293542825908e-14,5,505,z,6.439293542825908e-14,2.1643768438349072e-19,-5.637851296924623e-17,0.25,0.5
control45,I0/I1,247,s2,activePotential,0,0,92,x,0,0.0,-7.502679033599691e-17,0.25,0.5
control45,I0/I1,247,s2,total,7.052136652418994e-13,4,576,y,-7.052136652418994e-13,-3.714661177504708e-17,-9.71445146547012e-17,0.25,0.5
control45,I0/I1,247,s3,matrix,1.2365325777197178e-16,5,505,z,-1.2365325777197178e-16,-1.1249126328322686e-20,-5.029258124322408e-21,0.125,0.25
control45,I0/I1,247,s3,volume,3.7969627442180354e-14,5,505,y,-3.7969627442180354e-14,1.0371905682083888e-19,2.3784685158900754e-18,0.125,0.25
control45,I0/I1,247,s3,passiveFiber,2.6367796834847468e-15,5,505,z,2.6367796834847468e-15,8.736614084872747e-20,-2.6291902682773483e-18,0.125,0.25
control45,I0/I1,247,s3,activePotential,0,0,92,x,0,0.0,-1.431146867680866e-17,0.125,0.25
control45,I0/I1,247,s3,total,2.1649348980190553e-14,6,573,y,2.1649348980190553e-14,-1.4486846018952681e-18,-3.144186300207963e-18,0.125,0.25
control45,I0/I1,247,s4,matrix,9.493545272826198e-18,5,505,z,9.493545272826198e-18,-5.126677748038322e-22,-7.411538288475128e-22,0.0625,0.125
control45,I0/I1,247,s4,volume,2.2620794126737565e-15,4,576,y,-2.2620794126737565e-15,-1.5929903522098336e-19,1.3637230450794235e-19,0.0625,0.125
control45,I0/I1,247,s4,passiveFiber,1.2247147740396258e-15,5,505,z,-1.2247147740396258e-15,-5.150748354936606e-21,5.488773498207866e-19,0.0625,0.125
control45,I0/I1,247,s4,activePotential,0,0,92,x,0,0.0,-9.893344823930228e-19,0.0625,0.125
control45,I0/I1,247,s4,total,1.096345236817342e-15,6,573,y,1.096345236817342e-15,-1.7614575895379305e-19,7.589415207398531e-19,0.0625,0.125
control45,I0/I1,247,s5,matrix,4.180107594699972e-18,5,505,z,-4.180107594699972e-18,-1.2023958484786834e-22,1.0091603473146938e-22,0.03125,0.0625
control45,I0/I1,247,s5,volume,2.0816681711721685e-16,6,573,y,2.0816681711721685e-16,-1.768564743700289e-20,8.311510794932822e-21,0.03125,0.0625
control45,I0/I1,247,s5,passiveFiber,5.0306980803327406e-17,5,505,z,5.0306980803327406e-17,-2.5148931121126545e-21,3.3881317890172014e-20,0.03125,0.0625
control45,I0/I1,247,s5,activePotential,0,0,92,x,0,0.0,-1.2790197503539935e-19,0.03125,0.0625
control45,I0/I1,247,s5,total,3.434752482434078e-16,5,505,y,-3.434752482434078e-16,-2.0019442316039636e-20,5.082197683525802e-20,0.03125,0.0625
control45,I0/I1,247,s6,matrix,1.1153306332971e-18,5,505,z,-1.1153306332971e-18,-3.194679896024063e-23,2.0472720160687435e-23,0.015625,0.03125
control45,I0/I1,247,s6,volume,1.1319070680748666e-16,5,505,y,-1.1319070680748666e-16,-5.401448669104971e-21,4.59250676089441e-21,0.015625,0.03125
control45,I0/I1,247,s6,passiveFiber,4.83554168928535e-17,5,505,z,-4.83554168928535e-17,-1.0067695688670784e-21,2.9010878443459787e-20,0.015625,0.03125
control45,I0/I1,247,s6,activePotential,0,0,92,x,0,0.0,-2.9434394917086937e-20,0.015625,0.03125
control45,I0/I1,247,s6,total,7.45931094670027e-17,6,573,y,7.45931094670027e-17,-1.1170049999780456e-20,1.7787691892340307e-20,0.015625,0.03125
control45,I0/I1,247,s7,matrix,1.1011428314305904e-19,5,505,z,-1.1011428314305904e-19,-1.4830251432542108e-24,2.3781442610899546e-24,0.0078125,0.015625
control45,I0/I1,247,s7,volume,3.469446951953614e-18,5,505,y,3.469446951953614e-18,-1.0279105229436985e-22,-1.1001502146955268e-22,0.0078125,0.015625
control45,I0/I1,247,s7,passiveFiber,8.538092108323347e-19,5,505,z,-8.538092108323347e-19,7.20078669578431e-23,-3.771943593241806e-22,0.0078125,0.015625
control45,I0/I1,247,s7,activePotential,0,0,92,x,0,0.0,-3.321957340012959e-21,0.0078125,0.015625
control45,I0/I1,247,s7,total,4.30970363562988e-18,0,92,y,4.30970363562988e-18,-3.999087866555975e-22,-1.7999450129153882e-21,0.0078125,0.015625
control45,I0/I1,247,s8,matrix,1.0396005938566452e-20,5,505,z,1.0396005938566452e-20,1.102469398703202e-25,-2.714186384939622e-25,0.00390625,0.0078125
control45,I0/I1,247,s8,volume,8.131516293641283e-19,0,92,y,-8.131516293641283e-19,1.0190912773755036e-22,-2.7090165061111656e-23,0.00390625,0.0078125
control45,I0/I1,247,s8,passiveFiber,5.488773498207866e-19,5,505,z,5.488773498207866e-19,5.5572035612630475e-24,-1.4310224597167379e-22,0.00390625,0.0078125
control45,I0/I1,247,s8,activePotential,0,0,92,x,0,0.0,-1.224227306578481e-22,0.00390625,0.0078125
control45,I0/I1,247,s8,total,4.0996394647108136e-19,6,573,y,-4.0996394647108136e-19,2.785129906525275e-23,-4.963083675318166e-23,0.00390625,0.0078125
control45,I0/I1,247,s9,matrix,4.814191165058621e-22,5,505,y,4.814191165058621e-22,-2.031699868061555e-26,-7.472090494253424e-27,0.001953125,0.00390625
control45,I0/I1,247,s9,volume,8.555032767268433e-20,5,505,y,8.555032767268433e-20,2.9316606227176435e-24,-4.704589733895345e-24,0.001953125,0.00390625
control45,I0/I1,247,s9,passiveFiber,1.9269999550035333e-20,5,505,z,1.9269999550035333e-20,9.338355112927299e-25,-2.4608623223452573e-23,0.001953125,0.00390625
control45,I0/I1,247,s9,activePotential,0,0,92,x,0,0.0,-4.1359030627651384e-23,0.001953125,0.00390625
control45,I0/I1,247,s9,total,9.529120656610879e-20,6,573,y,-9.529120656610879e-20,1.0660594747955208e-23,-6.452008777913616e-23,0.001953125,0.00390625
control45,I0/I1,247,s10,matrix,7.677270060257788e-23,5,505,z,-7.677270060257788e-23,-7.603413357840263e-27,-2.6253290925755273e-27,0.0009765625,0.001953125
control45,I0/I1,247,s10,volume,6.03510974918689e-21,5,505,y,-6.03510974918689e-21,6.691111994325546e-25,2.1002632740604218e-26,0.0009765625,0.001953125
control45,I0/I1,247,s10,passiveFiber,1.4478969442128196e-20,5,505,z,1.4478969442128196e-20,2.227824994806929e-25,-8.853417493731624e-24,0.0009765625,0.001953125
control45,I0/I1,247,s10,activePotential,0,0,92,x,0,0.0,-5.350824587452398e-24,0.0009765625,0.001953125
control45,I0/I1,247,s10,total,1.5167183711772315e-20,5,505,z,1.5167183711772315e-20,2.5312157314298897e-25,-9.719372197498075e-24,0.0009765625,0.001953125
control45,I0/I1,247,s11,matrix,1.3745415335158515e-23,5,505,z,-1.3745415335158515e-23,-3.158347218972712e-28,-4.733165431326071e-29,0.00048828125,0.0009765625
control45,I0/I1,247,s11,volume,1.2176098616780567e-21,5,505,y,-1.2176098616780567e-21,-2.4491793190661062e-26,7.088388549953924e-26,0.00048828125,0.0009765625
control45,I0/I1,247,s11,passiveFiber,5.327043144841498e-22,5,505,z,5.327043144841498e-22,1.1396612681515575e-26,-3.021147940379222e-25,0.00048828125,0.0009765625
control45,I0/I1,247,s11,activePotential,0,0,92,x,0,0.0,-6.785465962349055e-25,0.00048828125,0.0009765625
control45,I0/I1,247,s11,total,1.8330322374175093e-21,4,576,y,-1.8330322374175093e-21,-1.348610510862608e-25,-1.2278462217584005e-25,0.00048828125,0.0009765625
control45,I0/I1,247,s12,matrix,2.576053684991802e-24,5,505,z,-2.576053684991802e-24,-1.6122135412359032e-28,-7.494178599599612e-30,0.000244140625,0.00048828125
control45,I0/I1,247,s12,volume,4.317882797526804e-22,5,505,y,-4.317882797526804e-22,-3.230600387033297e-26,2.6177560278854056e-26,0.000244140625,0.00048828125
control45,I0/I1,247,s12,passiveFiber,1.1539169545114736e-22,5,505,z,-1.1539169545114736e-22,-1.5529193937143952e-27,6.15942594796566e-26,0.000244140625,0.00048828125
control45,I0/I1,247,s12,activePotential,0,0,92,x,0,0.0,-1.1470668650637688e-25,0.000244140625,0.00048828125
control45,I0/I1,247,s12,total,6.005331247134981e-22,5,505,y,-6.005331247134981e-22,-1.5821253180818988e-26,6.381569178875897e-26,0.000244140625,0.00048828125
control45,I0/I1,247,s13,matrix,6.341179500528581e-26,4,576,y,-6.341179500528581e-26,-3.1057676694950337e-30,-5.620633949699709e-30,0.0001220703125,0.000244140625
control45,I0/I1,247,s13,volume,3.205324873642982e-23,0,92,y,3.205324873642982e-23,-4.2311221528026244e-27,7.9832723608366395e-28,0.0001220703125,0.000244140625
control45,I0/I1,247,s13,passiveFiber,1.075334796318936e-23,5,505,z,-1.075334796318936e-23,-1.8195189701125247e-29,2.473867798773093e-27,0.0001220703125,0.000244140625
control45,I0/I1,247,s13,activePotential,0,0,92,x,0,0.0,-1.0501316370302109e-26,0.0001220703125,0.000244140625
control45,I0/I1,247,s13,total,2.140329834980959e-23,4,576,y,-2.140329834980959e-23,-1.3324129107069897e-27,4.0389678347315804e-27,0.0001220703125,0.000244140625
control45,I0/I1,247,s14,matrix,4.47820558675864e-26,5,505,z,4.47820558675864e-26,1.4725075150921055e-30,3.5745259767827097e-31,6.103515625e-05,0.0001220703125
control45,I0/I1,247,s14,volume,1.0985992510469899e-24,6,573,y,-1.0985992510469899e-24,3.2298614260546037e-29,-9.545216953174243e-29,6.103515625e-05,0.0001220703125
control45,I0/I1,247,s14,passiveFiber,2.2941337301275377e-24,5,505,z,-2.2941337301275377e-24,-2.4584313807882174e-29,1.407327854914285e-27,6.103515625e-05,0.0001220703125
control45,I0/I1,247,s14,activePotential,0,0,92,x,0,0.0,-4.733165431326071e-28,6.103515625e-05,0.0001220703125
control45,I0/I1,247,s14,total,3.593065785777214e-24,5,505,y,3.593065785777214e-24,-1.351985656227708e-28,2.0447274663328626e-27,6.103515625e-05,0.0001220703125
control45,I0/I1,247,s15,matrix,2.265608519794746e-27,5,505,y,2.265608519794746e-27,1.0304077541474748e-31,3.158525108795067e-32,3.0517578125e-05,6.103515625e-05
control45,I0/I1,247,s15,volume,3.8289415073255383e-25,4,576,y,3.8289415073255383e-25,6.602661185546076e-29,-2.7659435489311726e-29,3.0517578125e-05,6.103515625e-05
control45,I0/I1,247,s15,passiveFiber,3.1503949110906327e-25,5,505,z,3.1503949110906327e-25,-3.885657872644658e-30,-9.229672591085838e-29,3.0517578125e-05,6.103515625e-05
control45,I0/I1,247,s15,activePotential,0,0,92,x,0,0.0,-1.1911799668837278e-28,3.0517578125e-05,6.103515625e-05
control45,I0/I1,247,s15,total,4.814449659000044e-25,0,92,y,-4.814449659000044e-25,5.284744683798769e-29,-1.0255191767873153e-28,3.0517578125e-05,6.103515625e-05
control45,I0/I1,247,s16,matrix,5.687687126643495e-28,5,505,z,5.687687126643495e-28,1.3443842664777288e-32,-2.8888949165808538e-34,1.52587890625e-05,3.0517578125e-05
control45,I0/I1,247,s16,volume,1.280352803609911e-25,5,505,y,1.280352803609911e-25,1.0027638118265912e-29,-5.5528412156572784e-30,1.52587890625e-05,3.0517578125e-05
control45,I0/I1,247,s16,passiveFiber,5.402119478953489e-26,5,505,z,5.402119478953489e-26,-6.54229966484619e-32,-2.3123485284290909e-29,1.52587890625e-05,3.0517578125e-05
control45,I0/I1,247,s16,activePotential,0,0,92,x,0,0.0,-8.184431891667997e-30,1.52587890625e-05,3.0517578125e-05
control45,I0/I1,247,s16,total,8.219299543678766e-26,4,576,y,8.219299543678766e-26,1.1001336190688168e-29,-2.208810534618833e-29,1.52587890625e-05,3.0517578125e-05
control45,I0/I1,247,s17,matrix,8.67746995743113e-29,5,505,y,-8.67746995743113e-29,-3.0810032819015727e-33,-6.018531076210112e-33,7.62939453125e-06,1.52587890625e-05
control45,I0/I1,247,s17,volume,1.3025671267009347e-26,6,573,y,1.3025671267009347e-26,-1.0412828866486803e-30,8.058090887316195e-31,7.62939453125e-06,1.52587890625e-05
control45,I0/I1,247,s17,passiveFiber,3.142821846400511e-27,5,505,z,3.142821846400511e-27,2.543930729857077e-32,-1.633188592840376e-30,7.62939453125e-06,1.52587890625e-05
control45,I0/I1,247,s17,activePotential,0,0,92,x,0,0.0,-2.8596207814261678e-30,7.62939453125e-06,1.52587890625e-05
control45,I0/I1,247,s17,total,1.3530542246350794e-26,5,505,y,-1.3530542246350794e-26,-5.210484055100829e-31,-1.7009813268828067e-30,7.62939453125e-06,1.52587890625e-05
control45,I0/I1,247,s18,matrix,2.2556491508663306e-30,5,505,z,-2.2556491508663306e-30,1.841788536951925e-36,-7.52316384526264e-35,3.814697265625e-06,7.62939453125e-06
control45,I0/I1,247,s18,volume,1.2558665611118508e-27,5,505,y,1.2558665611118508e-27,-2.693444893066486e-32,-3.649637244613812e-32,3.814697265625e-06,7.62939453125e-06
control45,I0/I1,247,s18,passiveFiber,7.683505216852655e-28,5,505,z,7.683505216852655e-28,1.84919057488765e-32,-4.853343459855834e-31,3.814697265625e-06,7.62939453125e-06
control45,I0/I1,247,s18,activePotential,0,0,92,x,0,0.0,-2.9274135154685985e-31,3.814697265625e-06,7.62939453125e-06
control45,I0/I1,247,s18,total,1.1485814780017932e-27,5,505,y,1.1485814780017932e-27,4.8124204396378607e-33,-5.300159206953673e-31,3.814697265625e-06,7.62939453125e-06
control45,I0/I1,247,s19,matrix,1.5896625760972245e-30,5,505,z,-1.5896625760972245e-30,-2.924350108977607e-35,6.131378533889052e-35,1.9073486328125e-06,3.814697265625e-06
control45,I0/I1,247,s19,volume,1.262177448353619e-28,5,505,y,-1.262177448353619e-28,-3.0818101713503466e-33,1.0472244072605595e-33,1.9073486328125e-06,3.814697265625e-06
control45,I0/I1,247,s19,passiveFiber,7.158912714880682e-29,5,505,z,-7.158912714880682e-29,-9.230954130829248e-34,3.745933741833174e-32,1.9073486328125e-06,3.814697265625e-06
control45,I0/I1,247,s19,activePotential,0,0,92,x,0,0.0,-3.4666738998970245e-32,1.9073486328125e-06,3.814697265625e-06
control45,I0/I1,247,s19,total,6.646153126487024e-29,5,505,z,-6.646153126487024e-29,-6.152558665508074e-33,4.5451946687538766e-32,1.9073486328125e-06,3.814697265625e-06
control45,I0/I1,247,s20,matrix,5.768160183439771e-32,5,505,z,5.768160183439771e-32,9.570985267206693e-37,-4.70197740328915e-36,9.5367431640625e-07,1.9073486328125e-06
control45,I0/I1,247,s20,volume,1.4051584874249273e-29,4,576,y,1.4051584874249273e-29,-1.0605919649743737e-33,-4.2129717533470784e-35,9.5367431640625e-07,1.9073486328125e-06
control45,I0/I1,247,s20,passiveFiber,1.1537090738857298e-29,5,505,z,1.1537090738857298e-29,2.669369940446556e-34,-6.945384861946469e-33,9.5367431640625e-07,1.9073486328125e-06
control45,I0/I1,247,s20,activePotential,0,0,92,x,0,0.0,-4.1648235047373975e-33,9.5367431640625e-07,1.9073486328125e-06
control45,I0/I1,247,s20,total,1.225199593421384e-29,5,505,z,1.225199593421384e-29,6.07538556343819e-34,-6.259272319258517e-33,9.5367431640625e-07,1.9073486328125e-06
control45,I0/I1,247,core,matrix,3.922878555473751e-32,5,505,z,3.922878555473751e-32,5.075269009341085e-37,-7.082353463704282e-37,0,9.5367431640625e-07
control45,I0/I1,247,core,volume,1.996804166340686e-30,5,505,y,1.996804166340686e-30,1.808648250985708e-34,-1.0795740117951888e-34,0,9.5367431640625e-07
control45,I0/I1,247,core,passiveFiber,9.860761315262648e-31,5,505,z,9.860761315262648e-31,1.3386339884014478e-35,-4.7546395502059885e-34,0,9.5367431640625e-07
control45,I0/I1,247,core,activePotential,0,0,92,x,0,0.0,4.2129717533470784e-35,0,9.5367431640625e-07
control45,I0/I1,247,core,total,1.7749370367472766e-30,5,505,y,1.7749370367472766e-30,1.6539435535471e-34,-4.694454239443887e-34,0,9.5367431640625e-07
control45,I0/I1,248,s1,matrix,4.6669751396777315e-12,5,576,y,-4.6669751396777315e-12,-1.1955220031327011e-16,-2.2036409155767878e-17,0.5,1
control45,I0/I1,248,s1,volume,1.6943886294029653e-09,5,576,y,-1.6943886294029653e-09,-4.353029472586135e-14,-7.834011217511261e-15,0.5,1
control45,I0/I1,248,s1,passiveFiber,1.4455103780619538e-13,4,566,z,1.4455103780619538e-13,-2.8511110295802446e-18,1.0408340855860843e-17,0.5,1
control45,I0/I1,248,s1,activePotential,0,0,92,x,0,0.0,-3.2959746043559335e-15,0.5,1
control45,I0/I1,248,s1,total,1.699699936352772e-09,5,576,y,-1.699699936352772e-09,-4.367417890258419e-14,-7.417677583276827e-15,0.5,1
control45,I0/I1,248,s2,matrix,8.791578576250458e-15,5,576,y,-8.791578576250458e-15,-2.195775408598881e-19,-7.115076756936123e-20,0.25,0.5
control45,I0/I1,248,s2,volume,3.2311930908690556e-12,5,576,y,-3.2311930908690556e-12,-8.061392631944901e-17,-1.9081958235744878e-17,0.25,0.5
control45,I0/I1,248,s2,passiveFiber,3.597122599785507e-14,4,566,z,-3.597122599785507e-14,8.498856729219081e-20,-6.288372600415926e-17,0.25,0.5
control45,I0/I1,248,s2,activePotential,0,0,92,x,0,0.0,-3.465110143263672e-16,0.25,0.5
control45,I0/I1,248,s2,total,2.8848035071860068e-12,5,576,y,-2.8848035071860068e-12,-7.483744044971163e-17,-9.020562075079397e-17,0.25,0.5
control45,I0/I1,248,s3,matrix,1.1590121223870042e-16,5,576,z,-1.1590121223870042e-16,-2.5900829651835073e-21,-1.852884572118782e-21,0.125,0.25
control45,I0/I1,248,s3,volume,8.548717289613705e-15,6,573,y,8.548717289613705e-15,-2.0088419802911844e-19,1.2874900798265365e-18,0.125,0.25
control45,I0/I1,248,s3,passiveFiber,1.942890293094024e-15,0,92,z,1.942890293094024e-15,-2.3386561615776446e-19,-3.767602549387128e-18,0.125,0.25
control45,I0/I1,248,s3,activePotential,0,0,92,x,0,0.0,-5.2366964931049864e-17,0.125,0.25
control45,I0/I1,248,s3,total,2.731148640577885e-14,4,566,y,2.731148640577885e-14,8.347791583101574e-19,-7.914675859144182e-18,0.125,0.25
control45,I0/I1,248,s4,matrix,1.9949319973733282e-17,5,576,z,1.9949319973733282e-17,-3.5383926613429954e-22,-5.757177063369073e-22,0.0625,0.125
control45,I0/I1,248,s4,volume,7.563394355258879e-16,5,576,x,-7.563394355258879e-16,3.890993283277566e-20,1.7872395187065737e-19,0.0625,0.125
control45,I0/I1,248,s4,passiveFiber,5.342948306008566e-16,4,566,z,5.342948306008566e-16,-7.730994133716866e-21,4.472333961502706e-19,0.0625,0.125
control45,I0/I1,248,s4,activePotential,0,0,92,x,0,0.0,-5.421010862427522e-18,0.0625,0.125
control45,I0/I1,248,s4,total,1.27675647831893e-15,4,566,y,1.27675647831893e-15,4.724391477356643e-20,8.267041565201971e-19,0.0625,0.125
control45,I0/I1,248,s5,matrix,1.5856456772600502e-18,5,576,z,-1.5856456772600502e-18,-1.3280992690983658e-23,2.7296960214249913e-23,0.03125,0.0625
control45,I0/I1,248,s5,volume,3.400058012914542e-16,5,576,y,-3.400058012914542e-16,-2.0360474658590708e-20,-8.999725064576941e-21,0.03125,0.0625
control45,I0/I1,248,s5,passiveFiber,1.1796119636642288e-16,4,566,z,-1.1796119636642288e-16,6.69306895667701e-22,-4.277516383634217e-20,0.03125,0.0625
control45,I0/I1,248,s5,activePotential,0,0,92,x,0,0.0,-6.301925127571995e-19,0.03125,0.0625
control45,I0/I1,248,s5,total,9.43689570931383e-16,5,576,y,9.43689570931383e-16,2.5061414183662777e-20,-6.268043809681823e-20,0.03125,0.0625
control45,I0/I1,248,s6,matrix,4.895850435129856e-19,5,576,z,-4.895850435129856e-19,-6.64186982622367e-24,-5.480071558163808e-24,0.015625,0.03125
control45,I0/I1,248,s6,volume,6.114900252818245e-17,4,566,y,6.114900252818245e-17,-1.3613420668438141e-21,4.711620769102046e-21,0.015625,0.03125
control45,I0/I1,248,s6,passiveFiber,1.4094628242311558e-18,4,566,z,-1.4094628242311558e-18,-4.455272197838648e-25,4.0234064994579266e-21,0.015625,0.03125
control45,I0/I1,248,s6,activePotential,0,0,92,x,0,0.0,-8.777378915922687e-20,0.015625,0.03125
control45,I0/I1,248,s6,total,9.540979117872439e-17,5,576,y,-9.540979117872439e-17,-2.683003301843051e-21,-6.1409888675936775e-21,0.015625,0.03125
control45,I0/I1,248,s7,matrix,6.395098751769968e-20,5,576,z,6.395098751769968e-20,1.2416748575198239e-24,4.52364397489937e-25,0.0078125,0.015625
control45,I0/I1,248,s7,volume,1.0354130747236567e-17,5,576,y,1.0354130747236567e-17,1.6883492513183612e-22,-4.417144471033168e-22,0.0078125,0.015625
control45,I0/I1,248,s7,passiveFiber,1.362028979184915e-18,0,92,z,1.362028979184915e-18,-7.842816671696095e-23,-6.418921553411495e-22,0.0078125,0.015625
control45,I0/I1,248,s7,activePotential,0,0,92,x,0,0.0,-1.0733495628488087e-20,0.0078125,0.015625
control45,I0/I1,248,s7,total,9.974659986866641e-18,5,576,y,9.974659986866641e-18,2.8391769394471036e-22,-1.852884572118782e-22,0.0078125,0.015625
control45,I0/I1,248,s8,matrix,1.5230049438326346e-20,5,576,z,-1.5230049438326346e-20,1.6297111669988533e-25,3.7320062792919803e-25,0.00390625,0.0078125
control45,I0/I1,248,s8,volume,1.734723475976807e-18,4,566,y,-1.734723475976807e-18,-2.305353169602814e-23,-3.9911464555683585e-23,0.00390625,0.0078125
control45,I0/I1,248,s8,passiveFiber,4.997494388800372e-19,0,92,z,4.997494388800372e-19,-2.1894381721599096e-23,-4.251708348522562e-22,0.00390625,0.0078125
control45,I0/I1,248,s8,activePotential,0,0,92,x,0,0.0,-1.4459117107426924e-21,0.00390625,0.0078125
control45,I0/I1,248,s8,total,9.961107459710572e-19,4,566,y,-9.961107459710572e-19,-2.624032000323609e-23,-4.863822001811803e-22,0.00390625,0.0078125
control45,I0/I1,248,s9,matrix,8.863240263505692e-22,5,576,z,8.863240263505692e-22,1.1454041797232868e-27,-5.2506581851510546e-27,0.001953125,0.00390625
control45,I0/I1,248,s9,volume,1.3213713977167085e-19,4,566,y,-1.3213713977167085e-19,-7.358237076653302e-24,-1.6026624368214911e-24,0.001953125,0.00390625
control45,I0/I1,248,s9,passiveFiber,2.5940384009662948e-20,0,92,z,2.5940384009662948e-20,-1.877920454301708e-24,-4.342698215903395e-24,0.001953125,0.00390625
control45,I0/I1,248,s9,activePotential,0,0,92,x,0,0.0,-1.6584971281688205e-22,0.001953125,0.00390625
control45,I0/I1,248,s9,total,9.910285482875314e-20,5,576,y,9.910285482875314e-20,1.2317973455247096e-24,2.1093105620102206e-23,0.001953125,0.00390625
control45,I0/I1,248,s10,matrix,1.1745964698252993e-22,5,576,y,-1.1745964698252993e-22,-4.020344668060624e-27,-4.998222695480331e-27,0.0009765625,0.001953125
control45,I0/I1,248,s10,volume,2.3505164286306834e-20,5,576,y,-2.3505164286306834e-20,-4.871887805610097e-25,4.265150033476549e-25,0.0009765625,0.001953125
control45,I0/I1,248,s10,passiveFiber,3.520480687025686e-21,4,566,z,-3.520480687025686e-21,-8.038372296015526e-26,-1.5251142543946448e-24,0.0009765625,0.001953125
control45,I0/I1,248,s10,activePotential,0,0,92,x,0,0.0,-2.1920286232655233e-23,0.0009765625,0.001953125
control45,I0/I1,248,s10,total,1.7787691892340307e-20,5,576,y,-1.7787691892340307e-20,-5.802180805461506e-25,-1.0339757656912846e-24,0.0009765625,0.001953125
control45,I0/I1,248,s11,matrix,4.9908717740211193e-23,5,576,z,-4.9908717740211193e-23,2.6384737989024265e-28,8.488143340178087e-28,0.00048828125,0.0009765625
control45,I0/I1,248,s11,volume,1.641126335305207e-21,5,576,y,1.641126335305207e-21,5.428016465016239e-26,-6.220010465486634e-26,0.00048828125,0.0009765625
control45,I0/I1,248,s11,passiveFiber,1.4723814903443893e-21,4,566,z,-1.4723814903443893e-21,-1.0470246270496166e-26,-1.0242822428879288e-24,0.00048828125,0.0009765625
control45,I0/I1,248,s11,activePotential,0,0,92,x,0,0.0,-2.74972930188526e-24,0.00048828125,0.0009765625
control45,I0/I1,248,s11,total,1.826414792517085e-21,5,576,y,1.826414792517085e-21,2.684700321084694e-26,-1.3118567527208173e-24,0.00048828125,0.0009765625
control45,I0/I1,248,s12,matrix,2.445998920713445e-24,5,576,z,2.445998920713445e-24,-1.1087836304099508e-29,-7.967495142732219e-29,0.000244140625,0.00048828125
control45,I0/I1,248,s12,volume,2.4980854499101436e-22,4,566,y,2.4980854499101436e-22,6.931433278566234e-27,4.13994203059987e-27,0.000244140625,0.00048828125
control45,I0/I1,248,s12,passiveFiber,3.5361971186641933e-23,5,576,z,3.5361971186641933e-23,2.0655273644816877e-28,-2.1204581132340797e-26,0.000244140625,0.00048828125
control45,I0/I1,248,s12,activePotential,0,0,92,x,0,0.0,-3.1342390397517064e-25,0.000244140625,0.00048828125
control45,I0/I1,248,s12,total,1.2738581433316626e-22,4,566,y,1.2738581433316626e-22,2.849395217859142e-27,-1.6155871338926322e-27,0.000244140625,0.00048828125
control45,I0/I1,248,s13,matrix,1.0824433797080636e-25,5,576,y,1.0824433797080636e-25,2.8437378840337103e-30,3.5991778800708664e-30,0.0001220703125,0.000244140625
control45,I0/I1,248,s13,volume,1.1166938269465874e-23,4,566,y,-1.1166938269465874e-23,-8.608729958073182e-28,1.262177448353619e-29,0.0001220703125,0.000244140625
control45,I0/I1,248,s13,passiveFiber,1.1322034634319566e-23,4,566,z,1.1322034634319566e-23,2.3634188943980187e-28,9.567305058520431e-27,0.0001220703125,0.000244140625
control45,I0/I1,248,s13,activePotential,0,0,92,x,0,0.0,-3.862262991962074e-26,0.0001220703125,0.000244140625
control45,I0/I1,248,s13,total,2.6469779601696886e-23,5,576,y,-2.6469779601696886e-23,-1.8071409801594424e-28,9.188651824014346e-27,0.0001220703125,0.000244140625
control45,I0/I1,248,s14,matrix,5.190073667630081e-26,5,576,z,-5.190073667630081e-26,-2.5944939742141772e-31,1.3989955116028881e-30,6.103515625e-05,0.0001220703125
control45,I0/I1,248,s14,volume,6.3589509590014e-24,4,566,y,6.3589509590014e-24,-6.674776813488711e-29,2.3744713247152455e-28,6.103515625e-05,0.0001220703125
control45,I0/I1,248,s14,passiveFiber,2.371681912554384e-24,4,566,z,2.371681912554384e-24,2.677239652878827e-29,1.2306230121447784e-27,6.103515625e-05,0.0001220703125
control45,I0/I1,248,s14,activePotential,0,0,92,x,0,0.0,-5.46522835137117e-27,6.103515625e-05,0.0001220703125
control45,I0/I1,248,s14,total,5.221577616740987e-24,5,576,y,-5.221577616740987e-24,-1.0181857703001213e-28,1.9185097214975007e-27,6.103515625e-05,0.0001220703125
control45,I0/I1,248,s15,matrix,9.213895372981418e-28,4,566,y,-9.213895372981418e-28,3.2969645293950135e-33,-2.9274135154685985e-32,3.0517578125e-05,6.103515625e-05
control45,I0/I1,248,s15,volume,1.1567603878671246e-24,5,576,y,-1.1567603878671246e-24,-2.8927541594560917e-29,5.127595883936577e-30,3.0517578125e-05,6.103515625e-05
control45,I0/I1,248,s15,passiveFiber,2.754576063286938e-25,4,566,z,2.754576063286938e-25,7.225514172377751e-30,1.7788813412733816e-28,3.0517578125e-05,6.103515625e-05
control45,I0/I1,248,s15,activePotential,0,0,92,x,0,0.0,-7.273297546137729e-28,3.0517578125e-05,6.103515625e-05
control45,I0/I1,248,s15,total,2.7464981276174747e-25,4,566,z,2.7464981276174747e-25,4.734945678847221e-30,2.5085776786028175e-28,3.0517578125e-05,6.103515625e-05
control45,I0/I1,248,s16,matrix,3.407879110554771e-28,5,576,y,3.407879110554771e-28,6.312023955784736e-33,1.0881504185787883e-32,1.52587890625e-05,3.0517578125e-05
control45,I0/I1,248,s16,volume,6.623907248959792e-26,4,566,y,6.623907248959792e-26,-2.479001599926897e-32,-9.98402083170343e-31,1.52587890625e-05,3.0517578125e-05
control45,I0/I1,248,s16,passiveFiber,2.847472323485764e-26,4,566,z,2.847472323485764e-26,4.9405920090487324e-31,1.7256332301709633e-29,1.52587890625e-05,3.0517578125e-05
control45,I0/I1,248,s16,activePotential,0,0,92,x,0,0.0,-7.37584946381646e-29,1.52587890625e-05,3.0517578125e-05
control45,I0/I1,248,s16,total,1.1228330580553794e-25,5,576,y,1.1228330580553794e-25,3.9876725926145874e-30,2.7018486003819654e-29,1.52587890625e-05,3.0517578125e-05
control45,I0/I1,248,s17,matrix,1.413293615510019e-28,5,576,z,1.413293615510019e-28,-1.786340793161834e-33,-4.261120001956759e-33,7.62939453125e-06,1.52587890625e-05
control45,I0/I1,248,s17,volume,8.128422767397306e-27,4,566,y,8.128422767397306e-27,5.983721768638794e-32,3.1739325483501647e-31,7.62939453125e-06,1.52587890625e-05
control45,I0/I1,248,s17,passiveFiber,2.7136815139602806e-27,4,566,z,-2.7136815139602806e-27,9.82985021374051e-33,-8.258387601532467e-31,7.62939453125e-06,1.52587890625e-05
control45,I0/I1,248,s17,activePotential,0,0,92,x,0,0.0,-9.490982765940298e-30,7.62939453125e-06,1.52587890625e-05
control45,I0/I1,248,s17,total,4.089454932665725e-27,4,566,y,-4.089454932665725e-27,-2.135952286567483e-31,5.423418723394456e-31,7.62939453125e-06,1.52587890625e-05
control45,I0/I1,248,s18,matrix,5.0782920773602635e-30,5,576,y,5.0782920773602635e-30,2.353411224360125e-34,-4.664361584062837e-35,3.814697265625e-06,7.62939453125e-06
control45,I0/I1,248,s18,volume,1.2369338993865465e-27,5,576,y,1.2369338993865465e-27,5.847751924986575e-32,-5.854827030937197e-32,3.814697265625e-06,7.62939453125e-06
control45,I0/I1,248,s18,passiveFiber,6.310887241768094e-29,0,92,z,-6.310887241768094e-29,4.3697136838570595e-33,-7.087422195345028e-32,3.814697265625e-06,7.62939453125e-06
control45,I0/I1,248,s18,activePotential,0,0,92,x,0,0.0,-1.2772767391176148e-30,3.814697265625e-06,7.62939453125e-06
control45,I0/I1,248,s18,total,1.5966544721673279e-27,4,566,y,-1.5966544721673279e-27,-1.699250849435487e-32,8.320017359752859e-32,3.814697265625e-06,7.62939453125e-06
control45,I0/I1,248,s19,matrix,1.2630248575291493e-30,5,576,z,-1.2630248575291493e-30,-4.300249297006825e-36,1.9936384189945996e-35,1.9073486328125e-06,3.814697265625e-06
control45,I0/I1,248,s19,volume,4.086299489044841e-28,5,576,y,-4.086299489044841e-28,-1.134684020502746e-32,5.801863957466548e-33,1.9073486328125e-06,3.814697265625e-06
control45,I0/I1,248,s19,passiveFiber,7.099748146989106e-30,4,566,z,7.099748146989106e-30,-6.604477011843099e-34,-1.502225356622044e-32,1.9073486328125e-06,3.814697265625e-06
control45,I0/I1,248,s19,activePotential,0,0,92,x,0,0.0,-1.6293367329516015e-31,1.9073486328125e-06,3.814697265625e-06
control45,I0/I1,248,s19,total,6.941975965944904e-29,5,576,y,-6.941975965944904e-29,-4.573688735089713e-33,1.5407439555097887e-33,1.9073486328125e-06,3.814697265625e-06
control45,I0/I1,248,s20,matrix,4.891862058743579e-32,5,576,y,4.891862058743579e-32,1.847165619324377e-36,-2.1158898314801175e-36,9.5367431640625e-07,1.9073486328125e-06
control45,I0/I1,248,s20,volume,1.5777218104420236e-29,5,576,y,1.5777218104420236e-29,3.984081527178099e-34,-2.196763842816691e-34,9.5367431640625e-07,1.9073486328125e-06
control45,I0/I1,248,s20,passiveFiber,7.259985518362124e-30,0,92,z,7.259985518362124e-30,-2.6412024007213486e-34,-4.983343731101973e-33,9.5367431640625e-07,1.9073486328125e-06
control45,I0/I1,248,s20,activePotential,0,0,92,x,0,0.0,-2.1329674134088637e-32,9.5367431640625e-07,1.9073486328125e-06
control45,I0/I1,248,s20,total,2.622962509859864e-29,4,566,y,-2.622962509859864e-29,-7.727025635103101e-34,-1.020742870525235e-32,9.5367431640625e-07,1.9073486328125e-06
control45,I0/I1,248,core,matrix,1.667133108110201e-32,5,576,z,-1.667133108110201e-32,3.2409045488914972e-37,9.727215753054429e-37,0,9.5367431640625e-07
control45,I0/I1,248,core,volume,2.107737731137391e-30,4,566,y,-2.107737731137391e-30,-2.8849601578513857e-35,-1.4971096052072654e-34,0,9.5367431640625e-07
control45,I0/I1,248,core,passiveFiber,2.0954117794933126e-31,4,566,z,-2.0954117794933126e-31,-6.549745338799743e-36,-1.6250033905767303e-34,0,9.5367431640625e-07
control45,I0/I1,248,core,activePotential,0,0,92,x,0,0.0,-1.023150282955719e-34,0,9.5367431640625e-07
control45,I0/I1,248,core,total,2.2556491508663306e-30,4,566,y,-2.2556491508663306e-30,-1.568447911111208e-35,-1.7453740121009325e-34,0,9.5367431640625e-07
control45,P8/I1,197,s1,matrix,1.4997915019285268e-13,3,92,y,-1.4997915019285268e-13,1.120478947906306e-18,-2.318752693108647e-18,0.5,1
control45,P8/I1,197,s1,volume,1.5952261733787054e-10,3,92,y,-1.5952261733787054e-10,1.1825052009780325e-15,-2.4646083784940487e-15,0.5,1
control45,P8/I1,197,s1,passiveFiber,0,0,68,x,0,0.0,0,0.5,1
control45,P8/I1,197,s1,activePotential,1.6697754290362354e-13,7,489,z,-1.6697754290362354e-13,8.841466425433472e-18,-3.365363543395006e-16,0.5,1
control45,P8/I1,197,s1,total,1.59627866480605e-10,3,92,y,-1.59627866480605e-10,1.1012662638986316e-15,-2.6194324487249787e-15,0.5,1
control45,P8/I1,197,s2,matrix,5.627009275199768e-16,3,92,y,-5.627009275199768e-16,-2.4515817630977337e-21,-1.768181277393352e-20,0.25,0.5
control45,P8/I1,197,s2,volume,5.324629626102251e-13,3,92,y,-5.324629626102251e-13,5.0706580512908625e-18,2.8406096919120216e-17,0.25,0.5
control45,P8/I1,197,s2,passiveFiber,0,0,68,x,0,0.0,0,0.25,0.5
control45,P8/I1,197,s2,activePotential,8.260059303211165e-14,8,494,z,-8.260059303211165e-14,3.3628409732330358e-18,-1.1752751549742868e-16,0.25,0.5
control45,P8/I1,197,s2,total,5.551115123125783e-13,3,92,y,-5.551115123125783e-13,1.6064010343978715e-18,-8.326672684688674e-17,0.25,0.5
control45,P8/I1,197,s3,matrix,7.573152174811248e-17,3,92,x,7.573152174811248e-17,-9.666486137493481e-22,1.4889251025954498e-21,0.125,0.25
control45,P8/I1,197,s3,volume,1.3433698597964394e-14,3,92,y,-1.3433698597964394e-14,-1.1337515854608805e-19,-2.439454888092385e-19,0.125,0.25
control45,P8/I1,197,s3,passiveFiber,0,0,68,x,0,0.0,0,0.125,0.25
control45,P8/I1,197,s3,activePotential,2.3314683517128287e-14,8,494,z,-2.3314683517128287e-14,2.438746351195664e-19,-7.968885967768458e-18,0.125,0.25
control45,P8/I1,197,s3,total,1.6542323066914832e-14,8,494,z,-1.6542323066914832e-14,-1.0918660901612684e-18,-6.342582709040201e-18,0.125,0.25
control45,P8/I1,197,s4,matrix,2.6603610807363065e-17,8,494,z,-2.6603610807363065e-17,-3.8850677241109796e-22,-1.1299287167474358e-21,0.0625,0.125
control45,P8/I1,197,s4,volume,1.2073675392798577e-14,8,494,y,-1.2073675392798577e-14,6.947079684944476e-20,1.0740377771184528e-18,0.0625,0.125
control45,P8/I1,197,s4,passiveFiber,0,0,68,x,0,0.0,0,0.0625,0.125
control45,P8/I1,197,s4,activePotential,4.871103520542874e-15,8,494,z,-4.871103520542874e-15,-7.63671984413459e-20,-3.9641141931501256e-18,0.0625,0.125
control45,P8/I1,197,s4,total,1.0963452368173421e-14,8,494,y,-1.0963452368173421e-14,-3.4812525038059457e-19,-2.5139937874507634e-18,0.0625,0.125
control45,P8/I1,197,s5,matrix,6.007157661927498e-18,8,494,z,6.007157661927498e-18,7.313129704230599e-23,1.5323520847544838e-22,0.03125,0.0625
control45,P8/I1,197,s5,volume,1.9012569296705806e-15,8,494,y,1.9012569296705806e-15,3.317730682431623e-20,-2.0879362149818503e-19,0.03125,0.0625
control45,P8/I1,197,s5,passiveFiber,0,0,68,x,0,0.0,0,0.03125,0.0625
control45,P8/I1,197,s5,activePotential,1.6896206656014101e-15,8,494,z,1.6896206656014101e-15,1.0239160542418045e-21,9.630764610281395e-19,0.03125,0.0625
control45,P8/I1,197,s5,total,2.3002433291452462e-15,8,494,y,2.3002433291452462e-15,2.9273213536286044e-20,7.75458663211312e-19,0.03125,0.0625
control45,P8/I1,197,s6,matrix,4.332573525205746e-19,8,494,z,-4.332573525205746e-19,-8.94573724461089e-24,-7.858215819253763e-24,0.015625,0.03125
control45,P8/I1,197,s6,volume,6.461844948013606e-17,3,92,y,6.461844948013606e-17,-4.0143350863846286e-21,8.126222337720944e-21,0.015625,0.03125
control45,P8/I1,197,s6,passiveFiber,0,0,68,x,0,0.0,0,0.015625,0.03125
control45,P8/I1,197,s6,activePotential,7.936359902593892e-17,8,494,z,-7.936359902593892e-17,-1.60763993649026e-21,-5.1033735072071595e-20,0.015625,0.03125
control45,P8/I1,197,s6,total,1.3357370765021415e-16,8,494,z,-1.3357370765021415e-16,1.7229621080464177e-21,-4.785736151986797e-20,0.015625,0.03125
control45,P8/I1,197,s7,matrix,9.633676286037582e-20,8,494,z,-9.633676286037582e-20,-1.0851765943671252e-24,-1.9645539548134407e-24,0.0078125,0.015625
control45,P8/I1,197,s7,volume,3.1387652893455353e-17,3,92,y,3.1387652893455353e-17,-1.103013871348969e-21,3.3881317890172014e-21,0.0078125,0.015625
control45,P8/I1,197,s7,passiveFiber,0,0,68,x,0,0.0,0,0.0078125,0.015625
control45,P8/I1,197,s7,activePotential,2.45029690981724e-17,8,494,z,-2.45029690981724e-17,-1.1906760604748995e-22,-1.528629771997995e-20,0.0078125,0.015625
control45,P8/I1,197,s7,total,3.415236843329339e-17,8,494,y,-3.415236843329339e-17,-3.923400777442948e-22,-1.130259588992457e-20,0.0078125,0.015625
control45,P8/I1,197,s8,matrix,2.565914260139492e-21,3,92,z,-2.565914260139492e-21,1.0947944289001193e-25,7.633649207642687e-26,0.00390625,0.0078125
control45,P8/I1,197,s8,volume,9.147955830346444e-19,8,494,y,9.147955830346444e-19,-6.682259371869401e-23,-4.17726209339279e-23,0.00390625,0.0078125
control45,P8/I1,197,s8,passiveFiber,0,0,68,x,0,0.0,0,0.00390625,0.0078125
control45,P8/I1,197,s8,activePotential,2.541098841762901e-19,8,494,z,-2.541098841762901e-19,2.1456801128666234e-23,1.9852334701272664e-23,0.00390625,0.0078125
control45,P8/I1,197,s8,total,3.7947076036992655e-19,3,92,z,3.7947076036992655e-19,-1.0990103926373274e-22,6.28657265540301e-23,0.00390625,0.0078125
control45,P8/I1,197,s9,matrix,4.661162751736311e-22,8,494,z,4.661162751736311e-22,4.5715908047724496e-27,2.5748419946413825e-26,0.001953125,0.00390625
control45,P8/I1,197,s9,volume,1.3721933745519665e-19,8,494,y,-1.3721933745519665e-19,-2.395206340894332e-24,1.954214197156528e-23,0.001953125,0.00390625
control45,P8/I1,197,s9,passiveFiber,0,0,68,x,0,0.0,0,0.001953125,0.00390625
control45,P8/I1,197,s9,activePotential,7.707999820014133e-20,8,494,z,7.707999820014133e-20,8.02498201628856e-25,8.271806125530277e-24,0.001953125,0.00390625
control45,P8/I1,197,s9,total,2.1514636860259229e-19,8,494,y,-2.1514636860259229e-19,5.950393287554877e-25,3.484498330379629e-23,0.001953125,0.00390625
control45,P8/I1,197,s10,matrix,7.656590544943962e-23,8,494,z,7.656590544943962e-23,2.4081984539589413e-28,4.9729791465132584e-27,0.0009765625,0.001953125
control45,P8/I1,197,s10,volume,3.282252670610414e-20,3,92,y,3.282252670610414e-20,-1.2539729951521415e-24,2.5267782774080767e-24,0.0009765625,0.001953125
control45,P8/I1,197,s10,passiveFiber,0,0,68,x,0,0.0,0,0.0009765625,0.001953125
control45,P8/I1,197,s10,activePotential,1.5828928201814738e-20,8,494,z,1.5828928201814738e-20,-8.876395254000836e-25,4.911384887033602e-24,0.0009765625,0.001953125
control45,P8/I1,197,s10,total,2.8163845496205486e-20,8,494,y,-2.8163845496205486e-20,2.099014565911593e-25,6.2167792912188486e-24,0.0009765625,0.001953125
control45,P8/I1,197,s11,matrix,4.8823043186235344e-24,3,92,z,4.8823043186235344e-24,-1.0589140817755123e-28,-3.34477023813709e-28,0.00048828125,0.0009765625
control45,P8/I1,197,s11,volume,5.836586402174163e-21,8,494,y,5.836586402174163e-21,7.847879335057083e-27,-5.686866711302065e-25,0.00048828125,0.0009765625
control45,P8/I1,197,s11,passiveFiber,0,0,68,x,0,0.0,0,0.00048828125,0.0009765625
control45,P8/I1,197,s11,activePotential,8.66885281955573e-22,8,494,z,-8.66885281955573e-22,2.8599121007680237e-26,5.105255343100718e-25,0.00048828125,0.0009765625
control45,P8/I1,197,s11,total,5.915995740979254e-21,3,92,y,-5.915995740979254e-21,1.9243851876045644e-25,-1.7771458472818954e-25,0.00048828125,0.0009765625
control45,P8/I1,197,s12,matrix,6.00594517024586e-25,8,494,x,-6.00594517024586e-25,6.415016064669987e-30,1.3459939195333514e-29,0.000244140625,0.00048828125
control45,P8/I1,197,s12,volume,2.216844041642114e-22,3,92,y,2.216844041642114e-22,-1.4745794644174312e-26,1.3833464833955663e-26,0.000244140625,0.00048828125
control45,P8/I1,197,s12,passiveFiber,0,0,68,x,0,0.0,0,0.000244140625,0.00048828125
control45,P8/I1,197,s12,activePotential,9.243743345280084e-23,9,493,z,9.243743345280084e-23,1.0003679623371582e-26,3.715850407953054e-26,0.000244140625,0.00048828125
control45,P8/I1,197,s12,total,1.7701665108634792e-22,3,92,y,1.7701665108634792e-22,-3.098711175517586e-26,3.6350710512584224e-27,0.000244140625,0.00048828125
control45,P8/I1,197,s13,matrix,2.152264984932591e-25,8,494,z,2.152264984932591e-25,2.831307765220271e-30,1.0230539864584997e-29,0.0001220703125,0.000244140625
control45,P8/I1,197,s13,volume,8.437242248040882e-23,8,494,y,8.437242248040882e-23,1.0432324004330798e-28,-8.683780844672898e-27,0.0001220703125,0.000244140625
control45,P8/I1,197,s13,passiveFiber,0,0,68,x,0,0.0,0,0.0001220703125,0.000244140625
control45,P8/I1,197,s13,activePotential,4.632211430296955e-23,8,494,z,4.632211430296955e-23,9.04878657636669e-30,3.185735879644534e-26,0.0001220703125,0.000244140625
control45,P8/I1,197,s13,total,1.079470699381701e-22,8,494,y,1.079470699381701e-22,1.1606545341672618e-27,2.102787628957129e-26,0.0001220703125,0.000244140625
control45,P8/I1,197,s14,matrix,1.2501867625942595e-26,8,494,x,-1.2501867625942595e-26,-1.477035371303399e-31,2.442079169483015e-31,6.103515625e-05,0.0001220703125
control45,P8/I1,197,s14,volume,3.980806697911446e-24,3,92,y,-3.980806697911446e-24,2.4184854421538795e-28,-1.798602863903907e-28,6.103515625e-05,0.0001220703125
control45,P8/I1,197,s14,passiveFiber,0,0,68,x,0,0.0,0,6.103515625e-05,0.0001220703125
control45,P8/I1,197,s14,activePotential,3.127776691216136e-24,8,494,z,-3.127776691216136e-24,6.387658163960659e-29,-2.0194839173657902e-28,6.103515625e-05,0.0001220703125
control45,P8/I1,197,s14,total,1.9257798636000176e-24,8,494,z,-1.9257798636000176e-24,-1.2071806885606504e-28,-6.342441677976935e-28,6.103515625e-05,0.0001220703125
control45,P8/I1,197,s15,matrix,2.2198545872919272e-27,8,494,y,2.2198545872919272e-27,2.9729567035632434e-32,-5.710382285108154e-32,3.0517578125e-05,6.103515625e-05
control45,P8/I1,197,s15,volume,2.8789762725966705e-24,3,92,y,-2.8789762725966705e-24,5.301333059562824e-29,-3.013448657944265e-28,3.0517578125e-05,6.103515625e-05
control45,P8/I1,197,s15,passiveFiber,0,0,68,x,0,0.0,0,3.0517578125e-05,6.103515625e-05
control45,P8/I1,197,s15,activePotential,1.0000484358795393e-24,8,494,z,1.0000484358795393e-24,6.678712208528321e-30,5.569357990860343e-28,3.0517578125e-05,6.103515625e-05
control45,P8/I1,197,s15,total,2.943599757952376e-24,8,494,y,2.943599757952376e-24,4.6583024733861327e-29,2.7689017773257514e-28,3.0517578125e-05,6.103515625e-05
control45,P8/I1,197,s16,matrix,1.9711661869210032e-28,3,92,z,-1.9711661869210032e-28,1.8766772440798953e-33,8.389832320236896e-33,1.52587890625e-05,3.0517578125e-05
control45,P8/I1,197,s16,volume,5.77572400366616e-26,3,92,y,5.77572400366616e-26,-4.228149362854401e-30,4.0429121392576855e-30,1.52587890625e-05,3.0517578125e-05
control45,P8/I1,197,s16,passiveFiber,0,0,68,x,0,0.0,0,1.52587890625e-05,3.0517578125e-05
control45,P8/I1,197,s16,activePotential,2.039678756539448e-26,8,494,z,2.039678756539448e-26,-2.918975971944961e-30,-2.7610131682735413e-30,1.52587890625e-05,3.0517578125e-05
control45,P8/I1,197,s16,total,8.804949879714845e-26,8,494,y,-8.804949879714845e-26,2.6592840560299345e-30,7.642090019328552e-30,1.52587890625e-05,3.0517578125e-05
control45,P8/I1,197,s17,matrix,2.8164799506718937e-29,3,92,z,2.8164799506718937e-29,-2.9457144040370476e-34,-1.2789378536946488e-33,7.62939453125e-06,1.52587890625e-05
control45,P8/I1,197,s17,volume,1.7115126199675072e-26,3,92,y,1.7115126199675072e-26,-8.115495298358795e-31,1.2695730193400659e-30,7.62939453125e-06,1.52587890625e-05
control45,P8/I1,197,s17,passiveFiber,0,0,68,x,0,0.0,0,7.62939453125e-06,1.52587890625e-05
control45,P8/I1,197,s17,activePotential,2.4991113477401654e-27,3,92,z,2.4991113477401654e-27,-2.3974814669711364e-31,-2.304952957442644e-30,7.62939453125e-06,1.52587890625e-05
control45,P8/I1,197,s17,total,1.44393100091654e-26,8,494,y,-1.44393100091654e-26,5.779227302324439e-31,-1.596210737908141e-30,7.62939453125e-06,1.52587890625e-05
control45,P8/I1,197,s18,matrix,9.612701538425572e-30,8,494,z,9.612701538425572e-30,8.839553163902231e-35,3.4042316399813446e-34,3.814697265625e-06,7.62939453125e-06
control45,P8/I1,197,s18,volume,1.3000427718042275e-27,8,494,y,1.3000427718042275e-27,6.1605909971072434e-33,-1.779559268613806e-31,3.814697265625e-06,7.62939453125e-06
control45,P8/I1,197,s18,passiveFiber,0,0,68,x,0,0.0,0,3.814697265625e-06,7.62939453125e-06
control45,P8/I1,197,s18,activePotential,2.1204581132340797e-27,8,494,z,2.1204581132340797e-27,4.7216911601763316e-32,1.2218099567192624e-30,3.814697265625e-06,7.62939453125e-06
control45,P8/I1,197,s18,total,2.1646343239264564e-27,8,494,y,2.1646343239264564e-27,6.263683924377712e-32,1.1717357781651943e-30,3.814697265625e-06,7.62939453125e-06
control45,P8/I1,197,s19,matrix,1.1230097505721972e-30,8,494,z,1.1230097505721972e-30,8.874817337119285e-36,5.040519776325969e-35,1.9073486328125e-06,3.814697265625e-06
control45,P8/I1,197,s19,volume,3.9640260487355843e-29,1,84,y,-3.9640260487355843e-29,-1.7860034674134605e-33,-1.131483842327501e-32,1.9073486328125e-06,3.814697265625e-06
control45,P8/I1,197,s19,passiveFiber,0,0,68,x,0,0.0,0,1.9073486328125e-06,3.814697265625e-06
control45,P8/I1,197,s19,activePotential,1.7749370367472766e-28,8,494,z,1.7749370367472766e-28,6.571842201842271e-34,9.090389337507753e-32,1.9073486328125e-06,3.814697265625e-06
control45,P8/I1,197,s19,total,1.9129876951609536e-28,8,494,z,1.9129876951609536e-28,1.5008448209642586e-33,9.215574783892924e-32,1.9073486328125e-06,3.814697265625e-06
control45,P8/I1,197,s20,matrix,2.021263476634404e-31,8,494,z,2.021263476634404e-31,2.7057004017700985e-36,4.490388420141138e-36,9.5367431640625e-07,1.9073486328125e-06
control45,P8/I1,197,s20,volume,6.064368208886528e-29,8,494,y,6.064368208886528e-29,5.608738249424786e-35,-6.277327912487147e-33,9.5367431640625e-07,1.9073486328125e-06
control45,P8/I1,197,s20,passiveFiber,0,0,68,x,0,0.0,0,9.5367431640625e-07,1.9073486328125e-06
control45,P8/I1,197,s20,activePotential,5.305089587611304e-29,8,494,z,5.305089587611304e-29,9.01240239121942e-34,2.787783594500524e-32,9.5367431640625e-07,1.9073486328125e-06
control45,P8/I1,197,s20,total,6.143254299408629e-29,8,494,y,6.143254299408629e-29,1.4860552443703008e-34,2.2738010405921803e-32,9.5367431640625e-07,1.9073486328125e-06
control45,P8/I1,197,core,matrix,1.1212523394979439e-32,8,494,z,1.1212523394979439e-32,4.6138835192081935e-38,6.637869662299605e-37,0,9.5367431640625e-07
control45,P8/I1,197,core,volume,2.341930812374879e-31,3,92,y,2.341930812374879e-31,-1.7201916743917035e-35,6.545152545378497e-35,0,9.5367431640625e-07
control45,P8/I1,197,core,passiveFiber,0,0,68,x,0,0.0,0,0,9.5367431640625e-07
control45,P8/I1,197,core,activePotential,1.7379591818150416e-30,8,494,z,1.7379591818150416e-30,2.680531448938898e-35,1.0622707349510848e-33,0,9.5367431640625e-07
control45,P8/I1,197,core,total,1.8797076257219422e-30,8,494,z,1.8797076257219422e-30,1.0346977610628547e-34,8.756962715885713e-34,0,9.5367431640625e-07
control45,P8/I1,200,s1,matrix,1.9144516701097292e-13,9,494,y,1.9144516701097292e-13,-7.706437986150612e-19,-3.028989819381378e-18,0.5,1
control45,P8/I1,200,s1,volume,1.9894197400560643e-10,9,494,y,1.9894197400560643e-10,-8.138389296275712e-16,-3.103420298522508e-15,0.5,1
control45,P8/I1,200,s1,passiveFiber,0,0,67,x,0,0.0,0,0.5,1
control45,P8/I1,200,s1,activePotential,1.2434497875801753e-13,8,498,z,1.2434497875801753e-13,-6.179196279004255e-18,-1.457167719820518e-16,0.5,1
control45,P8/I1,200,s1,total,1.9911072790534945e-10,9,494,y,1.9911072790534945e-10,-8.120227113003521e-16,-2.9004576518332215e-15,0.5,1
control45,P8/I1,200,s2,matrix,1.195007634513523e-15,9,494,z,-1.195007634513523e-15,9.714013224516618e-21,-4.0922279264223385e-20,0.25,0.5
control45,P8/I1,200,s2,volume,4.4941828036826337e-13,9,494,y,4.4941828036826337e-13,-1.448078667227178e-17,5.99563801384484e-17,0.25,0.5
control45,P8/I1,200,s2,passiveFiber,0,0,67,x,0,0.0,0,0.25,0.5
control45,P8/I1,200,s2,activePotential,1.2567724638756772e-13,9,494,z,-1.2567724638756772e-13,1.0336346813380441e-18,-2.5153490401663703e-16,0.25,0.5
control45,P8/I1,200,s2,total,5.329070518200751e-13,9,494,z,-5.329070518200751e-13,-7.296822364763401e-18,-2.688821387764051e-16,0.25,0.5
control45,P8/I1,200,s3,matrix,1.1628068299907035e-16,9,494,z,-1.1628068299907035e-16,3.2561004406739643e-22,-1.852884572118782e-22,0.125,0.25
control45,P8/I1,200,s3,volume,1.0191847366058937e-13,9,494,y,-1.0191847366058937e-13,2.1702273893660963e-18,1.0421893383016911e-17,0.125,0.25
control45,P8/I1,200,s3,passiveFiber,0,0,67,x,0,0.0,0,0.125,0.25
control45,P8/I1,200,s3,activePotential,2.4313884239290928e-14,9,494,z,-2.4313884239290928e-14,5.318159656731543e-19,-2.938187887435717e-17,0.125,0.25
control45,P8/I1,200,s3,total,8.337774914934926e-14,9,494,y,-8.337774914934926e-14,-2.0549485590197264e-18,-1.9949319973733282e-17,0.125,0.25
control45,P8/I1,200,s4,matrix,3.672057232936843e-17,9,494,z,-3.672057232936843e-17,2.6533610045344553e-23,-8.735027268559972e-22,0.0625,0.125
control45,P8/I1,200,s4,volume,1.484923295436147e-14,9,494,y,-1.484923295436147e-14,-9.580823935319406e-20,1.5432940298973352e-18,0.0625,0.125
control45,P8/I1,200,s4,passiveFiber,0,0,67,x,0,0.0,0,0.0625,0.125
control45,P8/I1,200,s4,activePotential,6.314393452555578e-15,9,494,z,-6.314393452555578e-15,-2.831743608035848e-20,-5.346471963069144e-18,0.0625,0.125
control45,P8/I1,200,s4,total,1.587618925213974e-14,9,494,y,-1.587618925213974e-14,-7.119820083943317e-20,-3.6930636500287495e-18,0.0625,0.125
control45,P8/I1,200,s5,matrix,1.4475793068575993e-18,9,494,z,1.4475793068575993e-18,-6.856701043577784e-24,-1.3028094647710186e-23,0.03125,0.0625
control45,P8/I1,200,s5,volume,1.0824674490095276e-15,9,494,y,1.0824674490095276e-15,3.274013436026278e-20,-1.6114801821513064e-19,0.03125,0.0625
control45,P8/I1,200,s5,passiveFiber,0,0,67,x,0,0.0,0,0.03125,0.0625
control45,P8/I1,200,s5,activePotential,3.7990444123892075e-16,9,494,z,3.7990444123892075e-16,7.949918077047135e-21,3.2780175058741423e-19,0.03125,0.0625
control45,P8/I1,200,s5,total,1.5612511283791264e-15,9,494,y,1.5612511283791264e-15,4.071782958593088e-20,1.5246593050577406e-19,0.03125,0.0625
control45,P8/I1,200,s6,matrix,5.955700410381799e-19,9,494,z,-5.955700410381799e-19,3.623025311967835e-24,-2.371681912554384e-23,0.015625,0.03125
control45,P8/I1,200,s6,volume,6.071532165918825e-17,9,494,y,-6.071532165918825e-17,-1.861829721647828e-21,8.390920133737913e-21,0.015625,0.03125
control45,P8/I1,200,s6,passiveFiber,0,0,67,x,0,0.0,0,0.015625,0.03125
control45,P8/I1,200,s6,activePotential,7.741203511546502e-17,9,494,z,-7.741203511546502e-17,-1.3284369192618718e-22,-6.257455897841144e-20,0.015625,0.03125
control45,P8/I1,200,s6,total,4.9439619065339e-17,9,494,y,-4.9439619065339e-17,-4.951522405605008e-21,-5.791587776851279e-20,0.015625,0.03125
control45,P8/I1,200,s7,matrix,1.998468359928115e-20,9,494,y,-1.998468359928115e-20,-2.0163847397460128e-25,7.528636043939666e-25,0.0078125,0.015625
control45,P8/I1,200,s7,volume,6.3696877633523385e-18,3,92,y,6.3696877633523385e-18,-4.581811743681448e-22,1.1448179677733903e-21,0.0078125,0.015625
control45,P8/I1,200,s7,passiveFiber,0,0,67,x,0,0.0,0,0.0078125,0.015625
control45,P8/I1,200,s7,activePotential,4.7704895589362195e-18,9,494,z,4.7704895589362195e-18,-1.4751543447545974e-22,7.543887186483612e-22,0.0078125,0.015625
control45,P8/I1,200,s7,total,1.2088854223213374e-17,9,494,y,-1.2088854223213374e-17,5.875237285879001e-22,2.21022659674169e-21,0.0078125,0.015625
control45,P8/I1,200,s8,matrix,1.0844337830570193e-21,9,494,x,-1.0844337830570193e-21,2.5181496991787323e-26,-1.7771458472818954e-26,0.00390625,0.0078125
control45,P8/I1,200,s8,volume,4.336808689942018e-19,3,92,y,-4.336808689942018e-19,3.0235894527157025e-23,-7.527343574232552e-23,0.00390625,0.0078125
control45,P8/I1,200,s8,passiveFiber,0,0,67,x,0,0.0,0,0.00390625,0.0078125
control45,P8/I1,200,s8,activePotential,3.015437292225309e-19,9,494,z,3.015437292225309e-19,-2.5880887762490087e-23,2.2003004293910536e-22,0.00390625,0.0078125
control45,P8/I1,200,s8,total,1.3010426069826053e-18,9,494,y,1.3010426069826053e-18,-1.3884632796024938e-22,1.257314531080602e-22,0.00390625,0.0078125
control45,P8/I1,200,s9,matrix,1.0428679572762296e-21,9,494,z,1.0428679572762296e-21,5.135398718305458e-27,2.6152316729886983e-26,0.001953125,0.00390625
control45,P8/I1,200,s9,volume,1.164670302474663e-20,2,84,y,1.164670302474663e-20,5.510993482542193e-28,-3.774011544773189e-24,0.001953125,0.00390625
control45,P8/I1,200,s9,passiveFiber,0,0,67,x,0,0.0,0,0.001953125,0.00390625
control45,P8/I1,200,s9,activePotential,1.0672615135404184e-19,9,494,z,1.0672615135404184e-19,-1.7324082277001672e-24,3.3914405114674135e-23,0.001953125,0.00390625
control45,P8/I1,200,s9,total,7.242131699024268e-20,9,494,z,7.242131699024268e-20,-1.3225902481066179e-24,4.5908523996693036e-23,0.001953125,0.00390625
control45,P8/I1,200,s10,matrix,2.11292947719014e-22,9,494,z,-2.11292947719014e-22,-8.902027346066078e-28,-4.7836525292602156e-27,0.0009765625,0.001953125
control45,P8/I1,200,s10,volume,1.4092510659943422e-19,9,494,y,-1.4092510659943422e-19,1.5951390942846367e-25,1.2666203129718236e-23,0.0009765625,0.001953125
control45,P8/I1,200,s10,passiveFiber,0,0,67,x,0,0.0,0,0.0009765625,0.001953125
control45,P8/I1,200,s10,activePotential,4.2722224277138773e-20,9,494,z,-4.2722224277138773e-20,-8.265333439288957e-26,-3.629254937576409e-23,0.0009765625,0.001953125
control45,P8/I1,200,s10,total,1.317136232980437e-19,9,494,y,-1.317136232980437e-19,-2.4688070558205894e-24,-2.540995444186332e-23,0.0009765625,0.001953125
control45,P8/I1,200,s11,matrix,3.9168294474092975e-23,9,494,z,-3.9168294474092975e-23,8.07962753530123e-29,-1.2582331438275138e-27,0.00048828125,0.0009765625
control45,P8/I1,200,s11,volume,8.139457227521792e-21,9,494,y,-8.139457227521792e-21,-1.6283071473086244e-25,9.758146288711498e-25,0.00048828125,0.0009765625
control45,P8/I1,200,s11,passiveFiber,0,0,67,x,0,0.0,0,0.00048828125,0.0009765625
control45,P8/I1,200,s11,activePotential,5.98878763488392e-21,9,494,z,-5.98878763488392e-21,-1.2565885914434278e-25,-4.775675567786621e-24,0.00048828125,0.0009765625
control45,P8/I1,200,s11,total,1.095848875510251e-20,9,494,y,-1.095848875510251e-20,-5.552074577585816e-26,-3.47997468640473e-24,0.00048828125,0.0009765625
control45,P8/I1,200,s12,matrix,1.4015218386518584e-24,9,494,z,1.4015218386518584e-24,1.0299450615582384e-29,5.955899834418639e-29,0.000244140625,0.00048828125
control45,P8/I1,200,s12,volume,2.754511439801582e-22,3,92,y,-2.754511439801582e-22,2.732110144979652e-26,-4.099552352252554e-26,0.000244140625,0.00048828125
control45,P8/I1,200,s12,passiveFiber,0,0,67,x,0,0.0,0,0.000244140625,0.00048828125
control45,P8/I1,200,s12,activePotential,2.630434347918628e-22,9,494,z,2.630434347918628e-22,2.7583083671898603e-27,1.607509198223169e-25,0.000244140625,0.00048828125
control45,P8/I1,200,s12,total,5.67445900211377e-22,9,494,y,5.67445900211377e-22,-1.4441115483767475e-26,1.6317430052315585e-25,0.000244140625,0.00048828125
control45,P8/I1,200,s13,matrix,4.033919124938166e-26,9,494,x,4.033919124938166e-26,-2.0253089257045874e-31,-3.3280069439011436e-31,0.0001220703125,0.000244140625
control45,P8/I1,200,s13,volume,1.943874439499615e-23,3,92,y,1.943874439499615e-23,-1.4527794745304976e-27,-1.262177448353619e-29,0.0001220703125,0.000244140625
control45,P8/I1,200,s13,passiveFiber,0,0,67,x,0,0.0,0,0.0001220703125,0.000244140625
control45,P8/I1,200,s13,activePotential,6.824240053562478e-24,6,495,z,6.824240053562478e-24,2.387861071541019e-29,6.512835633504673e-27,0.0001220703125,0.000244140625
control45,P8/I1,200,s13,total,3.474158572722716e-23,9,494,y,-3.474158572722716e-23,2.1146292203551036e-27,5.351632381019344e-27,0.0001220703125,0.000244140625
control45,P8/I1,200,s14,matrix,3.520212903458243e-26,9,494,z,3.520212903458243e-26,-5.205510095864717e-32,1.1293653193886751e-30,6.103515625e-05,0.0001220703125
control45,P8/I1,200,s14,volume,8.090860366534302e-24,9,494,y,8.090860366534302e-24,2.9064938470856173e-28,-1.003431071441127e-27,6.103515625e-05,0.0001220703125
control45,P8/I1,200,s14,passiveFiber,0,0,67,x,0,0.0,0,6.103515625e-05,0.0001220703125
control45,P8/I1,200,s14,activePotential,3.774011544773189e-24,9,494,z,3.774011544773189e-24,-2.2063475226039726e-30,3.5782730660825095e-27,6.103515625e-05,0.0001220703125
control45,P8/I1,200,s14,total,1.1994118882018901e-23,9,494,y,1.1994118882018901e-23,1.0055278098744476e-28,2.884075469488019e-27,6.103515625e-05,0.0001220703125
control45,P8/I1,200,s15,matrix,7.399515290973091e-28,9,494,y,7.399515290973091e-28,3.879346913399438e-32,-7.896312771987667e-32,3.0517578125e-05,6.103515625e-05
control45,P8/I1,200,s15,volume,1.3215502755241731e-24,9,494,y,1.3215502755241731e-24,-4.0296395550291587e-29,-7.651950780643815e-29,3.0517578125e-05,6.103515625e-05
control45,P8/I1,200,s15,passiveFiber,0,0,67,x,0,0.0,0,3.0517578125e-05,6.103515625e-05
control45,P8/I1,200,s15,activePotential,1.3409373211308847e-25,9,494,z,1.3409373211308847e-25,-4.456778479235432e-30,4.338734978715565e-29,3.0517578125e-05,6.103515625e-05
control45,P8/I1,200,s15,total,9.305781891221561e-25,9,494,y,9.305781891221561e-25,-2.4224822281375294e-29,-1.4199496293978212e-29,3.0517578125e-05,6.103515625e-05
control45,P8/I1,200,s16,matrix,1.9011547815826385e-28,9,494,z,1.9011547815826385e-28,-9.1914327153575e-34,9.292611981668413e-33,1.52587890625e-05,3.0517578125e-05
control45,P8/I1,200,s16,volume,2.0639125635478376e-25,9,494,y,2.0639125635478376e-25,3.1684092751712785e-30,-2.4405384255275053e-29,1.52587890625e-05,3.0517578125e-05
control45,P8/I1,200,s16,passiveFiber,0,0,67,x,0,0.0,0,1.52587890625e-05,3.0517578125e-05
control45,P8/I1,200,s16,activePotential,5.0487097934144756e-26,9,494,z,5.0487097934144756e-26,1.2526402351690203e-30,6.448937900181772e-29,1.52587890625e-05,3.0517578125e-05
control45,P8/I1,200,s16,total,2.649562899583917e-25,9,494,y,2.649562899583917e-25,-1.2926097481401383e-30,4.4373425918681914e-29,1.52587890625e-05,3.0517578125e-05
control45,P8/I1,200,s17,matrix,1.5111616715640007e-29,9,494,y,-1.5111616715640007e-29,4.18705936176787e-35,2.467597741246146e-34,7.62939453125e-06,1.52587890625e-05
control45,P8/I1,200,s17,volume,1.7670484276950664e-26,3,92,y,1.7670484276950664e-26,-1.3353218926031292e-30,2.0984932674043322e-30,7.62939453125e-06,1.52587890625e-05
control45,P8/I1,200,s17,passiveFiber,0,0,67,x,0,0.0,0,7.62939453125e-06,1.52587890625e-05
control45,P8/I1,200,s17,activePotential,3.357392012620626e-27,9,494,z,-3.357392012620626e-27,1.1835212085915535e-31,-4.412690688580035e-30,7.62939453125e-06,1.52587890625e-05
control45,P8/I1,200,s17,total,2.186091340548468e-26,9,494,y,-2.186091340548468e-26,-1.9453053111689107e-31,-1.590047762086102e-30,7.62939453125e-06,1.52587890625e-05
control45,P8/I1,200,s18,matrix,5.9241605089351375e-30,9,494,z,5.9241605089351375e-30,-2.508620698472057e-35,1.8469367240119781e-34,3.814697265625e-06,7.62939453125e-06
control45,P8/I1,200,s18,volume,1.9185097214975007e-27,9,494,y,1.9185097214975007e-27,-4.509086134899808e-32,-1.7949667081689038e-31,3.814697265625e-06,7.62939453125e-06
control45,P8/I1,200,s18,passiveFiber,0,0,67,x,0,0.0,0,3.814697265625e-06,7.62939453125e-06
control45,P8/I1,200,s18,activePotential,1.6944732244147334e-27,9,494,z,1.6944732244147334e-27,1.1627413320295953e-32,9.876168754817745e-31,3.814697265625e-06,7.62939453125e-06
control45,P8/I1,200,s18,total,1.678696006310313e-27,9,494,y,1.678696006310313e-27,4.496993473977073e-32,8.997944700177166e-31,3.814697265625e-06,7.62939453125e-06
control45,P8/I1,200,s19,matrix,6.571272970249249e-31,9,494,z,6.571272970249249e-31,7.415689158903889e-38,1.4058912435834559e-35,1.9073486328125e-06,3.814697265625e-06
control45,P8/I1,200,s19,volume,1.7473269050645411e-28,3,92,y,-1.7473269050645411e-28,1.8188549576101058e-32,-8.137054015036071e-33,1.9073486328125e-06,3.814697265625e-06
control45,P8/I1,200,s19,passiveFiber,0,0,67,x,0,0.0,0,1.9073486328125e-06,3.814697265625e-06
control45,P8/I1,200,s19,activePotential,2.3271396704019848e-29,9,494,z,-2.3271396704019848e-29,3.7511122495990896e-33,3.717044792667365e-32,1.9073486328125e-06,3.814697265625e-06
control45,P8/I1,200,s19,total,1.5619445923376034e-28,9,494,y,1.5619445923376034e-28,-3.1991827125022496e-33,1.560003254953661e-32,1.9073486328125e-06,3.814697265625e-06
control45,P8/I1,200,s20,matrix,1.8760965070762161e-31,9,494,z,1.8760965070762161e-31,-3.0583005628043015e-38,6.782602404244599e-36,9.5367431640625e-07,1.9073486328125e-06
control45,P8/I1,200,s20,volume,2.2433231992222523e-29,3,92,y,-2.2433231992222523e-29,2.202427045385607e-33,-2.5939868938465583e-33,9.5367431640625e-07,1.9073486328125e-06
control45,P8/I1,200,s20,passiveFiber,0,0,67,x,0,0.0,0,9.5367431640625e-07,1.9073486328125e-06
control45,P8/I1,200,s20,activePotential,2.1447155860696258e-29,9,494,z,2.1447155860696258e-29,6.853839518954473e-34,1.9163002946652997e-32,9.5367431640625e-07,1.9073486328125e-06
control45,P8/I1,200,s20,total,2.6426840324903895e-29,9,494,y,2.6426840324903895e-29,2.404057797493295e-34,1.9211151195262678e-32,9.5367431640625e-07,1.9073486328125e-06
control45,P8/I1,200,core,matrix,2.4609773570623148e-32,9,494,z,2.4609773570623148e-32,-3.829607961025732e-38,1.045455288262572e-36,0,9.5367431640625e-07
control45,P8/I1,200,core,volume,1.392832535780849e-30,9,494,y,1.392832535780849e-30,-4.909991094063936e-35,-2.2644723174240547e-34,0,9.5367431640625e-07
control45,P8/I1,200,core,passiveFiber,0,0,67,x,0,0.0,0,0,9.5367431640625e-07
control45,P8/I1,200,core,activePotential,3.666970614113297e-30,9,494,z,3.666970614113297e-30,6.154372285358601e-35,2.6541722046086594e-33,0,9.5367431640625e-07
control45,P8/I1,200,core,total,3.0753249351975382e-30,9,494,z,3.0753249351975382e-30,6.626300495793999e-35,2.5548664418511926e-33,0,9.5367431640625e-07
control45,P8/I1,203,s1,matrix,4.3615293126263166e-13,7,498,y,4.3615293126263166e-13,-7.138073677146088e-18,-9.753584387633268e-18,0.5,1
control45,P8/I1,203,s1,volume,4.5441606033591597e-10,7,498,y,4.5441606033591597e-10,-7.478251169656073e-15,-9.80118763926896e-15,0.5,1
control45,P8/I1,203,s1,passiveFiber,0,0,67,x,0,0.0,0,0.5,1
control45,P8/I1,203,s1,activePotential,6.501466032204917e-13,8,454,z,-6.501466032204917e-13,-2.2319912609174977e-17,-8.187894806610529e-16,0.5,1
control45,P8/I1,203,s1,total,4.547957566103378e-10,7,498,y,4.547957566103378e-10,-7.468391886540327e-15,-1.1546319456101628e-14,0.5,1
control45,P8/I1,203,s2,matrix,1.8240617349896127e-15,7,498,y,1.8240617349896127e-15,-4.8370192143483837e-20,-8.957373417214226e-20,0.25,0.5
control45,P8/I1,203,s2,volume,1.1972645097557688e-12,7,498,y,1.1972645097557688e-12,-1.4960139079466765e-17,7.134050294954619e-17,0.25,0.5
control45,P8/I1,203,s2,passiveFiber,0,0,67,x,0,0.0,0,0.25,0.5
control45,P8/I1,203,s2,activePotential,6.554756737386924e-13,7,498,z,-6.554756737386924e-13,5.4697918306139476e-18,-5.238864897449957e-16,0.25,0.5
control45,P8/I1,203,s2,total,1.6004975122996257e-12,7,498,y,1.6004975122996257e-12,-6.858197063558309e-17,-4.926614671774132e-16,0.25,0.5
control45,P8/I1,203,s3,matrix,5.2959887994127874e-17,7,498,x,-5.2959887994127874e-17,-4.755151027880793e-21,2.091112588534054e-21,0.125,0.25
control45,P8/I1,203,s3,volume,5.240252676230739e-14,9,500,y,5.240252676230739e-14,-2.9533659273301597e-18,1.22514845490862e-17,0.125,0.25
control45,P8/I1,203,s3,passiveFiber,0,0,67,x,0,0.0,0,0.125,0.25
control45,P8/I1,203,s3,activePotential,4.39648317751562e-14,7,498,z,-4.39648317751562e-14,2.5129114513198586e-18,-3.165870343657673e-17,0.125,0.25
control45,P8/I1,203,s3,total,5.995204332975845e-14,7,498,y,-5.995204332975845e-14,-2.1796263297335962e-18,-1.5829351718288365e-17,0.125,0.25
control45,P8/I1,203,s4,matrix,2.1467203015212988e-17,7,498,y,-2.1467203015212988e-17,-1.2551901666346114e-22,-5.624828165360588e-23,0.0625,0.125
control45,P8/I1,203,s4,volume,2.758904216193514e-14,7,498,y,-2.758904216193514e-14,4.014707771982123e-19,4.492662752236809e-18,0.0625,0.125
control45,P8/I1,203,s4,passiveFiber,0,0,67,x,0,0.0,0,0.0625,0.125
control45,P8/I1,203,s4,activePotential,7.93809462606987e-15,7,498,z,-7.93809462606987e-15,1.5085156474419674e-19,-9.324138683375338e-18,0.0625,0.125
control45,P8/I1,203,s4,total,2.5424107263916085e-14,7,498,y,-2.5424107263916085e-14,-4.634472735889828e-19,-2.6291902682773483e-18,0.0625,0.125
control45,P8/I1,203,s5,matrix,1.904130065427667e-18,7,498,y,1.904130065427667e-18,2.4702180116714676e-23,-2.9695783990653694e-22,0.03125,0.0625
control45,P8/I1,203,s5,volume,3.6914915568786455e-15,7,498,y,3.6914915568786455e-15,-7.89492763227298e-20,-3.6930636500287495e-19,0.03125,0.0625
control45,P8/I1,203,s5,passiveFiber,0,0,67,x,0,0.0,0,0.03125,0.0625
control45,P8/I1,203,s5,activePotential,7.147060721024445e-16,7,498,z,7.147060721024445e-16,2.3235394181307042e-20,4.37069000783219e-19,0.03125,0.0625
control45,P8/I1,203,s5,total,2.7755575615628914e-15,7,498,y,2.7755575615628914e-15,1.7247189190903747e-20,1.7618285302889447e-19,0.03125,0.0625
control45,P8/I1,203,s6,matrix,7.712234984750405e-19,7,498,z,-7.712234984750405e-19,-1.0423297531244956e-23,-3.25185378309909e-23,0.015625,0.03125
control45,P8/I1,203,s6,volume,2.1684043449710089e-16,7,498,y,-2.1684043449710089e-16,-1.1648288275057011e-20,2.72109334305444e-20,0.015625,0.03125
control45,P8/I1,203,s6,passiveFiber,0,0,67,x,0,0.0,0,0.015625,0.03125
control45,P8/I1,203,s6,activePotential,1.6479873021779667e-16,7,498,z,-1.6479873021779667e-16,-5.806892575791957e-21,-1.4060746924421386e-19,0.015625,0.03125
control45,P8/I1,203,s6,total,2.2724877535296173e-16,7,498,y,-2.2724877535296173e-16,-1.2105369762028842e-20,-8.364450354136216e-20,0.015625,0.03125
control45,P8/I1,203,s7,matrix,2.0196441836094724e-19,7,498,z,2.0196441836094724e-19,2.5022595407810324e-24,7.127970434734293e-24,0.0078125,0.015625
control45,P8/I1,203,s7,volume,7.892991815694472e-17,7,498,y,7.892991815694472e-17,1.0677740807580876e-22,-1.23216824045899e-20,0.0078125,0.015625
control45,P8/I1,203,s7,passiveFiber,0,0,67,x,0,0.0,0,0.0078125,0.015625
control45,P8/I1,203,s7,activePotential,7.524363077049401e-17,7,498,z,7.524363077049401e-17,7.513837894356191e-23,4.155755397466411e-20,0.0078125,0.015625
control45,P8/I1,203,s7,total,8.7061434450586e-17,7,498,y,8.7061434450586e-17,2.0561219229590464e-21,3.075788389717178e-20,0.0078125,0.015625
control45,P8/I1,203,s8,matrix,4.751325438504591e-21,7,498,y,-4.751325438504591e-21,-1.3559387722195056e-25,1.3813269994782005e-25,0.00390625,0.0078125
control45,P8/I1,203,s8,volume,4.729831977468013e-18,7,498,y,-4.729831977468013e-18,-7.524827844933236e-23,8.05673916626649e-22,0.00390625,0.0078125
control45,P8/I1,203,s8,passiveFiber,0,0,67,x,0,0.0,0,0.00390625,0.0078125
control45,P8/I1,203,s8,activePotential,1.1519648082658485e-18,7,498,z,-1.1519648082658485e-18,9.231008866970919e-23,-1.0323214044661785e-21,0.00390625,0.0078125
control45,P8/I1,203,s8,total,6.261267546103788e-18,7,498,y,-6.261267546103788e-18,3.548267733199185e-23,-4.566036981292713e-22,0.00390625,0.0078125
control45,P8/I1,203,s9,matrix,1.945528800724721e-21,7,498,z,-1.945528800724721e-21,-3.253609656374515e-26,-7.522577592187569e-26,0.001953125,0.00390625
control45,P8/I1,203,s9,volume,9.215718466126788e-19,7,498,y,-9.215718466126788e-19,-3.390237018280388e-24,1.3048774163024012e-22,0.001953125,0.00390625
control45,P8/I1,203,s9,passiveFiber,0,0,67,x,0,0.0,0,0.001953125,0.00390625
control45,P8/I1,203,s9,activePotential,5.675120746603812e-19,7,498,z,-5.675120746603812e-19,-2.089664035650472e-23,-4.574308787418243e-22,0.001953125,0.00390625
control45,P8/I1,203,s9,total,1.0113573390216346e-18,7,498,y,-1.0113573390216346e-18,-1.859379554025367e-23,-3.8339821391832833e-22,0.001953125,0.00390625
control45,P8/I1,203,s10,matrix,3.77504552053888e-22,7,498,z,-3.77504552053888e-22,-7.103639454217062e-27,-1.6698607641718378e-26,0.0009765625,0.001953125
control45,P8/I1,203,s10,volume,2.176874674443552e-19,7,498,y,-2.176874674443552e-19,1.123075925902641e-24,2.8175839615087505e-23,0.0009765625,0.001953125
control45,P8/I1,203,s10,passiveFiber,0,0,67,x,0,0.0,0,0.0009765625,0.001953125
control45,P8/I1,203,s10,activePotential,1.2641966737770433e-19,7,498,z,-1.2641966737770433e-19,-1.7445782660049287e-24,-9.04728794979874e-23,0.0009765625,0.001953125
control45,P8/I1,203,s10,total,2.191697751020502e-19,7,498,y,-2.191697751020502e-19,-3.46911716799113e-24,-5.707546226615891e-23,0.0009765625,0.001953125
control45,P8/I1,203,s11,matrix,2.3005960786631082e-23,7,498,z,-2.3005960786631082e-23,-9.406699655826353e-29,-4.401843851133246e-28,0.00048828125,0.0009765625
control45,P8/I1,203,s11,volume,2.710505431213761e-20,7,498,y,-2.710505431213761e-20,2.5468026364064534e-25,3.6738451424718456e-24,0.00048828125,0.0009765625
control45,P8/I1,203,s11,passiveFiber,0,0,67,x,0,0.0,0,0.00048828125,0.0009765625
control45,P8/I1,203,s11,activePotential,8.364450354136216e-21,7,498,z,-8.364450354136216e-21,-2.8144181414761174e-25,-8.413977793312828e-24,0.00048828125,0.0009765625
control45,P8/I1,203,s11,total,2.4113969217145863e-20,7,498,y,-2.4113969217145863e-20,-5.244316567834579e-25,-5.279738753561122e-24,0.00048828125,0.0009765625
control45,P8/I1,203,s12,matrix,8.465676581597393e-25,7,498,z,8.465676581597393e-25,2.0484431345287176e-29,4.476785637129242e-29,0.000244140625,0.00048828125
control45,P8/I1,203,s12,volume,3.705769144237564e-22,7,498,y,3.705769144237564e-22,3.139945379108023e-27,-6.421958857223213e-26,0.000244140625,0.00048828125
control45,P8/I1,203,s12,passiveFiber,0,0,67,x,0,0.0,0,0.000244140625,0.00048828125
control45,P8/I1,203,s12,activePotential,2.779326858178173e-22,9,500,z,-2.779326858178173e-22,2.8108450587515735e-26,3.7320062792919803e-25,0.000244140625,0.00048828125
control45,P8/I1,203,s12,total,6.187310981896647e-22,7,498,y,6.187310981896647e-22,-1.2099460838436749e-26,1.9952501103574007e-25,0.000244140625,0.00048828125
control45,P8/I1,203,s13,matrix,2.8070826451384484e-25,7,498,z,2.8070826451384484e-25,3.687822368649913e-30,6.7053176943786e-30,0.0001220703125,0.000244140625
control45,P8/I1,203,s13,volume,2.1423977865123417e-22,7,498,y,2.1423977865123417e-22,-7.139422383873987e-27,-1.423736161742882e-26,0.0001220703125,0.000244140625
control45,P8/I1,203,s13,passiveFiber,0,0,67,x,0,0.0,0,0.0001220703125,0.000244140625
control45,P8/I1,203,s13,activePotential,3.1846453583291565e-23,7,498,z,3.1846453583291565e-23,1.8540091629293933e-27,3.069615554396001e-26,0.0001220703125,0.000244140625
control45,P8/I1,203,s13,total,7.692779696743157e-23,7,498,y,7.692779696743157e-23,5.3539230435745095e-27,3.705752988366225e-26,0.0001220703125,0.000244140625
control45,P8/I1,203,s14,matrix,1.1662519622787439e-26,7,498,z,1.1662519622787439e-26,1.4498939762970104e-31,7.395570986446986e-31,6.103515625e-05,0.0001220703125
control45,P8/I1,203,s14,volume,2.8434333556510326e-24,7,498,y,2.8434333556510326e-24,-2.4681888412189616e-28,-3.7234234726431757e-28,6.103515625e-05,0.0001220703125
control45,P8/I1,203,s14,passiveFiber,0,0,67,x,0,0.0,0,6.103515625e-05,0.0001220703125
control45,P8/I1,203,s14,activePotential,8.478601278668534e-24,7,498,z,8.478601278668534e-24,-2.2367245333743583e-28,1.4388822911231255e-27,6.103515625e-05,0.0001220703125
control45,P8/I1,203,s14,total,4.497794580757088e-24,7,498,z,4.497794580757088e-24,8.493697428309113e-28,1.7796702021786026e-27,6.103515625e-05,0.0001220703125
control45,P8/I1,203,s15,matrix,3.534096855390133e-27,7,498,y,3.534096855390133e-27,-3.003351027689373e-32,-2.5537831062574747e-31,3.0517578125e-05,6.103515625e-05
control45,P8/I1,203,s15,volume,2.5009288832657946e-24,7,498,y,2.5009288832657946e-24,-6.865479477622409e-29,-2.8241220406912223e-28,3.0517578125e-05,6.103515625e-05
control45,P8/I1,203,s15,passiveFiber,0,0,67,x,0,0.0,0,3.0517578125e-05,6.103515625e-05
control45,P8/I1,203,s15,activePotential,6.203854594147708e-25,7,498,z,-6.203854594147708e-25,-1.7692556485641953e-29,1.9563750449481093e-28,3.0517578125e-05,6.103515625e-05
control45,P8/I1,203,s15,total,1.22138387322283e-24,9,500,y,-1.22138387322283e-24,1.2255166092946915e-28,-3.5183196372857127e-28,3.0517578125e-05,6.103515625e-05
control45,P8/I1,203,s16,matrix,2.7807346909040666e-27,7,498,z,2.7807346909040666e-27,4.5155268346835696e-32,1.1362986671884692e-31,1.52587890625e-05,3.0517578125e-05
control45,P8/I1,203,s16,volume,8.021390119776919e-25,7,498,y,8.021390119776919e-25,-2.3374404977687635e-30,-1.2296369360132522e-28,1.52587890625e-05,3.0517578125e-05
control45,P8/I1,203,s16,passiveFiber,0,0,67,x,0,0.0,0,1.52587890625e-05,3.0517578125e-05
control45,P8/I1,203,s16,activePotential,6.979336418416171e-25,7,498,z,6.979336418416171e-25,9.093021493923085e-30,4.886993307844168e-28,1.52587890625e-05,3.0517578125e-05
control45,P8/I1,203,s16,total,9.588509639652772e-25,7,498,y,9.588509639652772e-25,1.618403713308915e-29,3.5518462257576057e-28,1.52587890625e-05,3.0517578125e-05
control45,P8/I1,203,s17,matrix,4.8021907605329094e-29,7,498,z,-4.8021907605329094e-29,-2.8612037229204075e-34,-3.400470058058713e-33,7.62939453125e-06,1.52587890625e-05
control45,P8/I1,203,s17,volume,3.705752988366225e-26,7,498,y,-3.705752988366225e-26,8.748395244825408e-31,2.107737731137391e-30,7.62939453125e-06,1.52587890625e-05
control45,P8/I1,203,s17,passiveFiber,0,0,67,x,0,0.0,0,7.62939453125e-06,1.52587890625e-05
control45,P8/I1,203,s17,activePotential,1.2621774483536189e-26,7,498,z,-1.2621774483536189e-26,-1.5909636024145076e-31,-1.1980824998044117e-29,7.62939453125e-06,1.52587890625e-05
control45,P8/I1,203,s17,total,1.8175355256292112e-26,7,498,y,-1.8175355256292112e-26,-5.534840198884484e-31,-7.07509624370095e-30,7.62939453125e-06,1.52587890625e-05
control45,P8/I1,203,s18,matrix,2.1558089425492963e-29,7,498,z,2.1558089425492963e-29,3.072144170920521e-34,9.215875710446734e-34,3.814697265625e-06,7.62939453125e-06
control45,P8/I1,203,s18,volume,2.7641686118944254e-27,7,498,y,2.7641686118944254e-27,1.8627425636482068e-31,-6.917940360238951e-31,3.814697265625e-06,7.62939453125e-06
control45,P8/I1,203,s18,passiveFiber,0,0,67,x,0,0.0,0,3.814697265625e-06,7.62939453125e-06
control45,P8/I1,203,s18,activePotential,5.9827211051961535e-27,7,498,z,5.9827211051961535e-27,7.061025560816049e-32,3.7286003723336886e-30,3.814697265625e-06,7.62939453125e-06
control45,P8/I1,203,s18,total,7.38373807286867e-27,7,498,y,7.38373807286867e-27,-5.478148204490496e-34,3.0660804714644795e-30,3.814697265625e-06,7.62939453125e-06
control45,P8/I1,203,s19,matrix,1.9798559828300785e-30,7,498,z,-1.9798559828300785e-30,-2.913470180592516e-35,-8.632830512438879e-35,1.9073486328125e-06,3.814697265625e-06
control45,P8/I1,203,s19,volume,3.3132158019282496e-28,7,498,y,-3.3132158019282496e-28,2.4184016702443337e-33,5.103714352626175e-32,1.9073486328125e-06,3.814697265625e-06
control45,P8/I1,203,s19,passiveFiber,0,0,67,x,0,0.0,0,1.9073486328125e-06,3.814697265625e-06
control45,P8/I1,203,s19,activePotential,5.679798517591285e-28,7,498,z,-5.679798517591285e-28,-8.207440061247659e-33,-3.289488345013399e-31,1.9073486328125e-06,3.814697265625e-06
control45,P8/I1,203,s19,total,7.020862056467005e-28,7,498,y,-7.020862056467005e-28,-1.5676539078374637e-32,-2.6885982023645813e-31,1.9073486328125e-06,3.814697265625e-06
control45,P8/I1,203,s20,matrix,2.487338523176115e-31,7,498,z,2.487338523176115e-31,3.5617697952032794e-36,9.4039548065783e-36,9.5367431640625e-07,1.9073486328125e-06
control45,P8/I1,203,s20,volume,1.5481395264962357e-28,7,498,y,1.5481395264962357e-28,-2.1666084702078876e-33,-1.71407765050464e-32,9.5367431640625e-07,1.9073486328125e-06
control45,P8/I1,203,s20,passiveFiber,0,0,67,x,0,0.0,0,9.5367431640625e-07,1.9073486328125e-06
control45,P8/I1,203,s20,activePotential,5.66007699496076e-29,7,498,z,5.66007699496076e-29,1.1875732181398356e-33,5.739271234273963e-32,9.5367431640625e-07,1.9073486328125e-06
control45,P8/I1,203,s20,total,1.2503445347753037e-28,7,498,y,1.2503445347753037e-28,1.2340235930048945e-33,3.1922288828218434e-32,9.5367431640625e-07,1.9073486328125e-06
control45,P8/I1,203,core,matrix,1.0708471417346842e-32,7,498,x,1.0708471417346842e-32,-8.685534777168832e-38,1.630998411765924e-37,0,9.5367431640625e-07
control45,P8/I1,203,core,volume,8.430950924549564e-30,7,498,y,8.430950924549564e-30,2.0546408346872726e-34,-1.2127340118563376e-33,0,9.5367431640625e-07
control45,P8/I1,203,core,passiveFiber,0,0,67,x,0,0.0,0,0,9.5367431640625e-07
control45,P8/I1,203,core,activePotential,3.697785493223493e-30,7,498,z,3.697785493223493e-30,1.7756663396973467e-34,2.6481536735324493e-33,0,9.5367431640625e-07
control45,P8/I1,203,core,total,9.096552313329792e-30,7,498,y,9.096552313329792e-30,1.8158727792660088e-34,1.661114577033991e-33,0,9.5367431640625e-07
control45,P8/I1,206,s1,matrix,4.3473287036216446e-13,7,505,y,-4.3473287036216446e-13,-7.471462318268712e-18,-1.946481712790382e-18,0.5,1
control45,P8/I1,206,s1,volume,4.610374304547804e-10,7,505,y,-4.610374304547804e-10,-8.11120973487825e-15,-2.518818487118324e-15,0.5,1
control45,P8/I1,206,s1,passiveFiber,0,0,76,x,0,0.0,0,0.5,1
control45,P8/I1,206,s1,activePotential,1.5027978861326119e-12,8,500,z,1.5027978861326119e-12,-1.452685610623586e-17,1.0512424264419451e-15,0.5,1
control45,P8/I1,206,s1,total,4.6149484234092597e-10,7,505,y,-4.6149484234092597e-10,-8.07976159956687e-15,-1.745131816832668e-15,0.5,1
control45,P8/I1,206,s2,matrix,2.308049584787142e-15,7,505,y,-2.308049584787142e-15,-9.737629717036621e-20,4.7645603283054394e-20,0.25,0.5
control45,P8/I1,206,s2,volume,2.5082158572331537e-12,7,505,y,-2.5082158572331537e-12,-3.008973636430761e-17,-3.5887091909270197e-17,0.25,0.5
control45,P8/I1,206,s2,passiveFiber,0,0,76,x,0,0.0,0,0.25,0.5
control45,P8/I1,206,s2,activePotential,1.9984014443252818e-13,7,505,z,-1.9984014443252818e-13,1.340284485828723e-18,1.5092094240998222e-16,0.25,0.5
control45,P8/I1,206,s2,total,2.346567384847731e-12,7,505,y,-2.346567384847731e-12,-5.747703883106071e-17,8.066464163292153e-17,0.25,0.5
control45,P8/I1,206,s3,matrix,3.019909626186812e-16,7,505,x,-3.019909626186812e-16,-5.371901820585369e-21,-3.791795927943079e-21,0.125,0.25
control45,P8/I1,206,s3,volume,1.971756091734278e-13,7,505,y,-1.971756091734278e-13,-7.959730148913637e-18,-1.032702569292443e-17,0.125,0.25
control45,P8/I1,206,s3,passiveFiber,0,0,76,x,0,0.0,0,0.125,0.25
control45,P8/I1,206,s3,activePotential,1.3211653993039363e-14,7,505,z,-1.3211653993039363e-14,-3.503822606817709e-19,7.752045533271357e-18,0.125,0.25
control45,P8/I1,206,s3,total,2.744471316873387e-13,7,505,y,-2.744471316873387e-13,-2.445558428103581e-19,5.421010862427522e-20,0.125,0.25
control45,P8/I1,206,s4,matrix,3.944327503502265e-16,7,505,z,-3.944327503502265e-16,-9.683700527964154e-21,4.982108829406886e-21,0.0625,0.125
control45,P8/I1,206,s4,volume,6.405986852087153e-14,7,505,y,-6.405986852087153e-14,-1.3190024700322599e-18,-2.656295322589486e-18,0.0625,0.125
control45,P8/I1,206,s4,passiveFiber,0,0,76,x,0,0.0,0,0.0625,0.125
control45,P8/I1,206,s4,activePotential,2.4494295480792516e-14,7,505,z,-2.4494295480792516e-14,-6.727737111258993e-19,1.0977546996415732e-17,0.0625,0.125
control45,P8/I1,206,s4,total,7.821521208484228e-14,7,505,y,-7.821521208484228e-14,-8.974230065192044e-19,7.816420037262684e-18,0.0625,0.125
control45,P8/I1,206,s5,matrix,4.766084987610497e-17,7,505,z,-4.766084987610497e-17,-1.2300482335192943e-21,3.803996841978236e-22,0.03125,0.0625
control45,P8/I1,206,s5,volume,1.8818280267396403e-14,7,505,y,-1.8818280267396403e-14,-3.410466976780596e-19,-7.043078956419507e-19,0.03125,0.0625
control45,P8/I1,206,s5,passiveFiber,0,0,76,x,0,0.0,0,0.03125,0.0625
control45,P8/I1,206,s5,activePotential,3.0617869350990645e-15,7,505,z,-3.0617869350990645e-15,-8.40054746136963e-20,1.7152417181899582e-18,0.03125,0.0625
control45,P8/I1,206,s5,total,1.9310941734573817e-14,7,505,y,-1.9310941734573817e-14,-4.437094736267306e-19,9.783230540787169e-19,0.03125,0.0625
control45,P8/I1,206,s6,matrix,4.5930361564864436e-18,7,505,z,4.5930361564864436e-18,1.085429902363153e-22,-4.500379520171316e-23,0.015625,0.03125
control45,P8/I1,206,s6,volume,1.083334810747516e-15,7,505,y,1.083334810747516e-15,2.4756305916023915e-20,4.1001688603028476e-20,0.015625,0.03125
control45,P8/I1,206,s6,passiveFiber,0,0,76,x,0,0.0,0,0.015625,0.03125
control45,P8/I1,206,s6,activePotential,2.5717275531356165e-16,7,505,z,2.5717275531356165e-16,9.307358611772704e-21,-1.1064367873509298e-19,0.015625,0.03125
control45,P8/I1,206,s6,total,1.4025239303272485e-15,7,505,y,1.4025239303272485e-15,2.889984607994011e-20,-7.490947627280219e-20,0.015625,0.03125
control45,P8/I1,206,s7,matrix,1.545835128739098e-19,7,505,y,1.545835128739098e-19,6.124692169100972e-24,2.358757215483243e-25,0.0078125,0.015625
control45,P8/I1,206,s7,volume,1.5959455978986625e-16,7,505,y,1.5959455978986625e-16,2.6364110338194763e-21,5.54872754900571e-21,0.0078125,0.015625
control45,P8/I1,206,s7,passiveFiber,0,0,76,x,0,0.0,0,0.0078125,0.015625
control45,P8/I1,206,s7,activePotential,3.3881317890172014e-18,1,92,z,-3.3881317890172014e-18,6.546823748698642e-22,-7.173310272059856e-21,0.0078125,0.015625
control45,P8/I1,206,s7,total,1.6805133673525319e-16,7,505,y,1.6805133673525319e-16,3.96199291687603e-21,-1.3896634290890865e-22,0.0078125,0.015625
control45,P8/I1,206,s8,matrix,8.437242248040882e-21,7,505,z,-8.437242248040882e-21,-3.559886614249531e-25,7.229752424169529e-26,0.00390625,0.0078125
control45,P8/I1,206,s8,volume,1.4568966692773966e-18,1,92,y,-1.4568966692773966e-18,1.5873226524994443e-22,2.936491174563248e-23,0.00390625,0.0078125
control45,P8/I1,206,s8,passiveFiber,0,0,76,x,0,0.0,0,0.00390625,0.0078125
control45,P8/I1,206,s8,activePotential,3.7947076036992655e-19,7,505,z,-3.7947076036992655e-19,2.18176263247788e-23,1.257314531080602e-22,0.00390625,0.0078125
control45,P8/I1,206,s8,total,2.588532686809142e-18,7,505,y,2.588532686809142e-18,9.987536395523515e-23,1.1911400820763599e-22,0.00390625,0.0078125
control45,P8/I1,206,s9,matrix,2.5551609121763025e-21,7,505,z,-2.5551609121763025e-21,-8.490977124375823e-26,2.2163835993089548e-26,0.001953125,0.00390625
control45,P8/I1,206,s9,volume,4.590918574118308e-19,7,505,y,-4.590918574118308e-19,-2.805868208932756e-23,-2.491881595315996e-23,0.001953125,0.00390625
control45,P8/I1,206,s9,passiveFiber,0,0,76,x,0,0.0,0,0.001953125,0.00390625
control45,P8/I1,206,s9,activePotential,1.6940658945086007e-19,7,505,z,-1.6940658945086007e-19,7.682837034972801e-25,7.072394237328387e-23,0.001953125,0.00390625
control45,P8/I1,206,s9,total,8.538092108323347e-19,7,505,y,-8.538092108323347e-19,-3.532991610342341e-23,3.1743056006722437e-23,0.001953125,0.00390625
control45,P8/I1,206,s10,matrix,8.828085087472188e-22,7,505,z,-8.828085087472188e-22,-2.4254743211029345e-26,5.402119478953489e-27,0.0009765625,0.001953125
control45,P8/I1,206,s10,volume,3.936585622364361e-19,7,505,y,-3.936585622364361e-19,-2.1594591422402047e-24,-1.258219259875582e-23,0.0009765625,0.001953125
control45,P8/I1,206,s10,passiveFiber,0,0,76,x,0,0.0,0,0.0009765625,0.001953125
control45,P8/I1,206,s10,activePotential,6.268043809681823e-20,7,505,z,-6.268043809681823e-20,-1.3648173584150448e-24,2.86152793155063e-23,0.0009765625,0.001953125
control45,P8/I1,206,s10,total,4.148343859177936e-19,7,505,y,-4.148343859177936e-19,-4.801946905310571e-24,1.638851588620686e-23,0.0009765625,0.001953125
control45,P8/I1,206,s11,matrix,4.1384880021793666e-23,7,505,z,4.1384880021793666e-23,5.994270378438235e-28,-4.3742337194505105e-28,0.00048828125,0.0009765625
control45,P8/I1,206,s11,volume,9.714409113822757e-21,7,505,y,9.714409113822757e-21,-3.965404353217865e-27,3.0938493614043906e-25,0.00048828125,0.0009765625
control45,P8/I1,206,s11,passiveFiber,0,0,76,x,0,0.0,0,0.00048828125,0.0009765625
control45,P8/I1,206,s11,activePotential,9.132073962585426e-22,8,500,z,-9.132073962585426e-22,6.271070426747764e-26,-7.528636043939666e-25,0.00048828125,0.0009765625
control45,P8/I1,206,s11,total,1.3367238698856927e-20,7,505,y,1.3367238698856927e-20,1.873457708035608e-25,-4.475176360882591e-25,0.00048828125,0.0009765625
control45,P8/I1,206,s12,matrix,4.656122119878566e-24,7,505,z,4.656122119878566e-24,8.317400336627988e-29,-7.770279916426966e-29,0.000244140625,0.00048828125
control45,P8/I1,206,s12,volume,8.404155023538761e-22,1,92,y,8.404155023538761e-22,-1.1962919304076886e-25,-4.2712084852286463e-26,0.000244140625,0.00048828125
control45,P8/I1,206,s12,passiveFiber,0,0,76,x,0,0.0,0,0.000244140625,0.00048828125
control45,P8/I1,206,s12,activePotential,1.257314531080602e-22,7,505,z,1.257314531080602e-22,1.839159533567481e-27,-2.4233807008389483e-27,0.000244140625,0.00048828125
control45,P8/I1,206,s12,total,1.4459117107426924e-21,7,505,y,-1.4459117107426924e-21,-2.2783846425169896e-26,-7.189362745822213e-26,0.000244140625,0.00048828125
control45,P8/I1,206,s13,matrix,7.4531578325281195e-25,7,505,x,-7.4531578325281195e-25,-4.8648143752789675e-30,-6.582058177937817e-30,0.0001220703125,0.000244140625
control45,P8/I1,206,s13,volume,2.1961645263282885e-22,7,505,y,-2.1961645263282885e-22,-1.090036431085928e-26,-8.570184874321072e-27,0.0001220703125,0.000244140625
control45,P8/I1,206,s13,passiveFiber,0,0,76,x,0,0.0,0,0.0001220703125,0.000244140625
control45,P8/I1,206,s13,activePotential,1.943874439499615e-23,7,505,z,-1.943874439499615e-23,-3.1112870375858692e-28,6.1089388500315154e-27,0.0001220703125,0.000244140625
control45,P8/I1,206,s13,total,3.2797711287727547e-22,7,505,y,-3.2797711287727547e-22,2.2311186231601625e-27,-2.398137151871876e-27,0.0001220703125,0.000244140625
control45,P8/I1,206,s14,matrix,9.648084415215063e-26,7,505,z,9.648084415215063e-26,1.4367977139263519e-30,-1.4598548978455248e-30,6.103515625e-05,0.0001220703125
control45,P8/I1,206,s14,volume,1.7577588016751838e-23,7,505,y,-1.7577588016751838e-23,-8.401749112791297e-29,-4.496507159759767e-28,6.103515625e-05,0.0001220703125
control45,P8/I1,206,s14,passiveFiber,0,0,76,x,0,0.0,0,6.103515625e-05,0.0001220703125
control45,P8/I1,206,s14,activePotential,4.006656092053728e-24,7,505,z,4.006656092053728e-24,5.176072046010969e-29,-1.3568407569801403e-27,6.103515625e-05,0.0001220703125
control45,P8/I1,206,s14,total,2.0524418948972e-23,7,505,y,-2.0524418948972e-23,-4.080337135979107e-28,-1.5777218104420236e-27,6.103515625e-05,0.0001220703125
control45,P8/I1,206,s15,matrix,1.731707459141165e-26,7,505,z,1.731707459141165e-26,4.423652911876616e-31,-1.95096703366427e-31,3.0517578125e-05,6.103515625e-05
control45,P8/I1,206,s15,volume,2.126112668202704e-24,7,505,y,2.126112668202704e-24,1.6834734463569863e-29,7.415292509077511e-29,3.0517578125e-05,6.103515625e-05
control45,P8/I1,206,s15,passiveFiber,0,0,76,x,0,0.0,0,3.0517578125e-05,6.103515625e-05
control45,P8/I1,206,s15,activePotential,8.56261180963095e-25,7,505,z,8.56261180963095e-25,4.254509432505919e-29,-4.054745052836001e-28,3.0517578125e-05,6.103515625e-05
control45,P8/I1,206,s15,total,2.151962062344986e-24,7,505,y,2.151962062344986e-24,9.950424767079193e-29,-3.463099373920242e-28,3.0517578125e-05,6.103515625e-05
control45,P8/I1,206,s16,matrix,4.0851161976870096e-27,7,505,z,4.0851161976870096e-27,7.717751000358052e-32,-5.580382013862016e-32,1.52587890625e-05,3.0517578125e-05
control45,P8/I1,206,s16,volume,3.877409121342317e-26,7,505,y,3.877409121342317e-26,-8.266186781124155e-30,1.8242408433235898e-30,1.52587890625e-05,3.0517578125e-05
control45,P8/I1,206,s16,passiveFiber,0,0,76,x,0,0.0,0,1.52587890625e-05,3.0517578125e-05
control45,P8/I1,206,s16,activePotential,1.1147551223859162e-25,7,505,z,1.1147551223859162e-25,6.38360994956872e-30,-8.144988846406947e-29,1.52587890625e-05,3.0517578125e-05
control45,P8/I1,206,s16,total,1.7973406864555533e-25,7,505,z,1.7973406864555533e-25,5.946152960699884e-30,-6.882811398053328e-29,1.52587890625e-05,3.0517578125e-05
control45,P8/I1,206,s17,matrix,1.0236456321374154e-27,7,505,z,1.0236456321374154e-27,2.354495175558426e-32,-1.1214028027748491e-32,7.62939453125e-06,1.52587890625e-05
control45,P8/I1,206,s17,volume,1.8165257836705283e-25,7,505,y,1.8165257836705283e-25,5.9459394630924926e-30,6.837821674552442e-30,7.62939453125e-06,1.52587890625e-05
control45,P8/I1,206,s17,passiveFiber,0,0,76,x,0,0.0,0,7.62939453125e-06,1.52587890625e-05
control45,P8/I1,206,s17,activePotential,5.977672395402739e-26,7,505,z,5.977672395402739e-26,2.0679785714383787e-30,-2.2852314348121186e-29,7.62939453125e-06,1.52587890625e-05
control45,P8/I1,206,s17,total,2.1416626943664205e-25,7,505,y,2.1416626943664205e-25,5.313388791071064e-30,-1.6824923994166892e-29,7.62939453125e-06,1.52587890625e-05
control45,P8/I1,206,s18,matrix,6.032320734611925e-29,7,505,z,-6.032320734611925e-29,-1.6837449702040843e-33,6.261153110219832e-34,3.814697265625e-06,7.62939453125e-06
control45,P8/I1,206,s18,volume,1.7872432668687243e-26,7,505,y,-1.7872432668687243e-26,-1.8767578836564718e-31,-5.458085462393426e-31,3.814697265625e-06,7.62939453125e-06
control45,P8/I1,206,s18,passiveFiber,0,0,76,x,0,0.0,0,3.814697265625e-06,7.62939453125e-06
control45,P8/I1,206,s18,activePotential,4.001102511280972e-27,7,505,z,-4.001102511280972e-27,-1.3528285651483804e-31,1.639351568662415e-30,3.814697265625e-06,7.62939453125e-06
control45,P8/I1,206,s18,total,1.78219455707531e-26,7,505,y,-1.78219455707531e-26,-3.821838255281766e-31,1.0523281216131857e-30,3.814697265625e-06,7.62939453125e-06
control45,P8/I1,206,s19,matrix,1.2338277595722388e-29,7,505,z,1.2338277595722388e-29,2.9997594577819687e-34,-1.2387359468965266e-34,1.9073486328125e-06,3.814697265625e-06
control45,P8/I1,206,s19,volume,3.406301388744329e-27,7,505,y,3.406301388744329e-27,6.669890991221837e-32,1.1218541926055649e-31,1.9073486328125e-06,3.814697265625e-06
control45,P8/I1,206,s19,passiveFiber,0,0,76,x,0,0.0,0,1.9073486328125e-06,3.814697265625e-06
control45,P8/I1,206,s19,activePotential,8.543363603543558e-28,7,505,z,8.543363603543558e-28,2.119572974263819e-32,-3.4897850592296714e-31,1.9073486328125e-06,3.814697265625e-06
control45,P8/I1,206,s19,total,3.8433303302367695e-27,7,505,y,3.8433303302367695e-27,6.239919115935185e-32,-2.134893343353251e-31,1.9073486328125e-06,3.814697265625e-06
control45,P8/I1,206,s20,matrix,1.3570102388152464e-30,7,505,z,-1.3570102388152464e-30,-2.418564194108304e-35,2.070339425385754e-35,9.5367431640625e-07,1.9073486328125e-06
control45,P8/I1,206,s20,volume,1.072850831100576e-28,7,505,y,1.072850831100576e-28,6.00362193730924e-34,2.2388935603501617e-33,9.5367431640625e-07,1.9073486328125e-06
control45,P8/I1,206,s20,passiveFiber,0,0,76,x,0,0.0,0,9.5367431640625e-07,1.9073486328125e-06
control45,P8/I1,206,s20,activePotential,7.178634237511207e-29,7,505,z,-7.178634237511207e-29,-2.0329919739737137e-33,2.1377822382698318e-32,9.5367431640625e-07,1.9073486328125e-06
control45,P8/I1,206,s20,total,8.066102755884846e-29,7,505,z,-8.066102755884846e-29,-1.5129250713578911e-33,2.3905605434706565e-32,9.5367431640625e-07,1.9073486328125e-06
control45,P8/I1,206,core,matrix,6.631217539768301e-32,7,505,z,-6.631217539768301e-32,-1.2494642931694813e-36,8.797840531935558e-37,0,9.5367431640625e-07
control45,P8/I1,206,core,volume,2.8842726847143244e-30,1,92,y,-2.8842726847143244e-30,2.748968363616655e-34,-1.3692158198378005e-34,0,9.5367431640625e-07
control45,P8/I1,206,core,passiveFiber,0,0,76,x,0,0.0,0,0,9.5367431640625e-07
control45,P8/I1,206,core,activePotential,6.680665791090444e-30,7,505,z,-6.680665791090444e-30,-1.5018717570098217e-34,1.9981523173017572e-33,0,9.5367431640625e-07
control45,P8/I1,206,core,total,4.905728754343167e-30,7,505,z,-4.905728754343167e-30,-1.2895531312867476e-34,1.9469948031539712e-33,0,9.5367431640625e-07
control45,P8/I1,246,s1,matrix,5.0839540910452286e-14,4,505,y,-5.0839540910452286e-14,-1.4865600893404715e-18,1.5246593050577406e-19,0.5,1
control45,P8/I1,246,s1,volume,1.8744117369351443e-11,4,505,y,-1.8744117369351443e-11,-5.891979966981929e-16,-4.597017211338539e-17,0.5,1
control45,P8/I1,246,s1,passiveFiber,1.9984014443252818e-13,6,573,z,1.9984014443252818e-13,-5.0028566506774475e-18,2.6020852139652106e-16,0.5,1
control45,P8/I1,246,s1,activePotential,0,0,92,x,0,0.0,6.036837696399289e-16,0.5,1
control45,P8/I1,246,s1,total,1.8827606140803255e-11,4,505,y,-1.8827606140803255e-11,-5.403592306940225e-16,1.0408340855860843e-16,0.5,1
control45,P8/I1,246,s2,matrix,2.4513811119897255e-16,1,93,z,-2.4513811119897255e-16,3.632663480679019e-20,-2.541098841762901e-21,0.25,0.5
control45,P8/I1,246,s2,volume,1.1013412404281553e-13,5,500,y,-1.1013412404281553e-13,1.8830394096708897e-17,-3.848917712323541e-18,0.25,0.5
control45,P8/I1,246,s2,passiveFiber,4.973799150320701e-14,4,505,z,4.973799150320701e-14,2.028587574508617e-19,-5.898059818321144e-17,0.25,0.5
control45,P8/I1,246,s2,activePotential,0,0,92,x,0,0.0,8.716985466783456e-17,0.25,0.5
control45,P8/I1,246,s2,total,1.6697754290362354e-13,4,505,y,1.6697754290362354e-13,-2.2688272201130705e-17,-5.551115123125783e-17,0.25,0.5
control45,P8/I1,246,s3,matrix,1.5048726154098802e-16,0,92,y,1.5048726154098802e-16,-7.073445184394204e-21,-1.545835128739098e-20,0.125,0.25
control45,P8/I1,246,s3,volume,4.707345624410664e-14,4,505,y,-4.707345624410664e-14,-1.6487228069742883e-19,3.266159044612582e-18,0.125,0.25
control45,P8/I1,246,s3,passiveFiber,1.5543122344752192e-15,4,505,z,-1.5543122344752192e-15,8.258389945261571e-20,2.439454888092385e-18,0.125,0.25
control45,P8/I1,246,s3,activePotential,0,0,92,x,0,0.0,4.065758146820642e-18,0.125,0.25
control45,P8/I1,246,s3,total,4.263256414560601e-14,4,505,y,-4.263256414560601e-14,-8.309661547118508e-19,3.686287386450715e-18,0.125,0.25
control45,P8/I1,246,s4,matrix,2.3784685158900754e-17,4,505,z,-2.3784685158900754e-17,-2.6782925091255583e-22,2.2499312661442353e-22,0.0625,0.125
control45,P8/I1,246,s4,volume,2.1371793224034263e-15,5,500,y,2.1371793224034263e-15,-3.0686516253346065e-19,-3.5575383784680614e-20,0.0625,0.125
control45,P8/I1,246,s4,passiveFiber,2.914335439641036e-16,4,505,z,-2.914335439641036e-16,2.2627947954655776e-20,1.8973538018496328e-19,0.0625,0.125
control45,P8/I1,246,s4,activePotential,0,0,92,x,0,0.0,1.179069862577986e-18,0.0625,0.125
control45,P8/I1,246,s4,total,1.7208456881689926e-15,0,92,y,-1.7208456881689926e-15,2.2682821758284747e-19,-7.995991022080595e-19,0.0625,0.125
control45,P8/I1,246,s5,matrix,1.1082579081875266e-17,4,505,z,-1.1082579081875266e-17,-2.8388982073097715e-22,3.8712052667481695e-22,0.03125,0.0625
control45,P8/I1,246,s5,volume,2.7755575615628914e-16,1,93,y,-2.7755575615628914e-16,5.877204397213152e-23,-2.0328790734103208e-20,0.03125,0.0625
control45,P8/I1,246,s5,passiveFiber,7.546047120499111e-17,4,505,z,-7.546047120499111e-17,-1.0147143471938735e-21,7.199780051661553e-20,0.03125,0.0625
control45,P8/I1,246,s5,activePotential,0,0,92,x,0,0.0,2.964615315390051e-20,0.03125,0.0625
control45,P8/I1,246,s5,total,4.40619762898109e-16,0,92,y,-4.40619762898109e-16,2.632469533805736e-20,1.9481757786848908e-19,0.03125,0.0625
control45,P8/I1,246,s6,matrix,1.997938964336081e-18,4,505,z,-1.997938964336081e-18,-3.397764490432544e-23,2.212708138579349e-23,0.015625,0.03125
control45,P8/I1,246,s6,volume,1.43982048506075e-16,4,505,y,-1.43982048506075e-16,-6.4425771349194695e-21,7.702705864093794e-21,0.015625,0.03125
control45,P8/I1,246,s6,passiveFiber,6.299214622140781e-17,4,505,z,-6.299214622140781e-17,-1.0708905160053372e-21,3.0387306982748025e-20,0.015625,0.03125
control45,P8/I1,246,s6,activePotential,0,0,92,x,0,0.0,-3.1763735522036263e-22,0.015625,0.03125
control45,P8/I1,246,s6,total,1.7954387976359953e-16,4,505,y,-1.7954387976359953e-16,-7.637085621868607e-21,1.7575933655526732e-20,0.015625,0.03125
control45,P8/I1,246,s7,matrix,7.422126200315807e-20,4,505,x,-7.422126200315807e-20,-6.808464243652107e-24,-4.575342763183934e-24,0.0078125,0.015625
control45,P8/I1,246,s7,volume,2.959871930885427e-17,4,505,y,-2.959871930885427e-17,-8.62253755537597e-22,1.3714654556129199e-21,0.0078125,0.015625
control45,P8/I1,246,s7,passiveFiber,4.512991542970912e-18,4,505,z,-4.512991542970912e-18,-8.742592929738845e-23,1.5749518863009647e-21,0.0078125,0.015625
control45,P8/I1,246,s7,activePotential,0,0,92,x,0,0.0,3.970466940254533e-23,0.0078125,0.015625
control45,P8/I1,246,s7,total,2.3527187142935446e-17,4,505,y,-2.3527187142935446e-17,-2.1296976913986012e-21,-8.205631676526035e-22,0.0078125,0.015625
control45,P8/I1,246,s8,matrix,4.527324928625231e-20,4,505,z,-4.527324928625231e-20,-8.894217364672447e-25,4.491332232221517e-25,0.00390625,0.0078125
control45,P8/I1,246,s8,volume,1.2739375526704677e-18,4,505,y,1.2739375526704677e-18,-1.12421824679989e-22,2.1299900773240463e-23,0.00390625,0.0078125
control45,P8/I1,246,s8,passiveFiber,5.13301966036106e-19,4,505,z,5.13301966036106e-19,-7.842828214527067e-24,-4.367513634279986e-22,0.00390625,0.0078125
control45,P8/I1,246,s8,activePotential,0,0,92,x,0,0.0,3.523789409475898e-22,0.00390625,0.0078125
control45,P8/I1,246,s8,total,6.911788849595091e-19,4,505,y,-6.911788849595091e-19,8.935065389040451e-23,-7.312276614968765e-22,0.00390625,0.0078125
control45,P8/I1,246,s9,matrix,5.471799752038278e-22,4,505,z,-5.471799752038278e-22,2.701386688809838e-26,1.1713006720721583e-26,0.001953125,0.00390625
control45,P8/I1,246,s9,volume,1.0672615135404184e-19,4,505,y,1.0672615135404184e-19,3.226520334527713e-24,-7.186131571554428e-24,0.001953125,0.00390625
control45,P8/I1,246,s9,passiveFiber,4.404571325722362e-20,4,505,z,4.404571325722362e-20,6.109239870345292e-25,-2.0472720160687435e-23,0.001953125,0.00390625
control45,P8/I1,246,s9,activePotential,0,0,92,x,0,0.0,3.908428394313056e-23,0.001953125,0.00390625
control45,P8/I1,246,s9,total,1.3721933745519665e-19,4,505,y,1.3721933745519665e-19,-5.322663070631176e-25,-4.756288522179909e-23,0.001953125,0.00390625
control45,P8/I1,246,s10,matrix,7.0537826735459435e-22,4,505,z,-7.0537826735459435e-22,-1.2546033401406978e-26,9.744009901289938e-27,0.0009765625,0.001953125
control45,P8/I1,246,s10,volume,9.105604182983729e-21,1,93,y,-9.105604182983729e-21,-1.3343438287335721e-25,-3.457356466530233e-25,0.0009765625,0.001953125
control45,P8/I1,246,s10,passiveFiber,1.3711345833678987e-20,4,505,z,1.3711345833678987e-20,1.0970547184390056e-26,-8.943890373229612e-24,0.0009765625,0.001953125
control45,P8/I1,246,s10,activePotential,0,0,92,x,0,0.0,1.4217166778255163e-24,0.0009765625,0.001953125
control45,P8/I1,246,s10,total,1.6728900708272432e-20,0,92,y,-1.6728900708272432e-20,5.499039990703707e-25,-1.1477130999173259e-23,0.0009765625,0.001953125
control45,P8/I1,246,s11,matrix,1.5905132215746185e-22,4,505,z,-1.5905132215746185e-22,-2.308306943975908e-27,2.7767903863779616e-27,0.00048828125,0.0009765625
control45,P8/I1,246,s11,volume,1.61465655570351e-21,4,505,y,1.61465655570351e-21,-8.525059278740628e-26,-9.330015698229951e-26,0.00048828125,0.0009765625
control45,P8/I1,246,s11,passiveFiber,1.257314531080602e-21,4,505,z,1.257314531080602e-21,1.3277719052803473e-26,-1.0307445914234993e-24,0.00048828125,0.0009765625
control45,P8/I1,246,s11,activePotential,0,0,92,x,0,0.0,-9.693522803355793e-26,0.00048828125,0.0009765625
control45,P8/I1,246,s11,total,3.22931311140702e-21,4,505,y,3.22931311140702e-21,-3.4719001739781913e-26,-1.8546940297087417e-24,0.00048828125,0.0009765625
control45,P8/I1,246,s12,matrix,8.162753993992524e-24,4,505,z,-8.162753993992524e-24,-9.939147956839951e-29,1.3095091026668796e-28,0.000244140625,0.00048828125
control45,P8/I1,246,s12,volume,3.5734202462290796e-22,4,505,y,3.5734202462290796e-22,-4.252491200501113e-26,3.584583953324278e-27,0.000244140625,0.00048828125
control45,P8/I1,246,s12,passiveFiber,1.435158362779503e-22,4,505,z,-1.435158362779503e-22,-1.8494117931291395e-27,4.8467614016778965e-26,0.000244140625,0.00048828125
control45,P8/I1,246,s12,activePotential,0,0,92,x,0,0.0,-1.2116903504194741e-26,0.000244140625,0.00048828125
control45,P8/I1,246,s12,total,2.754511439801582e-22,5,500,y,2.754511439801582e-22,-2.431759426864272e-26,3.2311742677852644e-27,0.000244140625,0.00048828125
control45,P8/I1,246,s13,matrix,9.052336659592155e-25,4,505,z,-9.052336659592155e-25,-2.0818076348405673e-29,1.9721522630525295e-29,0.0001220703125,0.000244140625
control45,P8/I1,246,s13,volume,3.5155176033503676e-23,4,505,y,-3.5155176033503676e-23,-3.2617408471304756e-27,2.7199924012020487e-27,0.0001220703125,0.000244140625
control45,P8/I1,246,s13,passiveFiber,3.458648936237347e-23,4,505,z,-3.458648936237347e-23,-8.562122845830696e-28,2.2315297286891982e-26,0.0001220703125,0.000244140625
control45,P8/I1,246,s13,activePotential,0,0,92,x,0,0.0,9.996445390960662e-27,0.0001220703125,0.000244140625
control45,P8/I1,246,s13,total,8.023651941764368e-23,4,505,y,-8.023651941764368e-23,-7.0225971857503085e-28,2.4334781204257772e-26,0.0001220703125,0.000244140625
control45,P8/I1,246,s14,matrix,4.603161154145648e-26,4,505,z,4.603161154145648e-26,1.407864941027686e-30,-7.025792437124636e-31,6.103515625e-05,0.0001220703125
control45,P8/I1,246,s14,volume,6.3589509590014e-24,4,505,y,6.3589509590014e-24,9.551514299055473e-29,-3.9206386989484287e-28,6.103515625e-05,0.0001220703125
control45,P8/I1,246,s14,passiveFiber,4.691665036824204e-24,4,505,z,4.691665036824204e-24,8.294308254023546e-29,-3.0860238612245982e-27,6.103515625e-05,0.0001220703125
control45,P8/I1,246,s14,activePotential,0,0,92,x,0,0.0,2.076281902541703e-27,6.103515625e-05,0.0001220703125
control45,P8/I1,246,s14,total,5.480071558163808e-24,4,505,z,5.480071558163808e-24,1.0212206860196567e-27,-2.6379508670590635e-27,6.103515625e-05,0.0001220703125
control45,P8/I1,246,s15,matrix,1.8214798301553163e-26,4,505,z,1.8214798301553163e-26,1.1142941192310608e-31,-6.725347365800228e-31,3.0517578125e-05,6.103515625e-05
control45,P8/I1,246,s15,volume,1.0856745539758488e-24,4,505,y,-1.0856745539758488e-24,-2.971204335951265e-29,6.547545513334398e-29,3.0517578125e-05,6.103515625e-05
control45,P8/I1,246,s15,passiveFiber,3.3765771098356013e-25,4,505,z,3.3765771098356013e-25,-6.157625781922801e-31,-1.206957184988148e-28,3.0517578125e-05,6.103515625e-05
control45,P8/I1,246,s15,activePotential,0,0,92,x,0,0.0,2.1614788803055723e-28,3.0517578125e-05,6.103515625e-05
control45,P8/I1,246,s15,total,9.111911435154445e-25,4,505,y,-9.111911435154445e-25,8.100618248849884e-31,1.5777218104420236e-30,3.0517578125e-05,6.103515625e-05
control45,P8/I1,246,s16,matrix,3.4838069726822934e-27,4,505,z,3.4838069726822934e-27,7.515180692097773e-32,-4.824454510690026e-32,1.52587890625e-05,3.0517578125e-05
control45,P8/I1,246,s16,volume,1.0985992510469899e-25,4,505,y,1.0985992510469899e-25,8.561856510483703e-30,-9.897739170194882e-30,1.52587890625e-05,3.0517578125e-05
control45,P8/I1,246,s16,passiveFiber,8.754462781780701e-26,4,505,z,8.754462781780701e-26,1.4838763213958022e-30,-4.6246970568581817e-29,1.52587890625e-05,3.0517578125e-05
control45,P8/I1,246,s16,activePotential,0,0,92,x,0,0.0,4.526089443705555e-29,1.52587890625e-05,3.0517578125e-05
control45,P8/I1,246,s16,total,3.2392522034547275e-25,4,505,y,3.2392522034547275e-25,-6.940101847194035e-30,-4.279570410823989e-29,1.52587890625e-05,3.0517578125e-05
control45,P8/I1,246,s17,matrix,1.69679050332382e-28,4,505,z,1.69679050332382e-28,2.317571547395649e-33,-2.407412430484045e-34,7.62939453125e-06,1.52587890625e-05
control45,P8/I1,246,s17,volume,1.857925203976527e-26,4,505,y,-1.857925203976527e-26,1.2440681998826012e-30,4.360305394092702e-31,7.62939453125e-06,1.52587890625e-05
control45,P8/I1,246,s17,passiveFiber,7.522577592187569e-27,4,505,z,-7.522577592187569e-27,-1.2166055409900862e-31,5.583656094767474e-30,7.62939453125e-06,1.52587890625e-05
control45,P8/I1,246,s17,activePotential,0,0,92,x,0,0.0,2.1816934410018608e-30,7.62939453125e-06,1.52587890625e-05
control45,P8/I1,246,s17,total,7.270142102516845e-27,4,505,y,-7.270142102516845e-27,-9.473908607763663e-31,5.867152982581275e-30,7.62939453125e-06,1.52587890625e-05
control45,P8/I1,246,s18,matrix,2.1548844961759905e-29,4,505,z,-2.1548844961759905e-29,-5.389501831348199e-34,-2.4525514135556207e-34,3.814697265625e-06,7.62939453125e-06
control45,P8/I1,246,s18,volume,5.5157154493053145e-27,4,505,y,-5.5157154493053145e-27,2.307639814216071e-31,1.5157068662327546e-31,3.814697265625e-06,7.62939453125e-06
control45,P8/I1,246,s18,passiveFiber,2.2245877527232533e-28,6,573,z,-2.2245877527232533e-28,9.149503338399283e-33,-1.5869662741750823e-31,3.814697265625e-06,7.62939453125e-06
control45,P8/I1,246,s18,activePotential,0,0,92,x,0,0.0,1.9721522630525295e-31,3.814697265625e-06,7.62939453125e-06
control45,P8/I1,246,s18,total,2.2845411815200502e-27,4,505,y,-2.2845411815200502e-27,-1.5353026338066686e-31,-1.1709654061874394e-31,3.814697265625e-06,7.62939453125e-06
control45,P8/I1,246,s19,matrix,2.0434116709948572e-30,4,505,z,-2.0434116709948572e-30,-3.9885432310999043e-35,7.63601130294158e-35,1.9073486328125e-06,3.814697265625e-06
control45,P8/I1,246,s19,volume,2.887230913108903e-28,4,505,y,-2.887230913108903e-28,1.7666926333923838e-32,5.946308703295591e-33,1.9073486328125e-06,3.814697265625e-06
control45,P8/I1,246,s19,passiveFiber,1.8242408433235898e-28,4,505,z,-1.8242408433235898e-28,-3.194239994875454e-33,1.1728913361318266e-31,1.9073486328125e-06,3.814697265625e-06
control45,P8/I1,246,s19,activePotential,0,0,92,x,0,0.0,3.774822690998982e-32,1.9073486328125e-06,3.814697265625e-06
control45,P8/I1,246,s19,total,1.8853775634782182e-28,4,505,z,-1.8853775634782182e-28,4.149693691532102e-33,7.857794173099922e-32,1.9073486328125e-06,3.814697265625e-06
control45,P8/I1,246,s20,matrix,8.252609811699306e-31,4,505,z,8.252609811699306e-31,1.5033008355903542e-35,-4.443368646108247e-36,9.5367431640625e-07,1.9073486328125e-06
control45,P8/I1,246,s20,volume,3.924583003474534e-29,4,505,y,3.924583003474534e-29,1.3619334773465317e-33,-1.670142373648306e-33,9.5367431640625e-07,1.9073486328125e-06
control45,P8/I1,246,s20,passiveFiber,2.711709361697228e-30,6,573,z,2.711709361697228e-30,-1.0788200447926914e-34,2.5518571763130875e-33,9.5367431640625e-07,1.9073486328125e-06
control45,P8/I1,246,s20,activePotential,0,0,92,x,0,0.0,9.7018720948507e-33,9.5367431640625e-07,1.9073486328125e-06
control45,P8/I1,246,s20,total,4.7726084765871214e-29,4,505,y,4.7726084765871214e-29,9.813069015818117e-34,4.140749380432557e-33,9.5367431640625e-07,1.9073486328125e-06
control45,P8/I1,246,core,matrix,6.318253923805376e-32,4,505,z,-6.318253923805376e-32,-2.309459071130711e-36,6.171345341817009e-37,0,9.5367431640625e-07
control45,P8/I1,246,core,volume,1.1857565481603334e-29,4,505,y,-1.1857565481603334e-29,-1.5496395435792963e-34,5.179698307463328e-34,0,9.5367431640625e-07
control45,P8/I1,246,core,passiveFiber,5.5312708002801414e-30,4,505,z,-5.5312708002801414e-30,-7.441284174556933e-35,2.9280153685762195e-33,0,9.5367431640625e-07
control45,P8/I1,246,core,activePotential,0,0,92,x,0,0.0,-5.416677968589101e-35,0,9.5367431640625e-07
control45,P8/I1,246,core,total,1.4199496293978212e-29,4,505,y,-1.4199496293978212e-29,-2.4800089531684487e-34,2.9430616962667448e-33,0,9.5367431640625e-07
control45,P8/I1,247,s1,matrix,1.4849753371404262e-13,5,505,y,-1.4849753371404262e-13,-9.558800318532182e-18,-3.6761229910836635e-19,0.5,1
control45,P8/I1,247,s1,volume,5.452704954223009e-11,5,505,y,-5.452704954223009e-11,-3.522971725440688e-15,-1.5525775109992423e-16,0.5,1
control45,P8/I1,247,s1,passiveFiber,9.103828801926284e-14,9,575,z,9.103828801926284e-14,-4.783372347256782e-18,-1.43982048506075e-16,0.5,1
control45,P8/I1,247,s1,activePotential,0,0,92,x,0,0.0,-7.563394355258879e-16,0.5,1
control45,P8/I1,247,s1,total,5.489830812166474e-11,5,505,y,-5.489830812166474e-11,-3.537656266898446e-15,-2.0816681711721685e-16,0.5,1
control45,P8/I1,247,s2,matrix,3.3393426912553537e-16,4,576,y,-3.3393426912553537e-16,-1.2577683142124865e-21,-7.623296525288703e-21,0.25,0.5
control45,P8/I1,247,s2,volume,9.50350909079134e-14,0,92,y,9.50350909079134e-14,-1.0237125645161674e-17,-1.6263032587282567e-19,0.25,0.5
control45,P8/I1,247,s2,passiveFiber,4.8183679268731794e-14,5,505,z,4.8183679268731794e-14,-2.1340094927164104e-19,-2.45029690981724e-17,0.25,0.5
control45,P8/I1,247,s2,activePotential,0,0,92,x,0,0.0,-1.0104764247564901e-16,0.25,0.5
control45,P8/I1,247,s2,total,1.3233858453531866e-13,5,505,y,-1.3233858453531866e-13,1.1196031054522964e-17,-6.591949208711867e-17,0.25,0.5
control45,P8/I1,247,s3,matrix,2.325613659981407e-16,5,505,z,2.325613659981407e-16,4.2949495340273464e-21,-8.152692117322641e-21,0.125,0.25
control45,P8/I1,247,s3,volume,1.554312234475219e-14,5,505,y,-1.554312234475219e-14,1.3989245650550806e-18,8.673617379884035e-19,0.125,0.25
control45,P8/I1,247,s3,passiveFiber,1.0269562977782698e-15,5,505,z,-1.0269562977782698e-15,-2.106998903434389e-20,2.981555974335137e-19,0.125,0.25
control45,P8/I1,247,s3,activePotential,0,0,92,x,0,0.0,-1.111307226797642e-17,0.125,0.25
control45,P8/I1,247,s3,total,7.993605777301127e-15,4,576,y,7.993605777301127e-15,-8.840275509128812e-20,6.179952383167375e-18,0.125,0.25
control45,P8/I1,247,s4,matrix,2.850774087279073e-17,5,505,z,-2.850774087279073e-17,-8.755675193032002e-22,5.426304818347862e-22,0.0625,0.125
control45,P8/I1,247,s4,volume,3.802513859341161e-15,5,505,y,-3.802513859341161e-15,-3.242488783651108e-19,2.354751593366955e-19,0.0625,0.125
control45,P8/I1,247,s4,passiveFiber,2.175343238874916e-15,5,505,z,-2.175343238874916e-15,-2.5105983934918917e-20,1.043544591017298e-18,0.0625,0.125
control45,P8/I1,247,s4,activePotential,0,0,92,x,0,0.0,-1.4772254600114998e-18,0.0625,0.125
control45,P8/I1,247,s4,total,3.70536934468646e-15,4,576,y,-3.70536934468646e-15,-3.5766405419255757e-19,1.1248597539537109e-18,0.0625,0.125
control45,P8/I1,247,s5,matrix,1.0526925468476445e-17,5,505,z,-1.0526925468476445e-17,-2.6628600391646465e-22,2.4732700315335527e-22,0.03125,0.0625
control45,P8/I1,247,s5,volume,4.215378046623641e-16,4,576,y,-4.215378046623641e-16,-2.218017620036464e-20,1.2123159057577174e-20,0.03125,0.0625
control45,P8/I1,247,s5,passiveFiber,2.6020852139652106e-17,5,505,z,2.6020852139652106e-17,-1.5358953813777636e-21,4.658681209898652e-20,0.03125,0.0625
control45,P8/I1,247,s5,activePotential,0,0,92,x,0,0.0,-2.0921713797181218e-19,0.03125,0.0625
control45,P8/I1,247,s5,total,4.128641872824801e-16,5,505,y,-4.128641872824801e-16,-2.3705009010993972e-20,2.202285662861181e-20,0.03125,0.0625
control45,P8/I1,247,s6,matrix,8.573032217397587e-19,5,505,z,-8.573032217397587e-19,-3.289140366757693e-23,1.1890721305449773e-23,0.015625,0.03125
control45,P8/I1,247,s6,volume,8.066464163292153e-17,5,505,y,-8.066464163292153e-17,-1.8016454725667698e-21,3.646212140133746e-21,0.015625,0.03125
control45,P8/I1,247,s6,passiveFiber,1.6046192152785466e-17,5,505,z,-1.6046192152785466e-17,-5.293647538541646e-22,9.740878893424454e-21,0.015625,0.03125
control45,P8/I1,247,s6,activePotential,0,0,92,x,0,0.0,-2.583450489125616e-20,0.015625,0.03125
control45,P8/I1,247,s6,total,5.2909066017292616e-17,6,573,y,5.2909066017292616e-17,-1.0180811569410671e-20,4.235164736271502e-21,0.015625,0.03125
control45,P8/I1,247,s7,matrix,1.8465318250143747e-19,5,505,z,-1.8465318250143747e-19,-4.7521597507776705e-24,2.4169183523033777e-24,0.0078125,0.015625
control45,P8/I1,247,s7,volume,4.797594613248357e-18,4,576,y,-4.797594613248357e-18,-7.029357906108871e-22,2.9447629806887785e-22,0.0078125,0.015625
control45,P8/I1,247,s7,passiveFiber,1.3145951341386741e-18,5,505,z,1.3145951341386741e-18,5.959656862557041e-23,-1.3565762045869654e-21,0.0078125,0.015625
control45,P8/I1,247,s7,activePotential,0,0,92,x,0,0.0,-4.433688083284228e-21,0.0078125,0.015625
control45,P8/I1,247,s7,total,9.107298248878237e-18,0,92,y,9.107298248878237e-18,-8.187665366371188e-22,-3.1234339930002325e-21,0.0078125,0.015625
control45,P8/I1,247,s8,matrix,4.397292136331895e-21,5,505,z,4.397292136331895e-21,-1.3400715057516813e-25,-1.8256134612986744e-25,0.00390625,0.0078125
control45,P8/I1,247,s8,volume,1.2332799712022613e-18,5,505,y,-1.2332799712022613e-18,-1.6013238743003534e-23,4.983763190631992e-23,0.00390625,0.0078125
control45,P8/I1,247,s8,passiveFiber,2.253107639696439e-19,5,505,z,-2.253107639696439e-19,-3.828209876068767e-24,2.2251158477676444e-22,0.00390625,0.0078125
control45,P8/I1,247,s8,activePotential,0,0,92,x,0,0.0,-3.0936554909483235e-22,0.00390625,0.0078125
control45,P8/I1,247,s8,total,9.012430558785756e-19,5,505,y,-9.012430558785756e-19,-8.303007347501948e-23,2.5808035111654463e-22,0.00390625,0.0078125
control45,P8/I1,247,s9,matrix,6.071505696139223e-22,5,505,z,6.071505696139223e-22,-5.9181519692877784e-27,-3.0090310368750274e-26,0.001953125,0.00390625
control45,P8/I1,247,s9,volume,8.046812998915853e-20,5,505,y,8.046812998915853e-20,-3.1812337194900522e-25,-3.0502285087892896e-24,0.001953125,0.00390625
control45,P8/I1,247,s9,passiveFiber,9.476181097407485e-21,2,93,z,-9.476181097407485e-21,8.805103977397713e-25,-1.4992648602523627e-23,0.001953125,0.00390625
control45,P8/I1,247,s9,activePotential,0,0,92,x,0,0.0,-4.011825970882184e-23,0.001953125,0.00390625
control45,P8/I1,247,s9,total,1.2366681029912785e-19,6,573,y,-1.2366681029912785e-19,8.63632754587187e-24,-3.639594695233322e-23,0.001953125,0.00390625
control45,P8/I1,247,s10,matrix,4.608946975568901e-22,5,505,z,-4.608946975568901e-22,-1.322807831536431e-26,7.371116298385134e-27,0.0009765625,0.001953125
control45,P8/I1,247,s10,volume,2.6046263128069735e-20,5,505,y,-2.6046263128069735e-20,-2.5882876927011917e-24,1.454028420503369e-24,0.0009765625,0.001953125
control45,P8/I1,247,s10,passiveFiber,6.061579528788587e-21,5,505,z,-6.061579528788587e-21,-8.217017079048276e-26,2.3264454728053903e-24,0.0009765625,0.001953125
control45,P8/I1,247,s10,activePotential,0,0,92,x,0,0.0,-7.961613395822891e-24,0.0009765625,0.001953125
control45,P8/I1,247,s10,total,2.0434669852509996e-20,4,576,y,-2.0434669852509996e-20,-2.6430260695217865e-24,9.822769774067204e-25,0.0009765625,0.001953125
control45,P8/I1,247,s11,matrix,1.687965437491022e-23,5,505,z,-1.687965437491022e-23,-7.839269379059841e-28,1.1044052673094165e-28,0.00048828125,0.0009765625
control45,P8/I1,247,s11,volume,2.276401045745932e-21,5,505,y,-2.276401045745932e-21,-1.2894644160827086e-25,1.2641969322709847e-25,0.00048828125,0.0009765625
control45,P8/I1,247,s11,passiveFiber,1.7536228986124187e-22,5,505,z,-1.7536228986124187e-22,7.632471653442762e-27,1.0824433797080636e-25,0.00048828125,0.0009765625
control45,P8/I1,247,s11,activePotential,0,0,92,x,0,0.0,-7.043959903771876e-25,0.00048828125,0.0009765625
control45,P8/I1,247,s11,total,2.0117032497289633e-21,0,92,y,2.0117032497289633e-21,-1.9451775731363057e-25,4.782137916322191e-25,0.00048828125,0.0009765625
control45,P8/I1,247,s12,matrix,3.46462660863275e-24,5,505,z,-3.46462660863275e-24,-1.4950491986093644e-28,1.1044052673094165e-29,0.000244140625,0.00048828125
control45,P8/I1,247,s12,volume,2.779326858178173e-22,4,576,y,-2.779326858178173e-22,-2.1022998677919573e-26,1.464125840090198e-26,0.000244140625,0.00048828125
control45,P8/I1,247,s12,passiveFiber,4.011825970882184e-23,5,505,z,4.011825970882184e-23,-3.8599518727405165e-28,-1.5751974555453164e-26,0.000244140625,0.00048828125
control45,P8/I1,247,s12,activePotential,0,0,92,x,0,0.0,-1.2076513825847426e-25,0.000244140625,0.00048828125
control45,P8/I1,247,s12,total,3.2756352257099896e-22,5,505,y,-3.2756352257099896e-22,-5.7424798202389396e-27,-6.947024675738318e-26,0.000244140625,0.00048828125
control45,P8/I1,247,s13,matrix,1.9700065613903284e-25,5,505,z,-1.9700065613903284e-25,-1.5462203596878502e-29,-4.979684464207637e-30,0.0001220703125,0.000244140625
control45,P8/I1,247,s13,volume,5.169878828456423e-23,0,92,y,5.169878828456423e-23,-5.463954138566752e-27,2.275074850657398e-27,0.0001220703125,0.000244140625
control45,P8/I1,247,s13,passiveFiber,7.599721877830942e-24,5,505,z,-7.599721877830942e-24,5.560188373745146e-29,6.563322731438818e-28,0.0001220703125,0.000244140625
control45,P8/I1,247,s13,activePotential,0,0,92,x,0,0.0,-1.1813980916589873e-26,0.0001220703125,0.000244140625
control45,P8/I1,247,s13,total,3.288042934898285e-23,5,505,y,-3.288042934898285e-23,-1.6968182945817478e-27,2.3224065049706588e-27,0.0001220703125,0.000244140625
control45,P8/I1,247,s14,matrix,4.172758644257064e-26,5,505,z,4.172758644257064e-26,2.8749989288329188e-30,1.1709654061874394e-30,6.103515625e-05,0.0001220703125
control45,P8/I1,247,s14,volume,9.254083102936997e-24,5,505,y,9.254083102936997e-24,5.265415920497456e-28,-5.001378139101215e-28,6.103515625e-05,0.0001220703125
control45,P8/I1,247,s14,passiveFiber,1.6802106192483375e-24,5,505,z,1.6802106192483375e-24,3.4190998171421636e-29,-7.951717924627799e-28,6.103515625e-05,0.0001220703125
control45,P8/I1,247,s14,activePotential,0,0,92,x,0,0.0,-1.8932661725304283e-29,6.103515625e-05,0.0001220703125
control45,P8/I1,247,s14,total,1.1580528575742387e-23,5,505,y,1.1580528575742387e-23,4.187195689854511e-28,-1.262177448353619e-28,6.103515625e-05,0.0001220703125
control45,P8/I1,247,s15,matrix,3.7139571417805236e-27,5,505,z,3.7139571417805236e-27,1.0172948439401965e-31,-3.0814879110195774e-32,3.0517578125e-05,6.103515625e-05
control45,P8/I1,247,s15,volume,3.4412005951913065e-25,4,576,y,3.4412005951913065e-25,4.521614127894184e-29,-8.283039504820624e-30,3.0517578125e-05,6.103515625e-05
control45,P8/I1,247,s15,passiveFiber,1.1470668650637688e-25,5,505,z,1.1470668650637688e-25,-3.974245618947938e-30,3.5104310282335025e-29,3.0517578125e-05,6.103515625e-05
control45,P8/I1,247,s15,activePotential,0,0,92,x,0,0.0,-7.809722961688017e-29,3.0517578125e-05,6.103515625e-05
control45,P8/I1,247,s15,total,1.7771458472818954e-25,4,576,y,1.7771458472818954e-25,2.3092423664588114e-29,2.524354896707238e-29,3.0517578125e-05,6.103515625e-05
control45,P8/I1,247,s16,matrix,1.3110868244773216e-27,5,505,z,1.3110868244773216e-27,2.3644232599370292e-32,-1.7044480007827037e-32,1.52587890625e-05,3.0517578125e-05
control45,P8/I1,247,s16,volume,1.5630805520411216e-25,5,505,y,1.5630805520411216e-25,1.534525128724311e-29,-7.617438116040395e-30,1.52587890625e-05,3.0517578125e-05
control45,P8/I1,247,s16,passiveFiber,9.441087313685069e-26,5,505,z,9.441087313685069e-26,7.792328201422525e-31,-4.2894311721392517e-29,1.52587890625e-05,3.0517578125e-05
control45,P8/I1,247,s16,activePotential,0,0,92,x,0,0.0,-5.32481111024183e-30,1.52587890625e-05,3.0517578125e-05
control45,P8/I1,247,s16,total,9.168456984840688e-26,4,576,y,9.168456984840688e-26,1.287797697697149e-29,-3.825975390321907e-29,1.52587890625e-05,3.0517578125e-05
control45,P8/I1,247,s17,matrix,2.9631587752364256e-29,5,505,z,-2.9631587752364256e-29,3.5652687657107285e-35,-6.018531076210112e-35,7.62939453125e-06,1.52587890625e-05
control45,P8/I1,247,s17,volume,1.0980943800676484e-26,6,573,y,1.0980943800676484e-26,-1.195132600950649e-30,4.876454619188481e-31,7.62939453125e-06,1.52587890625e-05
control45,P8/I1,247,s17,passiveFiber,5.212792861700446e-27,5,505,z,-5.212792861700446e-27,-1.1925631453511937e-31,3.0938138626636557e-30,7.62939453125e-06,1.52587890625e-05
control45,P8/I1,247,s17,activePotential,0,0,92,x,0,0.0,-2.6500796034768365e-30,7.62939453125e-06,1.52587890625e-05
control45,P8/I1,247,s17,total,1.0450829272367964e-26,5,505,y,-1.0450829272367964e-26,-6.641617310767253e-31,2.5391460386801317e-30,7.62939453125e-06,1.52587890625e-05
control45,P8/I1,247,s18,matrix,7.931749882964392e-30,5,505,z,7.931749882964392e-30,7.079933079540103e-35,-2.1365785320545898e-34,3.814697265625e-06,7.62939453125e-06
control45,P8/I1,247,s18,volume,4.922492048579114e-28,0,92,y,4.922492048579114e-28,-7.65423067824327e-32,3.774822690998982e-32,3.814697265625e-06,7.62939453125e-06
control45,P8/I1,247,s18,passiveFiber,2.477023242393977e-28,5,505,z,-2.477023242393977e-28,5.050448166514922e-33,1.7872629883913549e-31,3.814697265625e-06,7.62939453125e-06
control45,P8/I1,247,s18,activePotential,0,0,92,x,0,0.0,-1.5561513950648866e-31,3.814697265625e-06,7.62939453125e-06
control45,P8/I1,247,s18,total,8.835242138475332e-28,0,92,y,8.835242138475332e-28,-1.2577605403187442e-31,3.543711097672514e-31,3.814697265625e-06,7.62939453125e-06
control45,P8/I1,247,s19,matrix,2.6346721639217386e-31,4,576,y,-2.6346721639217386e-31,-4.171681421094432e-35,7.711242941394206e-36,1.9073486328125e-06,3.814697265625e-06
control45,P8/I1,247,s19,volume,1.9879294811569497e-28,0,92,y,1.9879294811569497e-28,-1.2944622002457738e-32,6.885199551184368e-33,1.9073486328125e-06,3.814697265625e-06
control45,P8/I1,247,s19,passiveFiber,7.809722961688017e-29,5,505,z,-7.809722961688017e-29,-1.3090832943714566e-33,4.968899256519069e-32,1.9073486328125e-06,3.814697265625e-06
control45,P8/I1,247,s19,activePotential,0,0,92,x,0,0.0,-2.3881531310401725e-32,1.9073486328125e-06,3.814697265625e-06
control45,P8/I1,247,s19,total,8.421090163234301e-29,5,505,z,-8.421090163234301e-29,-1.0923935281005299e-32,6.471124613141112e-32,1.9073486328125e-06,3.814697265625e-06
control45,P8/I1,247,s20,matrix,4.739713593136987e-31,5,505,z,4.739713593136987e-31,8.199474263092148e-36,-1.1402295202976189e-35,9.5367431640625e-07,1.9073486328125e-06
control45,P8/I1,247,s20,volume,1.8636838885846404e-29,4,576,y,1.8636838885846404e-29,-2.582228613323772e-34,-2.7083389842945504e-35,9.5367431640625e-07,1.9073486328125e-06
control45,P8/I1,247,s20,passiveFiber,4.289431172139252e-30,5,505,z,4.289431172139252e-30,4.518868970424074e-35,-1.3842621475283258e-33,9.5367431640625e-07,1.9073486328125e-06
control45,P8/I1,247,s20,activePotential,0,0,92,x,0,0.0,-1.9981523173017572e-33,9.5367431640625e-07,1.9073486328125e-06
control45,P8/I1,247,s20,total,1.67632942359465e-29,5,505,y,1.67632942359465e-29,3.065871362785837e-34,1.829633447167874e-33,9.5367431640625e-07,1.9073486328125e-06
control45,P8/I1,247,core,matrix,7.282422602214236e-33,5,505,z,7.282422602214236e-33,-5.646895021561507e-37,-6.259507418128681e-37,0,9.5367431640625e-07
control45,P8/I1,247,core,volume,2.230997247578174e-30,6,573,y,-2.230997247578174e-30,7.723158351838771e-35,-5.266214691683848e-36,0,9.5367431640625e-07
control45,P8/I1,247,core,passiveFiber,2.0584339245610777e-30,5,505,z,2.0584339245610777e-30,2.1668156779725572e-35,-1.2322942378540204e-33,0,9.5367431640625e-07
control45,P8/I1,247,core,activePotential,0,0,92,x,0,0.0,-3.009265538105056e-34,0,9.5367431640625e-07
control45,P8/I1,247,core,total,2.311115933264683e-30,5,505,z,2.311115933264683e-30,-5.275796353716926e-35,-1.5106513001287381e-33,0,9.5367431640625e-07
control45,P8/I1,248,s1,matrix,6.794287354949802e-13,5,576,y,-6.794287354949802e-13,-1.7418095955092805e-17,-3.635465409615457e-18,0.5,1
control45,P8/I1,248,s1,volume,2.4987301117107563e-10,5,576,y,-2.4987301117107563e-10,-6.419767957121886e-15,-1.2195106036116954e-15,0.5,1
control45,P8/I1,248,s1,passiveFiber,9.85878045867139e-14,7,579,z,-9.85878045867139e-14,-3.58820732467894e-18,-3.122502256758253e-17,0.5,1
control45,P8/I1,248,s1,activePotential,0,0,92,x,0,0.0,-3.3584246494910985e-15,0.5,1
control45,P8/I1,248,s1,total,2.5085000743274577e-10,5,576,y,-2.5085000743274577e-10,-6.449933637063856e-15,-7.216449660063518e-16,0.5,1
control45,P8/I1,248,s2,matrix,1.4779844015322396e-15,5,576,y,-1.4779844015322396e-15,-3.657040108215032e-20,2.0328790734103208e-20,0.25,0.5
control45,P8/I1,248,s2,volume,7.229772336359019e-13,5,576,y,-7.229772336359019e-13,-1.351171580757998e-17,-7.48099499014998e-18,0.25,0.5
control45,P8/I1,248,s2,passiveFiber,1.582067810090848e-14,8,574,z,-1.582067810090848e-14,-1.358539957815011e-20,-4.96564594998361e-17,0.25,0.5
control45,P8/I1,248,s2,activePotential,0,0,92,x,0,0.0,-3.89011739487799e-16,0.25,0.5
control45,P8/I1,248,s2,total,4.050093593832571e-13,5,576,y,-4.050093593832571e-13,-9.708796804365238e-18,-2.0816681711721685e-17,0.25,0.5
control45,P8/I1,248,s3,matrix,1.730386667286865e-16,5,576,z,1.730386667286865e-16,-1.48386607040177e-21,1.164670302474663e-21,0.125,0.25
control45,P8/I1,248,s3,volume,1.554312234475219e-14,5,576,y,1.554312234475219e-14,-1.3501673340353616e-19,-2.168404344971009e-19,0.125,0.25
control45,P8/I1,248,s3,passiveFiber,1.3822276656583199e-14,4,566,z,1.3822276656583199e-14,-5.228068836008173e-20,6.071532165918825e-18,0.125,0.25
control45,P8/I1,248,s3,activePotential,0,0,92,x,0,0.0,-4.954803928258755e-17,0.125,0.25
control45,P8/I1,248,s3,total,1.865174681370263e-14,5,576,y,1.865174681370263e-14,8.417023373336187e-19,6.179952383167375e-18,0.125,0.25
control45,P8/I1,248,s4,matrix,7.48099499014998e-18,5,576,z,7.48099499014998e-18,-1.7521227840663476e-22,-5.69100261436483e-22,0.0625,0.125
control45,P8/I1,248,s4,volume,1.1171619185290638e-15,2,109,y,-1.1171619185290638e-15,3.143009060607822e-20,1.8634724839594607e-20,0.0625,0.125
control45,P8/I1,248,s4,passiveFiber,1.1310397063368782e-15,4,566,z,-1.1310397063368782e-15,-2.308456443853789e-20,-1.0469327228063152e-18,0.0625,0.125
control45,P8/I1,248,s4,activePotential,0,0,92,x,0,0.0,-6.071532165918825e-18,0.0625,0.125
control45,P8/I1,248,s4,total,1.6410484082740595e-15,4,566,z,-1.6410484082740595e-15,5.580320179404226e-20,-7.724940478959219e-19,0.0625,0.125
control45,P8/I1,248,s5,matrix,2.6613775202730117e-18,5,576,z,-2.6613775202730117e-18,-6.626623193206679e-23,0.0,0.03125,0.0625
control45,P8/I1,248,s5,volume,6.279698983036042e-16,5,576,y,-6.279698983036042e-16,-1.8537330835398777e-20,8.787966827763366e-21,0.03125,0.0625
control45,P8/I1,248,s5,passiveFiber,1.951563910473908e-16,4,566,z,-1.951563910473908e-16,1.8204745835615613e-21,-5.590417451878382e-20,0.03125,0.0625
control45,P8/I1,248,s5,activePotential,0,0,92,x,0,0.0,-6.810144895924575e-19,0.03125,0.0625
control45,P8/I1,248,s5,total,3.608224830031759e-16,5,576,y,3.608224830031759e-16,6.970057155439652e-21,-1.1180834903756764e-19,0.03125,0.0625
control45,P8/I1,248,s6,matrix,3.7078867266056997e-19,5,576,z,3.7078867266056997e-19,8.521822836177507e-25,-7.858215819253763e-24,0.015625,0.03125
control45,P8/I1,248,s6,volume,1.1102230246251565e-16,5,576,y,1.1102230246251565e-16,3.922342574736821e-21,-1.4161332086907834e-21,0.015625,0.03125
control45,P8/I1,248,s6,passiveFiber,2.47198095326695e-17,4,566,z,-2.47198095326695e-17,-2.312462483054737e-22,-1.053497228147536e-20,0.015625,0.03125
control45,P8/I1,248,s6,activePotential,0,0,92,x,0,0.0,-8.512681119905718e-20,0.015625,0.03125
control45,P8/I1,248,s6,total,2.7538735181131813e-17,4,566,z,-2.7538735181131813e-17,-8.12217889535664e-23,-6.776263578034403e-21,0.015625,0.03125
control45,P8/I1,248,s7,matrix,5.942465520580951e-20,5,576,z,-5.942465520580951e-20,2.167559294478933e-25,5.816113682013476e-25,0.0078125,0.015625
control45,P8/I1,248,s7,volume,7.968885967768458e-18,5,576,y,-7.968885967768458e-18,-1.932459646863897e-22,4.863822001811803e-22,0.0078125,0.015625
control45,P8/I1,248,s7,passiveFiber,1.463672932855431e-18,5,576,z,1.463672932855431e-18,-4.863145627584924e-23,1.0521737391674512e-21,0.0078125,0.015625
control45,P8/I1,248,s7,activePotential,0,0,92,x,0,0.0,-1.1871696151361053e-20,0.0078125,0.015625
control45,P8/I1,248,s7,total,8.673617379884035e-18,5,576,y,-8.673617379884035e-18,-2.8663373490347715e-22,2.4352197233561135e-21,0.0078125,0.015625
control45,P8/I1,248,s8,matrix,4.129285617864714e-21,5,576,y,4.129285617864714e-21,1.1565181297976631e-25,1.1632227364026952e-25,0.00390625,0.0078125
control45,P8/I1,248,s8,volume,2.1616280813929745e-18,4,566,y,-2.1616280813929745e-18,-9.9501873296182e-24,-5.604148650046762e-23,0.00390625,0.0078125
control45,P8/I1,248,s8,passiveFiber,4.997494388800372e-19,0,92,z,4.997494388800372e-19,-2.192633780086808e-23,-4.235164736271502e-22,0.00390625,0.0078125
control45,P8/I1,248,s8,activePotential,0,0,92,x,0,0.0,-1.4194419311409955e-21,0.00390625,0.0078125
control45,P8/I1,248,s8,total,1.3823577699190182e-18,4,566,y,-1.3823577699190182e-18,-2.2098135539674533e-23,-3.9373797157524117e-22,0.00390625,0.0078125
control45,P8/I1,248,s9,matrix,3.821574429994988e-22,5,576,z,3.821574429994988e-22,-4.794139976732839e-27,-2.0194839173657902e-27,0.001953125,0.00390625
control45,P8/I1,248,s9,volume,1.9142944607947188e-19,5,576,y,-1.9142944607947188e-19,-8.958576183811191e-24,8.19425794310343e-24,0.001953125,0.00390625
control45,P8/I1,248,s9,passiveFiber,7.792703114739563e-20,4,566,z,7.792703114739563e-20,-1.025234165145506e-24,4.621871672640042e-23,0.001953125,0.00390625
control45,P8/I1,248,s9,activePotential,0,0,92,x,0,0.0,-1.8942436027464334e-22,0.001953125,0.00390625
control45,P8/I1,248,s9,total,6.522153693858113e-20,4,566,y,6.522153693858113e-20,-9.49238602186641e-25,5.914341379754148e-23,0.001953125,0.00390625
control45,P8/I1,248,s10,matrix,9.874468562351768e-23,5,576,z,9.874468562351768e-23,-2.7829452661017615e-27,-3.003982327081613e-27,0.0009765625,0.001953125
control45,P8/I1,248,s10,volume,9.423241538204091e-21,4,566,y,-9.423241538204091e-21,-2.2794731084710796e-26,-8.691858780342361e-25,0.0009765625,0.001953125
control45,P8/I1,248,s10,passiveFiber,8.390920133737913e-21,4,566,z,-8.390920133737913e-21,-1.6000688093573375e-25,-5.86781247029804e-24,0.0009765625,0.001953125
control45,P8/I1,248,s10,activePotential,0,0,92,x,0,0.0,-2.1454997138094155e-23,0.0009765625,0.001953125
control45,P8/I1,248,s10,total,2.5199230180815435e-20,4,566,y,-2.5199230180815435e-20,-4.93924481117813e-25,-2.1713491079516976e-24,0.0009765625,0.001953125
control45,P8/I1,248,s11,matrix,2.445352685859888e-23,5,576,z,-2.445352685859888e-23,5.060564263986461e-29,2.0194839173657902e-28,0.00048828125,0.0009765625
control45,P8/I1,248,s11,volume,3.0704944337968387e-21,5,576,y,-3.0704944337968387e-21,-7.027408010564587e-26,1.934665592836427e-25,0.00048828125,0.0009765625
control45,P8/I1,248,s11,passiveFiber,1.0257039595657543e-21,4,566,z,1.0257039595657543e-21,1.2796546274774205e-26,7.787129985362487e-25,0.00048828125,0.0009765625
control45,P8/I1,248,s11,activePotential,0,0,92,x,0,0.0,-3.030841463182578e-24,0.00048828125,0.0009765625
control45,P8/I1,248,s11,total,2.9116757561866574e-21,5,576,y,-2.9116757561866574e-21,-7.151866960919953e-26,6.009984138080592e-25,0.00048828125,0.0009765625
control45,P8/I1,248,s12,matrix,5.3427466517829346e-24,5,576,z,-5.3427466517829346e-24,1.5550670257298007e-29,5.600912427069184e-29,0.000244140625,0.00048828125
control45,P8/I1,248,s12,volume,2.2499312661442353e-22,4,566,y,2.2499312661442353e-22,6.473080692175438e-27,-3.3826355615876986e-27,0.000244140625,0.00048828125
control45,P8/I1,248,s12,passiveFiber,1.1291015361348828e-22,4,566,z,-1.1291015361348828e-22,-3.0026692683389653e-27,-1.0743654440386004e-25,0.000244140625,0.00048828125
control45,P8/I1,248,s12,activePotential,0,0,92,x,0,0.0,-3.9622274458716804e-25,0.000244140625,0.00048828125
control45,P8/I1,248,s12,total,1.5757790669135177e-22,4,566,z,-1.5757790669135177e-22,-1.5784468712552078e-27,-1.7690679116124322e-25,0.000244140625,0.00048828125
control45,P8/I1,248,s13,matrix,1.0309465398152359e-25,5,576,z,1.0309465398152359e-25,1.42572060146699e-30,-5.571330143123396e-30,0.0001220703125,0.000244140625
control45,P8/I1,248,s13,volume,2.3988237764037803e-23,4,566,y,-2.3988237764037803e-23,-6.804446870326096e-28,-2.5874637691249187e-28,0.0001220703125,0.000244140625
control45,P8/I1,248,s13,passiveFiber,4.6011921573262164e-24,4,566,z,4.6011921573262164e-24,6.424774154627708e-29,2.0194839173657902e-27,0.0001220703125,0.000244140625
control45,P8/I1,248,s13,activePotential,0,0,92,x,0,0.0,-4.054113964111824e-26,0.0001220703125,0.000244140625
control45,P8/I1,248,s13,total,1.819797347616661e-23,5,576,y,-1.819797347616661e-23,6.1876402875117084e-30,-1.5146129380243427e-27,0.0001220703125,0.000244140625
control45,P8/I1,248,s14,matrix,3.3637028998623943e-26,5,576,z,-3.3637028998623943e-26,-1.003747331668979e-30,1.7872629883913549e-31,6.103515625e-05,0.0001220703125
control45,P8/I1,248,s14,volume,8.142559154818866e-24,4,566,y,8.142559154818866e-24,-1.311636916403917e-28,4.717388213221651e-28,6.103515625e-05,0.0001220703125
control45,P8/I1,248,s14,passiveFiber,2.100263274060422e-24,4,566,z,2.100263274060422e-24,3.648653763514023e-29,1.1643586961062134e-27,6.103515625e-05,0.0001220703125
control45,P8/I1,248,s14,activePotential,0,0,92,x,0,0.0,-5.427363027920561e-27,6.103515625e-05,0.0001220703125
control45,P8/I1,248,s14,total,8.323504913814841e-24,5,576,y,-8.323504913814841e-24,-1.6020781753332562e-28,2.4486242498060206e-27,6.103515625e-05,0.0001220703125
control45,P8/I1,248,s15,matrix,1.3046181650545093e-26,5,576,z,1.3046181650545093e-26,-9.794172615397868e-32,-3.928897086549961e-31,3.0517578125e-05,6.103515625e-05
control45,P8/I1,248,s15,volume,1.5574259970724974e-24,5,576,y,-1.5574259970724974e-24,-3.426678545852657e-29,4.1711020363561e-29,3.0517578125e-05,6.103515625e-05
control45,P8/I1,248,s15,passiveFiber,3.223096332115801e-25,4,566,z,3.223096332115801e-25,8.699682917796025e-30,2.595352378177129e-28,3.0517578125e-05,6.103515625e-05
control45,P8/I1,248,s15,activePotential,0,0,92,x,0,0.0,-6.3818847232379855e-28,3.0517578125e-05,6.103515625e-05
control45,P8/I1,248,s15,total,3.4492785308607697e-25,4,566,z,3.4492785308607697e-25,-3.953306844564927e-30,5.36425415550288e-28,3.0517578125e-05,6.103515625e-05
control45,P8/I1,248,s16,matrix,1.274010361931934e-28,5,576,z,1.274010361931934e-28,2.5706591726054032e-33,-6.740754805355325e-33,1.52587890625e-05,3.0517578125e-05
control45,P8/I1,248,s16,volume,1.0824433797080636e-25,4,566,y,1.0824433797080636e-25,8.522932403131787e-31,4.5606021083089745e-31,1.52587890625e-05,3.0517578125e-05
control45,P8/I1,248,s16,passiveFiber,2.4334781204257772e-26,4,566,z,2.4334781204257772e-26,1.828110130350777e-31,1.00579765415679e-29,1.52587890625e-05,3.0517578125e-05
control45,P8/I1,248,s16,activePotential,0,0,92,x,0,0.0,-8.38164711797325e-29,1.52587890625e-05,3.0517578125e-05
control45,P8/I1,248,s16,total,4.927540758372528e-26,5,576,y,4.927540758372528e-26,1.955705469215377e-30,1.0846837446788912e-29,1.52587890625e-05,3.0517578125e-05
control45,P8/I1,248,s17,matrix,1.2505910538081853e-28,5,576,z,-1.2505910538081853e-28,-7.4427492839557105e-34,1.1074097180226606e-33,7.62939453125e-06,1.52587890625e-05
control45,P8/I1,248,s17,volume,7.068193710780266e-27,5,576,y,7.068193710780266e-27,1.352176608572811e-31,-4.175416119431527e-31,7.62939453125e-06,1.52587890625e-05
control45,P8/I1,248,s17,passiveFiber,7.345872749418062e-27,4,566,z,-7.345872749418062e-27,-3.864036341088497e-32,-5.571330143123396e-30,7.62939453125e-06,1.52587890625e-05
control45,P8/I1,248,s17,activePotential,0,0,92,x,0,0.0,-1.1438483125704671e-29,7.62939453125e-06,1.52587890625e-05
control45,P8/I1,248,s17,total,1.8074381060423822e-26,5,576,y,1.8074381060423822e-26,1.3001922551761216e-32,-5.965760595733902e-30,7.62939453125e-06,1.52587890625e-05
control45,P8/I1,248,s18,matrix,3.870965113822793e-29,5,576,z,-3.870965113822793e-29,5.4653735139513365e-34,8.877333337409915e-34,3.814697265625e-06,7.62939453125e-06
control45,P8/I1,248,s18,volume,3.811775894027929e-27,5,576,y,3.811775894027929e-27,1.074491390415943e-31,-2.4594125389825e-31,3.814697265625e-06,7.62939453125e-06
control45,P8/I1,248,s18,passiveFiber,1.404172411293401e-27,4,566,z,-1.404172411293401e-27,-1.8102993690716545e-32,-1.363558400626163e-30,3.814697265625e-06,7.62939453125e-06
control45,P8/I1,248,s18,activePotential,0,0,92,x,0,0.0,-1.5915885060416117e-30,3.814697265625e-06,7.62939453125e-06
control45,P8/I1,248,s18,total,4.076833158182189e-27,5,576,y,4.076833158182189e-27,1.6524791711034673e-32,-1.5623143708869257e-30,3.814697265625e-06,7.62939453125e-06
control45,P8/I1,248,s19,matrix,3.3588218230113393e-31,5,576,y,3.3588218230113393e-31,3.2518577544123166e-36,1.3729774017604318e-35,1.9073486328125e-06,3.814697265625e-06
control45,P8/I1,248,s19,volume,2.9030081312133234e-28,5,576,y,-2.9030081312133234e-28,-8.07022039217085e-33,-1.4203733339855864e-33,1.9073486328125e-06,3.814697265625e-06
control45,P8/I1,248,s19,passiveFiber,1.6073040943878116e-29,0,92,z,1.6073040943878116e-29,-1.0244756615091012e-33,-3.1007472104634497e-32,1.9073486328125e-06,3.814697265625e-06
control45,P8/I1,248,s19,activePotential,0,0,92,x,0,0.0,-1.6774849815612824e-31,1.9073486328125e-06,3.814697265625e-06
control45,P8/I1,248,s19,total,5.285368064980779e-29,2,109,y,-5.285368064980779e-29,-1.975931119542678e-33,3.851859888774472e-33,1.9073486328125e-06,3.814697265625e-06
control45,P8/I1,248,s20,matrix,8.06483164212155e-32,5,576,z,-8.06483164212155e-32,-4.541423200806364e-37,-5.172175143618065e-37,9.5367431640625e-07,1.9073486328125e-06
control45,P8/I1,248,s20,volume,3.668203209277705e-29,5,576,y,-3.668203209277705e-29,-7.482641286624944e-34,2.3983846338697296e-33,9.5367431640625e-07,1.9073486328125e-06
control45,P8/I1,248,s20,passiveFiber,1.6344211880047838e-29,4,566,z,1.6344211880047838e-29,1.1257064226531936e-34,1.3878732661740518e-32,9.5367431640625e-07,1.9073486328125e-06
control45,P8/I1,248,s20,activePotential,0,0,92,x,0,0.0,-2.3231529954171032e-32,9.5367431640625e-07,1.9073486328125e-06
control45,P8/I1,248,s20,total,3.9048614808440084e-29,5,576,y,-3.9048614808440084e-29,-1.6549741958128814e-33,9.774094467765222e-33,9.5367431640625e-07,1.9073486328125e-06
control45,P8/I1,248,core,matrix,6.295383505715777e-33,5,576,x,-6.295383505715777e-33,-2.897874770669386e-37,-8.228460455756013e-38,0,9.5367431640625e-07
control45,P8/I1,248,core,volume,2.1200636827814692e-30,5,576,y,-2.1200636827814692e-30,-5.370619503398599e-35,1.8243672324761902e-34,0,9.5367431640625e-07
control45,P8/I1,248,core,passiveFiber,1.910522504832138e-31,4,566,z,1.910522504832138e-31,-1.578681485609957e-35,3.0995435042482077e-34,0,9.5367431640625e-07
control45,P8/I1,248,core,activePotential,0,0,92,x,0,0.0,4.333342374871281e-34,0,9.5367431640625e-07
control45,P8/I1,248,core,total,2.7363612649853847e-30,5,576,y,-2.7363612649853847e-30,-8.450707174345042e-35,4.995380793254393e-34,0,9.5367431640625e-07
control45,I0/P8,197,s1,matrix,9.17172052552779e-12,3,92,y,-9.17172052552779e-12,-7.986423145043211e-18,-1.684507127698836e-16,0.5,1
control45,I0/P8,197,s1,volume,9.105120213348528e-09,3,92,y,-9.105120213348528e-09,-8.652233772075141e-15,-1.6591025428502881e-13,0.5,1
control45,I0/P8,197,s1,passiveFiber,0,0,68,x,0,0.0,0,0.5,1
control45,I0/P8,197,s1,activePotential,3.7481129311345285e-13,7,489,z,-3.7481129311345285e-13,-1.72587496231627e-18,-3.191891195797325e-16,0.5,1
control45,I0/P8,197,s1,total,9.114288435085882e-09,3,92,y,-9.114288435085882e-09,-8.638008252102757e-15,-1.6647447309559027e-13,0.5,1
control45,I0/P8,197,s2,matrix,2.308027900743692e-14,3,92,y,-2.308027900743692e-14,-4.222030242590102e-21,-3.577655410965351e-19,0.25,0.5
control45,I0/P8,197,s2,volume,2.1731061394802964e-11,3,92,y,-2.1731061394802964e-11,-9.157164184048455e-18,-3.509562432335578e-16,0.25,0.5
control45,I0/P8,197,s2,passiveFiber,0,0,68,x,0,0.0,0,0.25,0.5
control45,I0/P8,197,s2,activePotential,2.0650148258027912e-14,7,489,z,2.0650148258027912e-14,3.439580091213707e-19,2.862293735361732e-17,0.25,0.5
control45,I0/P8,197,s2,total,2.1730617305593114e-11,3,92,y,-2.1730617305593114e-11,-9.118253216458803e-18,-3.2439329000766293e-16,0.25,0.5
control45,I0/P8,197,s3,matrix,4.9507381701119346e-17,8,494,x,4.9507381701119346e-17,-6.163377917376485e-22,1.733770563911146e-21,0.125,0.25
control45,I0/P8,197,s3,volume,2.0358714714063808e-14,6,490,y,2.0358714714063808e-14,-1.3715250968809718e-18,5.339695699491109e-18,0.125,0.25
control45,I0/P8,197,s3,passiveFiber,0,0,68,x,0,0.0,0,0.125,0.25
control45,I0/P8,197,s3,activePotential,4.413136522884997e-15,8,494,x,4.413136522884997e-15,9.116396491392076e-20,-3.5236570605778894e-18,0.125,0.25
control45,I0/P8,197,s3,total,1.9484414082171497e-14,6,490,y,1.9484414082171497e-14,-1.3819722355986444e-20,1.0842021724855044e-18,0.125,0.25
control45,I0/P8,197,s4,matrix,4.3151246464923076e-17,8,494,z,4.3151246464923076e-17,6.6956514815617095e-22,1.014123430990012e-21,0.0625,0.125
control45,I0/P8,197,s4,volume,1.3058998327153404e-14,8,494,y,1.3058998327153404e-14,1.6138511040448227e-19,-1.5754812818929986e-18,0.0625,0.125
control45,I0/P8,197,s4,passiveFiber,0,0,68,x,0,0.0,0,0.0625,0.125
control45,I0/P8,197,s4,activePotential,8.118505867571457e-15,8,494,z,8.118505867571457e-15,1.1482381138317642e-19,6.010545793716515e-18,0.0625,0.125
control45,I0/P8,197,s4,total,1.4502288259166107e-14,8,494,y,1.4502288259166107e-14,2.489195054925228e-19,4.5333203337050154e-18,0.0625,0.125
control45,I0/P8,197,s5,matrix,7.414926420264145e-18,8,494,z,-7.414926420264145e-18,-9.001007828733703e-23,-1.7122638679847673e-22,0.03125,0.0625
control45,I0/P8,197,s5,volume,1.908195823574488e-15,3,92,y,1.908195823574488e-15,-3.887119377931078e-20,2.4013384054659415e-19,0.03125,0.0625
control45,I0/P8,197,s5,passiveFiber,0,0,68,x,0,0.0,0,0.03125,0.0625
control45,I0/P8,197,s5,activePotential,1.7243151351209463e-15,8,494,z,-1.7243151351209463e-15,-1.5542514976940363e-20,-1.0875903042745216e-18,0.03125,0.0625
control45,I0/P8,197,s5,total,2.5934115965853266e-15,8,494,y,-2.5934115965853266e-15,-3.210863324564188e-20,-8.563503096740976e-19,0.03125,0.0625
control45,I0/P8,197,s6,matrix,7.096547911214935e-20,8,494,x,7.096547911214935e-20,8.514465141235376e-25,-1.5380389514657858e-24,0.015625,0.03125
control45,I0/P8,197,s6,volume,3.0357660829594124e-17,8,494,y,3.0357660829594124e-17,5.94043914178243e-22,-7.623296525288703e-21,0.015625,0.03125
control45,I0/P8,197,s6,passiveFiber,0,0,68,x,0,0.0,0,0.015625,0.03125
control45,I0/P8,197,s6,activePotential,2.0599841277224584e-17,8,494,z,2.0599841277224584e-17,-7.660143921740376e-23,1.418780186650953e-20,0.015625,0.03125
control45,I0/P8,197,s6,total,6.765421556309548e-17,3,92,y,-6.765421556309548e-17,1.1817759190497427e-21,6.829203137237796e-21,0.015625,0.03125
control45,I0/P8,197,s7,matrix,6.440097377092852e-20,8,494,z,6.440097377092852e-20,8.667332145489367e-25,1.1502980393315541e-24,0.0078125,0.015625
control45,I0/P8,197,s7,volume,2.097931203759451e-17,3,92,y,-2.097931203759451e-17,3.7097511168031815e-22,-2.091112588534054e-21,0.0078125,0.015625
control45,I0/P8,197,s7,passiveFiber,0,0,68,x,0,0.0,0,0.0078125,0.015625
control45,I0/P8,197,s7,activePotential,1.826880660638075e-17,8,494,z,1.826880660638075e-17,-7.07159758329554e-23,9.251187970793062e-21,0.0078125,0.015625
control45,I0/P8,197,s7,total,2.0383000842727483e-17,3,92,y,-2.0383000842727483e-17,5.193923092614902e-22,7.206397496561977e-21,0.0078125,0.015625
control45,I0/P8,197,s8,matrix,3.6925342544367155e-21,3,92,z,3.6925342544367155e-21,-6.399503018293841e-26,-8.360663417894372e-26,0.00390625,0.0078125
control45,I0/P8,197,s8,volume,2.710505431213761e-19,3,92,y,2.710505431213761e-19,-1.868844241200939e-23,2.1093105620102206e-23,0.00390625,0.0078125
control45,I0/P8,197,s8,passiveFiber,0,0,68,x,0,0.0,0,0.00390625,0.0078125
control45,I0/P8,197,s8,activePotential,3.049318610115481e-19,3,92,z,3.049318610115481e-19,-3.641502061471377e-23,-2.69660879692287e-22,0.00390625,0.0078125
control45,I0/P8,197,s8,total,5.827586677109586e-19,8,494,y,-5.827586677109586e-19,4.8763792335913545e-23,-2.5559880927888555e-22,0.00390625,0.0078125
control45,I0/P8,197,s9,matrix,2.54358038360056e-22,3,92,z,-2.54358038360056e-22,6.69574313566569e-27,1.666074231826777e-27,0.001953125,0.00390625
control45,I0/P8,197,s9,volume,9.402065714522734e-20,8,494,y,9.402065714522734e-20,1.3400852474161158e-24,-1.0132962503774589e-23,0.001953125,0.00390625
control45,I0/P8,197,s9,passiveFiber,0,0,68,x,0,0.0,0,0.001953125,0.00390625
control45,I0/P8,197,s9,activePotential,2.922263668027336e-20,8,494,z,-2.922263668027336e-20,1.3755834867110937e-24,1.3855275260263214e-23,0.001953125,0.00390625
control45,I0/P8,197,s9,total,8.724439356719293e-20,8,494,y,8.724439356719293e-20,-2.4224483724333826e-24,2.3781442610899546e-24,0.001953125,0.00390625
control45,I0/P8,197,s10,matrix,9.416934286033374e-23,8,494,z,-9.416934286033374e-23,-1.0149456109679839e-27,-4.471263610792695e-27,0.0009765625,0.001953125
control45,I0/P8,197,s10,volume,1.8634724839594607e-20,8,494,y,1.8634724839594607e-20,2.0123899085906745e-26,-1.6931353163194785e-24,0.0009765625,0.001953125
control45,I0/P8,197,s10,passiveFiber,0,0,68,x,0,0.0,0,0.0009765625,0.001953125
control45,I0/P8,197,s10,activePotential,9.582060215814273e-21,8,494,z,-9.582060215814273e-21,4.473724141365959e-25,-3.437969420923521e-24,0.0009765625,0.001953125
control45,I0/P8,197,s10,total,1.503483481376383e-20,8,494,y,1.503483481376383e-20,1.6620413354550224e-25,-4.549493369041652e-24,0.0009765625,0.001953125
control45,I0/P8,197,s11,matrix,1.1493286870512185e-23,8,494,z,-1.1493286870512185e-23,-2.117440318830556e-28,-4.69372238606502e-29,0.00048828125,0.0009765625
control45,I0/P8,197,s11,volume,7.596826745687006e-21,8,494,y,-7.596826745687006e-21,-7.58648957827052e-26,8.239494382852424e-25,0.00048828125,0.0009765625
control45,I0/P8,197,s11,passiveFiber,0,0,68,x,0,0.0,0,0.00048828125,0.0009765625
control45,I0/P8,197,s11,activePotential,2.0514079191315086e-21,3,92,z,2.0514079191315086e-21,-7.173027363295839e-26,-1.9742474776167965e-24,0.00048828125,0.0009765625
control45,I0/P8,197,s11,total,8.24533634592858e-21,8,494,y,-8.24533634592858e-21,-2.0277971790710716e-25,-1.1502980393315541e-24,0.00048828125,0.0009765625
control45,I0/P8,197,s12,matrix,4.903306951364139e-25,3,92,x,-4.903306951364139e-25,8.451611711992358e-30,-2.1397852054119945e-29,0.000244140625,0.00048828125
control45,I0/P8,197,s12,volume,4.7811039405565e-22,8,494,y,4.7811039405565e-22,5.140734823201871e-27,-5.0487097934144756e-26,0.000244140625,0.00048828125
control45,I0/P8,197,s12,passiveFiber,0,0,68,x,0,0.0,0,0.000244140625,0.00048828125
control45,I0/P8,197,s12,activePotential,1.5881867761018131e-22,8,494,z,1.5881867761018131e-22,-5.772474351135182e-27,5.614165290276897e-26,0.000244140625,0.00048828125
control45,I0/P8,197,s12,total,4.748016716054379e-22,8,494,y,4.748016716054379e-22,5.808911410562192e-27,4.160136869773528e-26,0.000244140625,0.00048828125
control45,I0/P8,197,s13,matrix,1.1243476709934037e-25,8,494,z,-1.1243476709934037e-25,-1.3034326687322498e-30,-6.649850911980248e-30,0.0001220703125,0.000244140625
control45,I0/P8,197,s13,volume,4.4047367618448724e-23,8,494,y,-4.4047367618448724e-23,-5.76361098351967e-28,5.2380364106675184e-27,0.0001220703125,0.000244140625
control45,I0/P8,197,s13,passiveFiber,0,0,68,x,0,0.0,0,0.0001220703125,0.000244140625
control45,I0/P8,197,s13,activePotential,2.0679515313825692e-23,8,494,z,-2.0679515313825692e-23,-7.518505926885635e-28,-1.5247103576111716e-26,0.0001220703125,0.000244140625
control45,I0/P8,197,s13,total,6.059097986950928e-23,8,494,y,-6.059097986950928e-23,-3.568128584715427e-28,-1.25208002876679e-26,0.0001220703125,0.000244140625
control45,I0/P8,197,s14,matrix,1.0854726055841122e-26,3,92,y,1.0854726055841122e-26,-1.3236851885148502e-31,8.67438846952011e-31,6.103515625e-05,0.0001220703125
control45,I0/P8,197,s14,volume,1.160637796988467e-23,3,92,y,1.160637796988467e-23,-3.067724922754698e-28,1.2590220047327348e-27,6.103515625e-05,0.0001220703125
control45,I0/P8,197,s14,passiveFiber,0,0,68,x,0,0.0,0,6.103515625e-05,0.0001220703125
control45,I0/P8,197,s14,activePotential,7.528636043939666e-25,6,490,z,-7.528636043939666e-25,2.03175464409297e-29,-9.529439735069823e-28,6.103515625e-05,0.0001220703125
control45,I0/P8,197,s14,total,1.1709775546453798e-23,8,494,y,-1.1709775546453798e-23,-1.0783797438711298e-28,4.102076707149261e-28,6.103515625e-05,0.0001220703125
control45,I0/P8,197,s15,matrix,1.0270968985977574e-27,8,494,z,1.0270968985977574e-27,-1.8719308711832282e-32,9.735575868877477e-32,3.0517578125e-05,6.103515625e-05
control45,I0/P8,197,s15,volume,1.6802106192483375e-24,3,92,y,1.6802106192483375e-24,-7.774400120221089e-29,1.4357268475022415e-28,3.0517578125e-05,6.103515625e-05
control45,I0/P8,197,s15,passiveFiber,0,0,68,x,0,0.0,0,3.0517578125e-05,6.103515625e-05
control45,I0/P8,197,s15,activePotential,1.5348077771980006e-25,8,494,z,-1.5348077771980006e-25,-1.7712414362150068e-30,-1.4988357199199224e-28,3.0517578125e-05,6.103515625e-05
control45,I0/P8,197,s15,total,1.4928025117167921e-24,8,494,y,-1.4928025117167921e-24,-6.659587927007687e-30,1.6171648557030742e-29,3.0517578125e-05,6.103515625e-05
control45,I0/P8,197,s16,matrix,3.520291789548765e-28,8,494,z,-3.520291789548765e-28,-5.196852256908828e-33,-1.5912996165499536e-32,1.52587890625e-05,3.0517578125e-05
control45,I0/P8,197,s16,volume,9.592548607487504e-27,9,493,y,-9.592548607487504e-27,4.320877079228522e-31,-1.947500359764373e-30,1.52587890625e-05,3.0517578125e-05
control45,I0/P8,197,s16,passiveFiber,0,0,68,x,0,0.0,0,1.52587890625e-05,3.0517578125e-05
control45,I0/P8,197,s16,activePotential,2.706108449270159e-26,8,494,z,-2.706108449270159e-26,8.728384956149824e-31,-2.0510383535746307e-29,1.52587890625e-05,3.0517578125e-05
control45,I0/P8,197,s16,total,4.4428646182047385e-26,8,494,z,-4.4428646182047385e-26,1.1447665383315517e-31,-2.2186712959340957e-29,1.52587890625e-05,3.0517578125e-05
control45,I0/P8,197,s17,matrix,6.039716305598372e-29,8,494,z,6.039716305598372e-29,8.59622517947427e-34,1.8416705093202943e-33,7.62939453125e-06,1.52587890625e-05
control45,I0/P8,197,s17,volume,1.7468535885214085e-26,3,92,y,-1.7468535885214085e-26,2.7732933107914963e-31,-2.0461079729169994e-30,7.62939453125e-06,1.52587890625e-05
control45,I0/P8,197,s17,passiveFiber,0,0,68,x,0,0.0,0,7.62939453125e-06,1.52587890625e-05
control45,I0/P8,197,s17,activePotential,1.1687763171754511e-26,8,494,z,1.1687763171754511e-26,1.1337043936929328e-31,8.085824278515371e-30,7.62939453125e-06,1.52587890625e-05
control45,I0/P8,197,s17,total,2.569793284847968e-26,8,494,y,2.569793284847968e-26,5.568071926470749e-32,5.8733159584033145e-30,7.62939453125e-06,1.52587890625e-05
control45,I0/P8,197,s18,matrix,8.736018227740502e-30,8,494,z,-8.736018227740502e-30,-1.2806731444989445e-34,-1.5403677973175256e-34,3.814697265625e-06,7.62939453125e-06
control45,I0/P8,197,s18,volume,3.0923347484663663e-27,3,92,y,3.0923347484663663e-27,-5.617730055238257e-32,3.5629703971163863e-31,3.814697265625e-06,7.62939453125e-06
control45,I0/P8,197,s18,passiveFiber,0,0,68,x,0,0.0,0,3.814697265625e-06,7.62939453125e-06
control45,I0/P8,197,s18,activePotential,2.1015254515087754e-27,8,494,z,-2.1015254515087754e-27,-3.8428593632066755e-32,-1.3681806324926924e-30,3.814697265625e-06,7.62939453125e-06
control45,I0/P8,197,s18,total,3.672936374709031e-27,8,494,y,-3.672936374709031e-27,-4.035683924048877e-32,-9.922391073483039e-31,3.814697265625e-06,7.62939453125e-06
control45,I0/P8,197,s19,matrix,1.3450694731600455e-30,8,494,z,-1.3450694731600455e-30,-1.3815433453158061e-35,-4.473931499229626e-35,1.9073486328125e-06,3.814697265625e-06
control45,I0/P8,197,s19,volume,2.816233431639012e-28,3,92,y,2.816233431639012e-28,-8.387619546455312e-33,2.89852456630279e-32,1.9073486328125e-06,3.814697265625e-06
control45,I0/P8,197,s19,passiveFiber,0,0,68,x,0,0.0,0,1.9073486328125e-06,3.814697265625e-06
control45,I0/P8,197,s19,activePotential,2.3863042382935607e-28,8,494,z,-2.3863042382935607e-28,-1.9129467488693664e-33,-1.3327435215159672e-31,1.9073486328125e-06,3.814697265625e-06
control45,I0/P8,197,s19,total,3.5104310282335025e-28,3,92,y,3.5104310282335025e-28,-9.892574066221292e-33,-1.061187399357367e-31,1.9073486328125e-06,3.814697265625e-06
control45,I0/P8,197,s20,matrix,1.7042072595396553e-31,8,494,z,-1.7042072595396553e-31,-2.492180031635322e-36,-2.8593900083752144e-36,9.5367431640625e-07,1.9073486328125e-06
control45,I0/P8,197,s20,volume,4.762747715271859e-29,8,494,y,-4.762747715271859e-29,-8.604455861647006e-35,4.8689916406539806e-33,9.5367431640625e-07,1.9073486328125e-06
control45,I0/P8,197,s20,passiveFiber,0,0,68,x,0,0.0,0,9.5367431640625e-07,1.9073486328125e-06
control45,I0/P8,197,s20,activePotential,4.0281209972847915e-29,8,494,z,-4.0281209972847915e-29,-5.882874431622757e-34,-2.1907453117404808e-32,9.5367431640625e-07,1.9073486328125e-06
control45,I0/P8,197,s20,total,5.69952004022181e-29,8,494,y,-5.69952004022181e-29,-1.3915292399379856e-34,-1.7044480007827037e-32,9.5367431640625e-07,1.9073486328125e-06
control45,I0/P8,197,core,matrix,1.1239606784822384e-32,3,92,z,-1.1239606784822384e-32,2.352878493855701e-37,-2.2407861062549856e-37,0,9.5367431640625e-07
control45,I0/P8,197,core,volume,7.888609052210118e-30,3,92,y,-7.888609052210118e-30,1.2443361938929626e-34,-9.095505088922532e-34,0,9.5367431640625e-07
control45,I0/P8,197,core,passiveFiber,0,0,68,x,0,0.0,0,0,9.5367431640625e-07
control45,I0/P8,197,core,activePotential,3.636155735003101e-30,8,494,z,3.636155735003101e-30,3.150471828315882e-35,2.0101893794541774e-33,0,9.5367431640625e-07
control45,I0/P8,197,core,total,9.269115636346889e-30,8,494,y,9.269115636346889e-30,1.296199696866078e-35,1.3481509610710651e-33,0,9.5367431640625e-07
control45,I0/P8,200,s1,matrix,1.0009921494122387e-11,9,494,y,1.0009921494122387e-11,-4.189526024109615e-17,-2.0833029447603693e-16,0.5,1
control45,I0/P8,200,s1,volume,9.852687554712247e-09,9,494,y,9.852687554712247e-09,-4.160611966769505e-14,-2.047220899747959e-13,0.5,1
control45,I0/P8,200,s1,passiveFiber,0,0,67,x,0,0.0,0,0.5,1
control45,I0/P8,200,s1,activePotential,3.801403636316536e-13,7,497,z,3.801403636316536e-13,-1.2176024451321783e-17,3.677613769070831e-16,0.5,1
control45,I0/P8,200,s1,total,9.86251480483702e-09,9,494,y,9.86251480483702e-09,-4.162581918539063e-14,-2.046626756957437e-13,0.5,1
control45,I0/P8,200,s2,matrix,2.5415867327405195e-14,9,494,y,2.5415867327405195e-14,-1.204389970898138e-19,-4.222988637654721e-19,0.25,0.5
control45,I0/P8,200,s2,volume,2.382183339477706e-11,9,494,y,2.382183339477706e-11,-1.0834256695484136e-16,-4.2479041117982064e-16,0.25,0.5
control45,I0/P8,200,s2,passiveFiber,0,0,67,x,0,0.0,0,0.25,0.5
control45,I0/P8,200,s2,activePotential,2.9531932455029164e-14,6,495,z,-2.9531932455029164e-14,1.3937868757463663e-18,4.7271214720367993e-17,0.25,0.5
control45,I0/P8,200,s2,total,2.3844926033689262e-11,9,494,y,2.3844926033689262e-11,-1.0906000019314555e-16,-3.5778671692021646e-16,0.25,0.5
control45,I0/P8,200,s3,matrix,5.2366964931049864e-17,9,494,y,5.2366964931049864e-17,2.5930653811663927e-22,-3.282252670610414e-21,0.125,0.25
control45,I0/P8,200,s3,volume,5.773159728050814e-14,9,494,y,5.773159728050814e-14,-7.499216791957701e-19,-2.9002408113987244e-18,0.125,0.25
control45,I0/P8,200,s3,passiveFiber,0,0,67,x,0,0.0,0,0.125,0.25
control45,I0/P8,200,s3,activePotential,4.6629367034256575e-15,6,495,z,4.6629367034256575e-15,-3.852119865785899e-19,-2.710505431213761e-19,0.125,0.25
control45,I0/P8,200,s3,total,4.873879078104437e-14,9,494,y,4.873879078104437e-14,6.064666977916512e-19,-1.951563910473908e-18,0.125,0.25
control45,I0/P8,200,s4,matrix,2.9422536455825377e-17,9,494,z,2.9422536455825377e-17,-1.0568683525712444e-22,6.807696441311418e-22,0.0625,0.125
control45,I0/P8,200,s4,volume,8.770761894538737e-15,9,494,y,8.770761894538737e-15,2.2443930311790763e-19,-1.001192943654583e-18,0.0625,0.125
control45,I0/P8,200,s4,passiveFiber,0,0,67,x,0,0.0,0,0.0625,0.125
control45,I0/P8,200,s4,activePotential,2.3037127760972e-15,9,494,z,2.3037127760972e-15,1.3096541285145644e-19,3.0357660829594124e-18,0.0625,0.125
control45,I0/P8,200,s4,total,1.1213252548714081e-14,9,494,y,1.1213252548714081e-14,-1.2313558922083263e-19,1.9786689647860456e-18,0.0625,0.125
control45,I0/P8,200,s5,matrix,1.7084654546119238e-18,9,494,z,-1.7084654546119238e-18,-9.864038111231509e-24,3.1019272970738538e-24,0.03125,0.0625
control45,I0/P8,200,s5,volume,1.4190038033490282e-15,9,494,y,-1.4190038033490282e-15,-3.202171711617665e-20,1.675007653195379e-19,0.03125,0.0625
control45,I0/P8,200,s5,passiveFiber,0,0,67,x,0,0.0,0,0.03125,0.0625
control45,I0/P8,200,s5,activePotential,5.117434254131581e-16,9,494,z,-5.117434254131581e-16,-8.346485152946374e-21,-4.0572878173480986e-19,0.03125,0.0625
control45,I0/P8,200,s5,total,1.6930901125533637e-15,9,494,y,-1.6930901125533637e-15,-2.5924590424088173e-20,-1.9142944607947188e-19,0.03125,0.0625
control45,I0/P8,200,s6,matrix,2.1027592915588006e-19,9,494,z,2.1027592915588006e-19,-6.231997184109302e-25,1.124448645189272e-23,0.015625,0.03125
control45,I0/P8,200,s6,volume,3.0791341698588326e-17,9,494,y,-3.0791341698588326e-17,3.6293682453009796e-21,1.6675961149069038e-21,0.015625,0.03125
control45,I0/P8,200,s6,passiveFiber,0,0,67,x,0,0.0,0,0.015625,0.03125
control45,I0/P8,200,s6,activePotential,1.4203048459560108e-17,6,495,z,-1.4203048459560108e-17,1.1214407384780582e-21,1.7575933655526732e-20,0.015625,0.03125
control45,I0/P8,200,s6,total,3.686287386450715e-17,9,494,y,-3.686287386450715e-17,3.835502103910794e-21,1.9164120431628545e-20,0.015625,0.03125
control45,I0/P8,200,s7,matrix,6.318336390925047e-20,9,494,z,6.318336390925047e-20,2.3357127175304487e-25,1.1082927738503457e-24,0.0078125,0.015625
control45,I0/P8,200,s7,volume,2.986976985197565e-17,9,494,y,2.986976985197565e-17,1.4855309847896058e-22,-3.2425480012078685e-21,0.0078125,0.015625
control45,I0/P8,200,s7,passiveFiber,0,0,67,x,0,0.0,0,0.0078125,0.015625
control45,I0/P8,200,s7,activePotential,1.0191500421363742e-17,9,494,z,1.0191500421363742e-17,2.471629230713202e-23,9.357067089199849e-21,0.0078125,0.015625
control45,I0/P8,200,s7,total,2.970713952610282e-17,9,494,y,2.970713952610282e-17,4.245067400703262e-22,5.598358385758891e-21,0.0078125,0.015625
control45,I0/P8,200,s8,matrix,1.2970192004831474e-21,9,494,z,-1.2970192004831474e-21,-5.734590511440798e-27,2.1002632740604218e-26,0.00390625,0.0078125
control45,I0/P8,200,s8,volume,1.8431436932253575e-18,9,494,y,-1.8431436932253575e-18,-2.9840609290200965e-23,2.0265925007549178e-22,0.00390625,0.0078125
control45,I0/P8,200,s8,passiveFiber,0,0,67,x,0,0.0,0,0.00390625,0.0078125
control45,I0/P8,200,s8,activePotential,6.708500942254059e-19,9,494,z,-6.708500942254059e-19,7.846473398853286e-24,-5.823351512373315e-22,0.00390625,0.0078125
control45,I0/P8,200,s8,total,1.9922214919421144e-18,9,494,y,-1.9922214919421144e-18,4.702303934426364e-23,-3.6065074707312007e-22,0.00390625,0.0078125
control45,I0/P8,200,s9,matrix,1.1898993111575303e-21,9,494,z,-1.1898993111575303e-21,1.5570245974987878e-27,-4.9931739856869163e-26,0.001953125,0.00390625
control45,I0/P8,200,s9,volume,9.317362419797304e-20,3,92,y,-9.317362419797304e-20,6.099473873379037e-24,-9.512577044359818e-24,0.001953125,0.00390625
control45,I0/P8,200,s9,passiveFiber,0,0,67,x,0,0.0,0,0.001953125,0.00390625
control45,I0/P8,200,s9,activePotential,9.444417361885449e-20,9,494,z,-9.444417361885449e-20,6.116650679396797e-25,-5.480071558163808e-23,0.001953125,0.00390625
control45,I0/P8,200,s9,total,1.0926725019580474e-19,9,494,y,1.0926725019580474e-19,1.9102066832534192e-24,-6.968996660759258e-23,0.001953125,0.00390625
control45,I0/P8,200,s10,matrix,1.5274406998674502e-22,9,494,z,1.5274406998674502e-22,1.4846085886770328e-28,5.818638036910183e-27,0.0009765625,0.001953125
control45,I0/P8,200,s10,volume,4.7539724164647607e-20,9,494,y,4.7539724164647607e-20,1.1149064976301203e-24,-5.5188456493772315e-24,0.0009765625,0.001953125
control45,I0/P8,200,s10,passiveFiber,0,0,67,x,0,0.0,0,0.0009765625,0.001953125
control45,I0/P8,200,s10,activePotential,2.879912020664621e-20,9,494,z,2.879912020664621e-20,-8.118099620555694e-26,2.3988237764037803e-23,0.0009765625,0.001953125
control45,I0/P8,200,s10,total,5.982170189983496e-20,9,494,y,5.982170189983496e-20,7.367164259634904e-25,1.8042877111312916e-23,0.0009765625,0.001953125
control45,I0/P8,200,s11,matrix,1.945166909206729e-23,9,494,z,1.945166909206729e-23,1.0358470600676841e-29,8.0542698423065305e-28,0.00048828125,0.0009765625
control45,I0/P8,200,s11,volume,2.421984833555265e-21,9,494,y,2.421984833555265e-21,9.010887310176246e-26,-3.166550782429559e-25,0.00048828125,0.0009765625
control45,I0/P8,200,s11,passiveFiber,0,0,67,x,0,0.0,0,0.00048828125,0.0009765625
control45,I0/P8,200,s11,activePotential,3.672681919735443e-21,9,494,z,3.672681919735443e-21,6.447418287748987e-26,2.310289601466464e-24,0.00048828125,0.0009765625
control45,I0/P8,200,s11,total,3.798413372843503e-21,9,494,z,3.798413372843503e-21,1.8902807067263358e-26,2.0227150916335755e-24,0.00048828125,0.0009765625
control45,I0/P8,200,s12,matrix,1.0545745016484157e-24,9,494,z,-1.0545745016484157e-24,-4.531320758463343e-30,-3.855557674267695e-29,0.000244140625,0.00048828125
control45,I0/P8,200,s12,volume,1.6295458067294645e-22,3,92,y,1.6295458067294645e-22,-1.6272783304607265e-26,3.685558149192567e-26,0.000244140625,0.00048828125
control45,I0/P8,200,s12,passiveFiber,0,0,67,x,0,0.0,0,0.000244140625,0.00048828125
control45,I0/P8,200,s12,activePotential,1.5716431638507526e-22,9,494,z,-1.5716431638507526e-22,-3.9436769071583604e-27,-1.4136387421560532e-25,0.000244140625,0.00048828125
control45,I0/P8,200,s12,total,4.566036981292713e-22,9,494,y,-4.566036981292713e-22,-2.1606573199915452e-27,-1.155144800733232e-25,0.000244140625,0.00048828125
control45,I0/P8,200,s13,matrix,1.1490863489811346e-25,9,494,z,-1.1490863489811346e-25,-1.0323589318776737e-30,1.6023737137301802e-30,0.0001220703125,0.000244140625
control45,I0/P8,200,s13,volume,9.161025284024781e-23,9,494,y,-9.161025284024781e-23,-1.8563861694905956e-27,1.0097419586828951e-26,0.0001220703125,0.000244140625
control45,I0/P8,200,s13,passiveFiber,0,0,67,x,0,0.0,0,0.0001220703125,0.000244140625
control45,I0/P8,200,s13,activePotential,2.9778502051908996e-23,9,494,z,-2.9778502051908996e-23,-9.512707945319048e-29,-2.196188760135297e-26,0.0001220703125,0.000244140625
control45,I0/P8,200,s13,total,9.905487835322506e-23,9,494,y,-9.905487835322506e-23,-2.4753549407881264e-27,-1.029936797856553e-26,0.0001220703125,0.000244140625
control45,I0/P8,200,s14,matrix,4.576655427730222e-26,9,494,z,-4.576655427730222e-26,-1.3791027551486314e-31,-1.4929808928889852e-30,6.103515625e-05,0.0001220703125
control45,I0/P8,200,s14,volume,6.591595506281939e-24,9,494,y,-6.591595506281939e-24,-6.992774759101874e-29,7.36796085476425e-28,6.103515625e-05,0.0001220703125
control45,I0/P8,200,s14,passiveFiber,0,0,67,x,0,0.0,0,6.103515625e-05,0.0001220703125
control45,I0/P8,200,s14,activePotential,4.88553549289132e-24,9,494,z,-4.88553549289132e-24,-2.687165651715421e-29,-4.3103359861276085e-27,6.103515625e-05,0.0001220703125
control45,I0/P8,200,s14,total,9.021438555656458e-24,9,494,y,-9.021438555656458e-24,-1.209999276010762e-28,-3.3826355615876986e-27,6.103515625e-05,0.0001220703125
control45,I0/P8,200,s15,matrix,2.414703230881517e-27,9,494,z,2.414703230881517e-27,-3.319236856050529e-33,1.3096323621833204e-31,3.0517578125e-05,6.103515625e-05
control45,I0/P8,200,s15,volume,9.855081516745056e-26,3,92,y,9.855081516745056e-26,-1.5691046451571212e-29,5.9164567891575885e-30,3.0517578125e-05,6.103515625e-05
control45,I0/P8,200,s15,passiveFiber,0,0,67,x,0,0.0,0,3.0517578125e-05,6.103515625e-05
control45,I0/P8,200,s15,activePotential,2.0841074027214955e-25,9,494,z,2.0841074027214955e-25,1.5361223269032177e-30,1.664496510016335e-28,3.0517578125e-05,6.103515625e-05
control45,I0/P8,200,s15,total,2.0517956600436429e-25,9,494,z,2.0517956600436429e-25,1.33308296479324e-29,2.0431497445224206e-28,3.0517578125e-05,6.103515625e-05
control45,I0/P8,200,s16,matrix,1.5146129380243427e-28,9,494,z,-1.5146129380243427e-28,3.6234824659671787e-34,-3.611118645726067e-33,1.52587890625e-05,3.0517578125e-05
control45,I0/P8,200,s16,volume,1.0541706048649425e-25,9,494,y,-1.0541706048649425e-25,-5.312720498665137e-32,1.0772881736924442e-29,1.52587890625e-05,3.0517578125e-05
control45,I0/P8,200,s16,passiveFiber,0,0,67,x,0,0.0,0,1.52587890625e-05,3.0517578125e-05
control45,I0/P8,200,s16,activePotential,3.897603960515975e-26,9,494,z,-3.897603960515975e-26,-9.040014084042045e-31,-2.7807346909040666e-29,1.52587890625e-05,3.0517578125e-05
control45,I0/P8,200,s16,total,1.377288031643469e-25,9,494,y,-1.377288031643469e-25,1.550700044631796e-30,-2.297557386456197e-29,1.52587890625e-05,3.0517578125e-05
control45,I0/P8,200,s17,matrix,4.317780860920632e-29,9,494,z,4.317780860920632e-29,-5.153509258836267e-35,1.2578729949279134e-33,7.62939453125e-06,1.52587890625e-05
control45,I0/P8,200,s17,volume,9.844984097158227e-27,9,494,y,9.844984097158227e-27,5.407878832276658e-31,-9.059574458397557e-31,7.62939453125e-06,1.52587890625e-05
control45,I0/P8,200,s17,passiveFiber,0,0,67,x,0,0.0,0,7.62939453125e-06,1.52587890625e-05
control45,I0/P8,200,s17,activePotential,3.963237187830363e-27,9,494,z,3.963237187830363e-27,7.559199475449049e-32,5.891804885869432e-30,7.62939453125e-06,1.52587890625e-05
control45,I0/P8,200,s17,total,1.348005514841665e-26,9,494,y,1.348005514841665e-26,-1.306024802052601e-31,3.8087190580201976e-30,7.62939453125e-06,1.52587890625e-05
control45,I0/P8,200,s18,matrix,3.3649847988333785e-30,9,494,z,-3.3649847988333785e-30,-1.8147447421726544e-35,-8.275480229788904e-36,3.814697265625e-06,7.62939453125e-06
control45,I0/P8,200,s18,volume,4.057900496456885e-27,9,494,y,-4.057900496456885e-27,-4.1748333201338805e-32,4.267860756762115e-31,3.814697265625e-06,7.62939453125e-06
control45,I0/P8,200,s18,passiveFiber,0,0,67,x,0,0.0,0,3.814697265625e-06,7.62939453125e-06
control45,I0/P8,200,s18,activePotential,1.864867179942472e-27,9,494,z,-1.864867179942472e-27,-5.7662799599260306e-33,-1.2526248358294582e-30,3.814697265625e-06,7.62939453125e-06
control45,I0/P8,200,s18,total,3.944304526105059e-27,9,494,y,-3.944304526105059e-27,-8.071470641249955e-32,-9.25987117261383e-31,3.814697265625e-06,7.62939453125e-06
control45,I0/P8,200,s19,matrix,9.512167995328558e-31,9,494,z,-9.512167995328558e-31,6.392393594378381e-37,-2.858802261199803e-35,1.9073486328125e-06,3.814697265625e-06
control45,I0/P8,200,s19,volume,7.33640641855541e-29,9,494,y,7.33640641855541e-29,-8.9350877107187e-36,-4.8148248609680896e-33,1.9073486328125e-06,3.814697265625e-06
control45,I0/P8,200,s19,passiveFiber,0,0,67,x,0,0.0,0,1.9073486328125e-06,3.814697265625e-06
control45,I0/P8,200,s19,activePotential,3.806253867691382e-29,3,92,z,3.806253867691382e-29,-3.850967554585307e-33,-3.3125995043460457e-32,1.9073486328125e-06,3.814697265625e-06
control45,I0/P8,200,s19,total,7.257520328033309e-29,9,494,y,7.257520328033309e-29,1.2877724249169369e-33,-3.062228611575705e-32,1.9073486328125e-06,3.814697265625e-06
control45,I0/P8,200,s20,matrix,1.1613357564655032e-31,9,494,z,-1.1613357564655032e-31,2.766580993694673e-37,-6.17134534181701e-36,9.5367431640625e-07,1.9073486328125e-06
control45,I0/P8,200,s20,volume,1.4988357199199224e-29,9,494,y,-1.4988357199199224e-29,3.221790306634838e-34,1.5467624865859988e-33,9.5367431640625e-07,1.9073486328125e-06
control45,I0/P8,200,s20,passiveFiber,0,0,67,x,0,0.0,0,9.5367431640625e-07,1.9073486328125e-06
control45,I0/P8,200,s20,activePotential,1.735493991486226e-29,9,494,z,-1.735493991486226e-29,-1.2899237796555027e-34,-1.4348178085684907e-32,9.5367431640625e-07,1.9073486328125e-06
control45,I0/P8,200,s20,total,1.8538231272693777e-29,9,494,z,-1.8538231272693777e-29,-2.077761447564451e-34,-1.451669695581879e-32,9.5367431640625e-07,1.9073486328125e-06
control45,I0/P8,200,core,matrix,1.8344482720288422e-32,9,494,z,-1.8344482720288422e-32,1.1460642720285762e-38,-8.537027722846863e-37,0,9.5367431640625e-07
control45,I0/P8,200,core,volume,1.6516775203064935e-30,9,494,y,1.6516775203064935e-30,-3.379416890848468e-35,-1.88079096131566e-35,0,9.5367431640625e-07
control45,I0/P8,200,core,passiveFiber,0,0,67,x,0,0.0,0,0,9.5367431640625e-07
control45,I0/P8,200,core,activePotential,2.2926270057985656e-30,9,494,z,-2.2926270057985656e-30,-5.584878267224162e-35,-1.5377346899716836e-33,0,9.5367431640625e-07
control45,I0/P8,200,core,total,2.107737731137391e-30,9,494,z,-2.107737731137391e-30,-1.3799085230246785e-35,-1.7062535601055668e-33,0,9.5367431640625e-07
control45,I0/P8,203,s1,matrix,2.671703068740476e-11,7,498,y,2.671703068740476e-11,-6.144600585220034e-16,-6.724103289142483e-16,0.5,1
control45,I0/P8,203,s1,volume,2.629616968619075e-08,7,498,y,2.629616968619075e-08,-6.068550858516302e-13,-6.599287089015249e-13,0.5,1
control45,I0/P8,203,s1,passiveFiber,0,0,67,x,0,0.0,0,0.5,1
control45,I0/P8,203,s1,activePotential,5.289102489314246e-13,7,498,y,-5.289102489314246e-13,7.652869631396748e-18,1.3877787807814457e-17,0.5,1
control45,I0/P8,203,s1,total,2.6322442669979296e-08,7,498,y,2.6322442669979296e-08,-6.074819482752902e-13,-6.612904668301667e-13,0.5,1
control45,I0/P8,203,s2,matrix,6.685103859371821e-14,7,498,y,6.685103859371821e-14,-1.5112661562369545e-18,-1.3927339235228833e-18,0.25,0.5
control45,I0/P8,203,s2,volume,6.253841888792522e-11,7,498,y,6.253841888792522e-11,-1.4259594894583613e-15,-1.3357370765021415e-15,0.25,0.5
control45,I0/P8,203,s2,passiveFiber,0,0,67,x,0,0.0,0,0.25,0.5
control45,I0/P8,203,s2,activePotential,9.769962616701378e-14,7,498,z,9.769962616701378e-14,-3.416020816422744e-18,5.204170427930421e-17,0.25,0.5
control45,I0/P8,203,s2,total,6.246025918699161e-11,7,498,y,6.246025918699161e-11,-1.4200673677367984e-15,-1.2646134139870924e-15,0.25,0.5
control45,I0/P8,203,s3,matrix,8.933825901280557e-17,7,498,y,8.933825901280557e-17,-2.748426708621975e-21,-5.346895479542771e-21,0.125,0.25
control45,I0/P8,203,s3,volume,1.0391687510491465e-13,7,498,y,1.0391687510491465e-13,-1.5517548222903134e-18,-2.8731357570865868e-18,0.125,0.25
control45,I0/P8,203,s3,passiveFiber,0,0,67,x,0,0.0,0,0.125,0.25
control45,I0/P8,203,s3,activePotential,9.325873406851315e-15,7,498,z,9.325873406851315e-15,-5.67377848903562e-19,4.119968255444917e-18,0.125,0.25
control45,I0/P8,203,s3,total,1.0036416142611415e-13,7,498,y,1.0036416142611415e-13,-3.757504995014458e-18,-8.456776945386935e-18,0.125,0.25
control45,I0/P8,203,s4,matrix,1.1817803680091998e-17,7,498,y,1.1817803680091998e-17,1.5011025572112862e-22,1.7205356741102976e-22,0.0625,0.125
control45,I0/P8,203,s4,volume,1.1324274851176597e-14,7,498,y,1.1324274851176597e-14,-1.2120126985254328e-19,-1.81603863891322e-18,0.0625,0.125
control45,I0/P8,203,s4,passiveFiber,0,0,67,x,0,0.0,0,0.0625,0.125
control45,I0/P8,203,s4,activePotential,1.2906342661267445e-15,2,92,z,-1.2906342661267445e-15,7.380813204179002e-20,3.2255014631443757e-18,0.0625,0.125
control45,I0/P8,203,s4,total,1.3766765505351941e-14,7,498,y,1.3766765505351941e-14,1.023306582711461e-19,1.3552527156068805e-19,0.0625,0.125
control45,I0/P8,203,s5,matrix,1.942987701882958e-18,7,498,x,-1.942987701882958e-18,-2.8031080218813654e-23,1.195275985139125e-22,0.03125,0.0625
control45,I0/P8,203,s5,volume,2.0747292772682613e-15,7,498,y,-2.0747292772682613e-15,-8.415166448262896e-21,2.947674656444965e-19,0.03125,0.0625
control45,I0/P8,203,s5,passiveFiber,0,0,67,x,0,0.0,0,0.03125,0.0625
control45,I0/P8,203,s5,activePotential,3.400058012914542e-16,7,498,z,-3.400058012914542e-16,-1.8733906463989037e-20,-4.87890977618477e-19,0.03125,0.0625
control45,I0/P8,203,s5,total,1.7277845820728999e-15,7,498,y,-1.7277845820728999e-15,-6.097605567914505e-20,-2.761327408049019e-19,0.03125,0.0625
control45,I0/P8,203,s6,matrix,3.9217625457874106e-19,7,498,z,3.9217625457874106e-19,9.820739701013408e-24,7.186131571554428e-24,0.015625,0.03125
control45,I0/P8,203,s6,volume,2.940356291780688e-16,7,498,y,2.940356291780688e-16,5.4619153132384185e-21,-3.875175733688424e-20,0.015625,0.03125
control45,I0/P8,203,s6,passiveFiber,0,0,67,x,0,0.0,0,0.015625,0.03125
control45,I0/P8,203,s6,activePotential,1.3097162243624894e-16,7,498,z,1.3097162243624894e-16,3.805804837764001e-21,1.266314256145179e-19,0.015625,0.03125
control45,I0/P8,203,s6,total,3.0878077872387166e-16,7,498,y,3.0878077872387166e-16,4.2690322396237576e-21,7.64447234897006e-20,0.015625,0.03125
control45,I0/P8,203,s7,matrix,8.634442106073524e-20,7,498,z,-8.634442106073524e-20,-1.3068403265665333e-24,-3.980806697911446e-24,0.0078125,0.015625
control45,I0/P8,203,s7,volume,1.9081958235744878e-17,7,498,y,-1.9081958235744878e-17,1.9442232937394443e-23,2.236696376343387e-21,0.0078125,0.015625
control45,I0/P8,203,s7,passiveFiber,0,0,67,x,0,0.0,0,0.0078125,0.015625
control45,I0/P8,203,s7,activePotential,2.0057740190981832e-17,7,498,z,-2.0057740190981832e-17,1.8669496798951955e-22,-1.1593763465543236e-20,0.0078125,0.015625
control45,I0/P8,203,s7,total,1.984089975648473e-17,7,498,z,-1.984089975648473e-17,-5.394964327374166e-22,-1.0693790959085542e-20,0.0078125,0.015625
control45,I0/P8,203,s8,matrix,3.7785610381422304e-21,7,498,z,3.7785610381422304e-21,1.2185626823173874e-25,-1.2116903504194741e-26,0.00390625,0.0078125
control45,I0/P8,203,s8,volume,1.951563910473908e-18,7,498,y,1.951563910473908e-18,-2.917077529080587e-24,-3.407984123718474e-22,0.00390625,0.0078125
control45,I0/P8,203,s8,passiveFiber,0,0,67,x,0,0.0,0,0.00390625,0.0078125
control45,I0/P8,203,s8,activePotential,1.0706496453294356e-18,7,498,z,1.0706496453294356e-18,-4.617670133827851e-23,5.69100261436483e-22,0.00390625,0.0078125
control45,I0/P8,203,s8,total,3.984442983884229e-18,7,498,y,3.984442983884229e-18,-8.726528835136195e-23,6.948317145445432e-23,0.00390625,0.0078125
control45,I0/P8,203,s9,matrix,8.08155458464308e-22,7,498,z,8.08155458464308e-22,1.2461733564248815e-26,1.888217462737014e-26,0.001953125,0.00390625
control45,I0/P8,203,s9,volume,5.183841637196318e-19,7,498,y,5.183841637196318e-19,-1.0645421628243457e-24,-7.031035206700735e-23,0.001953125,0.00390625
control45,I0/P8,203,s9,passiveFiber,0,0,67,x,0,0.0,0,0.001953125,0.00390625
control45,I0/P8,203,s9,activePotential,2.371692252312041e-19,7,498,z,2.371692252312041e-19,8.2698477742008e-24,2.3822801641527197e-22,0.001953125,0.00390625
control45,I0/P8,203,s9,total,3.7438856268640075e-19,7,498,y,3.7438856268640075e-19,2.0708003949927442e-23,1.4268865566539727e-22,0.001953125,0.00390625
control45,I0/P8,203,s10,matrix,2.3316153516338468e-22,7,498,z,2.3316153516338468e-22,3.5504896620057536e-27,9.289626019882635e-27,0.0009765625,0.001953125
control45,I0/P8,203,s10,volume,1.452661504541125e-19,7,498,y,1.452661504541125e-19,1.5723520939419637e-24,-2.1429147743951873e-23,0.0009765625,0.001953125
control45,I0/P8,203,s10,passiveFiber,0,0,67,x,0,0.0,0,0.0009765625,0.001953125
control45,I0/P8,203,s10,activePotential,9.020900888258299e-20,7,498,z,9.020900888258299e-20,9.555960483141333e-25,6.824240053562478e-23,0.0009765625,0.001953125
control45,I0/P8,203,s10,total,1.8084153423879312e-19,7,498,y,1.8084153423879312e-19,1.1740772814139512e-24,4.435756034815611e-23,0.0009765625,0.001953125
control45,I0/P8,203,s11,matrix,5.841963076155758e-24,7,498,y,5.841963076155758e-24,-1.1653079895788398e-28,-3.202775275197308e-28,0.00048828125,0.0009765625
control45,I0/P8,203,s11,volume,6.8027333576361e-21,7,498,y,6.8027333576361e-21,-1.30400330578098e-25,-7.981000441429603e-25,0.00048828125,0.0009765625
control45,I0/P8,203,s11,passiveFiber,0,0,67,x,0,0.0,0,0.00048828125,0.0009765625
control45,I0/P8,203,s11,activePotential,7.676236084492097e-22,5,495,z,7.676236084492097e-22,-8.18556637590843e-28,1.6026624368214911e-24,0.00048828125,0.0009765625
control45,I0/P8,203,s11,total,4.4998625322884706e-21,7,498,y,4.4998625322884706e-21,1.37554861676559e-25,4.8467614016778965e-25,0.00048828125,0.0009765625
control45,I0/P8,203,s12,matrix,2.4799262505251904e-24,7,498,z,-2.4799262505251904e-24,-5.084950241534354e-29,-1.433754695239189e-28,0.000244140625,0.00048828125
control45,I0/P8,203,s12,volume,9.065899513581183e-22,7,498,y,-9.065899513581183e-22,3.636108147393749e-27,1.1107161545511846e-25,0.000244140625,0.00048828125
control45,I0/P8,203,s12,passiveFiber,0,0,67,x,0,0.0,0,0.000244140625,0.00048828125
control45,I0/P8,203,s12,activePotential,7.47771273747937e-22,7,498,z,-7.47771273747937e-22,-1.7815849579532653e-26,-5.783801939335623e-25,0.000244140625,0.00048828125
control45,I0/P8,203,s12,total,1.0025429024142695e-21,7,498,y,-1.0025429024142695e-21,-1.9229952039122426e-26,-4.281305904815475e-25,0.000244140625,0.00048828125
control45,I0/P8,203,s13,matrix,1.8518667522244296e-25,7,498,z,-1.8518667522244296e-25,-3.316575084764241e-30,-6.582058177937817e-30,0.0001220703125,0.000244140625
control45,I0/P8,203,s13,volume,2.6469779601696886e-23,7,498,y,-2.6469779601696886e-23,2.5285926103243225e-28,1.868022623563356e-27,0.0001220703125,0.000244140625
control45,I0/P8,203,s13,passiveFiber,0,0,67,x,0,0.0,0,0.0001220703125,0.000244140625
control45,I0/P8,203,s13,activePotential,1.3234889800848443e-23,7,498,z,1.3234889800848443e-23,5.671125859980689e-28,-5.4526065768876336e-27,0.0001220703125,0.000244140625
control45,I0/P8,203,s13,total,1.7577588016751838e-23,9,500,y,1.7577588016751838e-23,-1.6355473239507123e-27,-5.553580772755923e-27,0.0001220703125,0.000244140625
control45,I0/P8,203,s14,matrix,7.387682377394776e-27,7,498,x,7.387682377394776e-27,-2.692213768123212e-31,8.936314941956774e-32,6.103515625e-05,0.0001220703125
control45,I0/P8,203,s14,volume,8.323504913814841e-24,7,498,y,-8.323504913814841e-24,1.7820138477892243e-28,8.898351010893013e-28,6.103515625e-05,0.0001220703125
control45,I0/P8,203,s14,passiveFiber,0,0,67,x,0,0.0,0,6.103515625e-05,0.0001220703125
control45,I0/P8,203,s14,activePotential,7.237830359838992e-24,7,498,z,-7.237830359838992e-24,8.500731785259397e-29,-3.761288796093784e-27,6.103515625e-05,0.0001220703125
control45,I0/P8,203,s14,total,8.06501097239202e-24,7,498,y,-8.06501097239202e-24,-3.136004639716622e-28,-1.6408306828597046e-27,6.103515625e-05,0.0001220703125
control45,I0/P8,203,s15,matrix,6.926198747840484e-27,7,498,z,6.926198747840484e-27,9.707566300777457e-32,5.119121792181273e-31,3.0517578125e-05,6.103515625e-05
control45,I0/P8,203,s15,volume,6.397725050214823e-25,7,498,y,-6.397725050214823e-25,1.3368718640266e-29,5.99534287967969e-29,3.0517578125e-05,6.103515625e-05
control45,I0/P8,203,s15,passiveFiber,0,0,67,x,0,0.0,0,3.0517578125e-05,6.103515625e-05
control45,I0/P8,203,s15,activePotential,1.479877814645651e-24,7,498,z,1.479877814645651e-24,4.6267423477887093e-29,1.072850831100576e-27,3.0517578125e-05,6.103515625e-05
control45,I0/P8,203,s15,total,1.880543423851024e-24,7,498,z,1.880543423851024e-24,1.0682353211977217e-29,1.0239414549768733e-27,3.0517578125e-05,6.103515625e-05
control45,I0/P8,203,s16,matrix,1.0574680434487663e-27,7,498,z,-1.0574680434487663e-27,-1.8483592811153435e-32,-4.8677879344387386e-32,1.52587890625e-05,3.0517578125e-05
control45,I0/P8,203,s16,volume,1.7206002975956533e-25,7,498,y,-1.7206002975956533e-25,4.940112210374943e-30,2.721570123012491e-29,1.52587890625e-05,3.0517578125e-05
control45,I0/P8,203,s16,passiveFiber,0,0,67,x,0,0.0,0,1.52587890625e-05,3.0517578125e-05
control45,I0/P8,203,s16,activePotential,2.0437177243741797e-25,7,498,z,-2.0437177243741797e-25,-2.362264677935916e-30,-1.601387637598654e-28,1.52587890625e-05,3.0517578125e-05
control45,I0/P8,203,s16,total,1.9871721746879376e-25,7,498,y,-1.9871721746879376e-25,-3.760572230270842e-30,-1.2818989709841442e-28,1.52587890625e-05,3.0517578125e-05
control45,I0/P8,203,s17,matrix,1.67632942359465e-29,7,498,y,-1.67632942359465e-29,-3.3442617128032896e-34,1.4023177407569561e-33,7.62939453125e-06,1.52587890625e-05
control45,I0/P8,203,s17,volume,6.967219514911976e-27,7,498,y,-6.967219514911976e-27,-3.306002854665762e-31,2.0830858278492343e-30,7.62939453125e-06,1.52587890625e-05
control45,I0/P8,203,s17,passiveFiber,0,0,67,x,0,0.0,0,7.62939453125e-06,1.52587890625e-05
control45,I0/P8,203,s17,activePotential,2.877764582246251e-27,5,495,z,-2.877764582246251e-27,1.9472177312730767e-31,1.8242408433235898e-30,7.62939453125e-06,1.52587890625e-05
control45,I0/P8,203,s17,total,1.7872432668687243e-26,7,498,y,-1.7872432668687243e-26,3.6961063760830207e-31,1.1093356479670479e-30,7.62939453125e-06,1.52587890625e-05
control45,I0/P8,203,s18,matrix,1.0020998686635666e-29,7,498,z,-1.0020998686635666e-29,-2.19967458751548e-34,-3.0844971765576824e-35,3.814697265625e-06,7.62939453125e-06
control45,I0/P8,203,s18,volume,9.680901028872257e-27,7,498,y,-9.680901028872257e-27,-3.861634049390756e-32,1.406699231380437e-30,3.814697265625e-06,7.62939453125e-06
control45,I0/P8,203,s18,passiveFiber,0,0,67,x,0,0.0,0,3.814697265625e-06,7.62939453125e-06
control45,I0/P8,203,s18,activePotential,5.2506581851510546e-27,7,498,z,-5.2506581851510546e-27,-8.477338828303328e-32,-3.57452597678271e-30,3.814697265625e-06,7.62939453125e-06
control45,I0/P8,203,s18,total,1.0539181693752718e-26,7,498,y,-1.0539181693752718e-26,-1.5917562915836107e-31,-2.455945865082603e-30,3.814697265625e-06,7.62939453125e-06
control45,I0/P8,203,s19,matrix,2.3943161068622116e-30,7,498,z,2.3943161068622116e-30,4.0634348948116296e-35,8.96196893066912e-35,1.9073486328125e-06,3.814697265625e-06
control45,I0/P8,203,s19,volume,7.746614089270336e-28,7,498,y,7.746614089270336e-28,1.3843383156751546e-32,-1.2942249226282225e-31,1.9073486328125e-06,3.814697265625e-06
control45,I0/P8,203,s19,passiveFiber,0,0,67,x,0,0.0,0,1.9073486328125e-06,3.814697265625e-06
control45,I0/P8,203,s19,activePotential,6.326664459872515e-28,7,498,z,6.326664459872515e-28,1.4513119778935483e-32,4.845639740078285e-31,1.9073486328125e-06,3.814697265625e-06
control45,I0/P8,203,s19,total,9.97120184199359e-28,7,498,y,9.97120184199359e-28,1.5685333357518234e-32,3.601488996004131e-31,1.9073486328125e-06,3.814697265625e-06
control45,I0/P8,203,s20,matrix,3.875934013079312e-31,7,498,z,-3.875934013079312e-31,-5.3676745622833146e-36,-1.0626468931433479e-35,9.5367431640625e-07,1.9073486328125e-06
control45,I0/P8,203,s20,volume,2.5421042670747105e-28,7,498,y,-2.5421042670747105e-28,8.875449800604934e-34,3.329451391359434e-32,9.5367431640625e-07,1.9073486328125e-06
control45,I0/P8,203,s20,passiveFiber,0,0,67,x,0,0.0,0,9.5367431640625e-07,1.9073486328125e-06
control45,I0/P8,203,s20,activePotential,1.232595164407831e-28,7,498,z,-1.232595164407831e-28,-2.0178395228956042e-33,-9.4755753263852e-32,9.5367431640625e-07,1.9073486328125e-06
control45,I0/P8,203,s20,total,2.6683220119100724e-28,7,498,y,-2.6683220119100724e-28,-1.2595522329262138e-33,-6.196679596065931e-32,9.5367431640625e-07,1.9073486328125e-06
control45,I0/P8,203,core,matrix,1.615373740854794e-32,7,498,z,1.615373740854794e-32,3.30654806422695e-37,6.847254593539825e-37,0,9.5367431640625e-07
control45,I0/P8,203,core,volume,1.9721522630525295e-30,7,498,y,1.9721522630525295e-30,-3.0526647751511114e-34,-1.504632769052528e-35,0,9.5367431640625e-07
control45,I0/P8,203,core,passiveFiber,0,0,67,x,0,0.0,0,0,9.5367431640625e-07
control45,I0/P8,203,core,activePotential,1.8981965531880597e-30,7,498,z,1.8981965531880597e-30,7.756766724901017e-35,1.5166698312049482e-33,0,9.5367431640625e-07
control45,I0/P8,203,core,total,2.1200636827814692e-30,7,498,z,2.1200636827814692e-30,1.364797244604259e-34,1.781485198558193e-33,0,9.5367431640625e-07
control45,I0/P8,206,s1,matrix,2.6532696721127957e-11,7,505,y,-2.6532696721127957e-11,-5.569424190873057e-16,-1.5873206849132456e-16,0.5,1
control45,I0/P8,206,s1,volume,2.6538124919817108e-08,7,505,y,-2.6538124919817108e-08,-5.653647515361347e-13,-1.601444671317509e-13,0.5,1
control45,I0/P8,206,s1,passiveFiber,0,0,76,x,0,0.0,0,0.5,1
control45,I0/P8,206,s1,activePotential,7.744915819785092e-13,8,500,z,-7.744915819785092e-13,-4.454729223021058e-18,-6.349087922075114e-16,0.5,1
control45,I0/P8,206,s1,total,2.6564643818005607e-08,7,505,y,-2.6564643818005607e-08,-5.659003180369525e-13,-1.6088172460904104e-13,0.5,1
control45,I0/P8,206,s2,matrix,6.566362037441209e-14,7,505,y,-6.566362037441209e-14,-1.3285546118595553e-18,-3.6586529365465435e-19,0.25,0.5
control45,I0/P8,206,s2,volume,6.24371665480794e-11,7,505,y,-6.24371665480794e-11,-1.310597113962339e-15,-2.925177461365891e-16,0.25,0.5
control45,I0/P8,206,s2,passiveFiber,0,0,76,x,0,0.0,0,0.25,0.5
control45,I0/P8,206,s2,activePotential,6.128431095930864e-14,7,505,z,6.128431095930864e-14,2.9620099309773387e-19,-8.760353553682876e-17,0.25,0.5
control45,I0/P8,206,s2,total,6.247979911222501e-11,7,505,y,-6.247979911222501e-11,-1.306991830415783e-15,-3.660266534311063e-16,0.25,0.5
control45,I0/P8,206,s3,matrix,2.938187887435717e-16,7,505,z,-2.938187887435717e-16,-9.916716830761624e-21,4.37413107918041e-21,0.125,0.25
control45,I0/P8,206,s3,volume,9.636735853746359e-14,7,505,y,-9.636735853746359e-14,-3.598897930451739e-18,-1.2468324983583301e-18,0.125,0.25
control45,I0/P8,206,s3,passiveFiber,0,0,76,x,0,0.0,0,0.125,0.25
control45,I0/P8,206,s3,activePotential,1.2212453270876722e-14,7,505,z,-1.2212453270876722e-14,-9.07027633445274e-19,1.0950441942103595e-17,0.125,0.25
control45,I0/P8,206,s3,total,1.1857181902996672e-13,7,505,y,-1.1857181902996672e-13,-2.401110572299172e-18,8.673617379884035e-18,0.125,0.25
control45,I0/P8,206,s4,matrix,3.608224830031759e-16,7,505,z,3.608224830031759e-16,8.192885828992315e-21,-4.629729888459296e-21,0.0625,0.125
control45,I0/P8,206,s4,volume,5.945244296867713e-14,7,505,y,5.945244296867713e-14,9.004361186000702e-19,2.383550713573601e-18,0.0625,0.125
control45,I0/P8,206,s4,passiveFiber,0,0,76,x,0,0.0,0,0.0625,0.125
control45,I0/P8,206,s4,activePotential,2.2551405187698492e-14,7,505,z,2.2551405187698492e-14,6.637128616488206e-19,-9.893344823930228e-18,0.0625,0.125
control45,I0/P8,206,s4,total,7.072120666862247e-14,7,505,y,7.072120666862247e-14,1.170249507872721e-18,-7.450501804048826e-18,0.0625,0.125
control45,I0/P8,206,s5,matrix,9.537590986083422e-18,7,505,y,9.537590986083422e-18,3.5878030930002156e-22,4.890705371719776e-23,0.03125,0.0625
control45,I0/P8,206,s5,volume,1.0505485370515544e-14,7,505,y,1.0505485370515544e-14,2.1790247846404056e-19,3.953526281309447e-19,0.03125,0.0625
control45,I0/P8,206,s5,passiveFiber,0,0,76,x,0,0.0,0,0.03125,0.0625
control45,I0/P8,206,s5,activePotential,6.938893903907228e-16,7,505,z,6.938893903907228e-16,1.9423572577247187e-20,-5.920760301307559e-19,0.03125,0.0625
control45,I0/P8,206,s5,total,1.1275702593849246e-14,7,505,y,1.1275702593849246e-14,2.1185342980170033e-19,-1.7406527066075872e-19,0.03125,0.0625
control45,I0/P8,206,s6,matrix,2.7901265282556653e-18,7,505,z,-2.7901265282556653e-18,-7.351742300207551e-23,2.5862318839353256e-23,0.015625,0.03125
control45,I0/P8,206,s6,volume,8.864436962241484e-16,7,505,y,-8.864436962241484e-16,-2.3129379781558783e-20,-3.205490309765493e-20,0.015625,0.03125
control45,I0/P8,206,s6,passiveFiber,0,0,76,x,0,0.0,0,0.015625,0.03125
control45,I0/P8,206,s6,activePotential,1.9038590148845458e-16,7,505,z,-1.9038590148845458e-16,-4.93203541692446e-21,7.538593230563273e-20,0.015625,0.03125
control45,I0/P8,206,s6,total,1.0417014473240727e-15,7,505,y,-1.0417014473240727e-15,-1.8912297703766467e-20,4.663975165818991e-20,0.015625,0.03125
control45,I0/P8,206,s7,matrix,8.787966827763366e-20,7,505,z,8.787966827763366e-20,1.6261706531320003e-25,-2.5445497358808957e-24,0.0078125,0.015625
control45,I0/P8,206,s7,volume,6.808789643208968e-17,7,505,y,-6.808789643208968e-17,-1.933007975062943e-21,-2.7131524091739308e-21,0.0078125,0.015625
control45,I0/P8,206,s7,passiveFiber,0,0,76,x,0,0.0,0,0.0078125,0.015625
control45,I0/P8,206,s7,activePotential,9.432558900623889e-18,7,505,z,9.432558900623889e-18,3.0570693824613675e-23,1.1249656330721176e-21,0.0078125,0.015625
control45,I0/P8,206,s7,total,8.185726402265558e-17,7,505,y,-8.185726402265558e-17,-1.0753231819567049e-21,-2.1903742620404173e-21,0.0078125,0.015625
control45,I0/P8,206,s8,matrix,2.5907296785160827e-20,7,505,z,2.5907296785160827e-20,4.483212802565802e-25,-4.0551237060705068e-25,0.00390625,0.0078125
control45,I0/P8,206,s8,volume,5.095750210681871e-18,7,505,y,-5.095750210681871e-18,-7.085902544825086e-23,-1.5757790669135177e-22,0.00390625,0.0078125
control45,I0/P8,206,s8,passiveFiber,0,0,76,x,0,0.0,0,0.00390625,0.0078125
control45,I0/P8,206,s8,activePotential,2.303929616531697e-19,7,505,z,2.303929616531697e-19,-3.0161223163097855e-24,3.308722450212111e-24,0.00390625,0.0078125
control45,I0/P8,206,s8,total,4.797594613248357e-18,7,505,y,-4.797594613248357e-18,-8.715482611648509e-23,-1.7867101231145398e-22,0.00390625,0.0078125
control45,I0/P8,206,s9,matrix,5.939156798130739e-22,7,505,z,-5.939156798130739e-22,-1.7142293275744996e-27,8.128422767397306e-27,0.001953125,0.00390625
control45,I0/P8,206,s9,volume,2.1345230270808369e-19,7,505,y,-2.1345230270808369e-19,5.05950703744949e-24,-1.9645539548134407e-24,0.001953125,0.00390625
control45,I0/P8,206,s9,passiveFiber,0,0,76,x,0,0.0,0,0.001953125,0.00390625
control45,I0/P8,206,s9,activePotential,8.300922883092143e-20,1,92,z,8.300922883092143e-20,-5.292608077172166e-24,8.478601278668534e-24,0.001953125,0.00390625
control45,I0/P8,206,s9,total,1.4907779871675686e-19,7,505,y,-1.4907779871675686e-19,7.945079263491792e-25,1.406207041340147e-23,0.001953125,0.00390625
control45,I0/P8,206,s10,matrix,8.04122952978112e-22,7,505,z,8.04122952978112e-22,2.0152833325854402e-26,-6.484436640916717e-27,0.0009765625,0.001953125
control45,I0/P8,206,s10,volume,2.627919718856467e-19,7,505,y,2.627919718856467e-19,3.380987281966956e-24,9.318706588292702e-24,0.0009765625,0.001953125
control45,I0/P8,206,s10,passiveFiber,0,0,76,x,0,0.0,0,0.0009765625,0.001953125
control45,I0/P8,206,s10,activePotential,5.717472393966527e-20,7,505,z,5.717472393966527e-20,1.33949307590515e-24,-2.504806292387137e-23,0.0009765625,0.001953125
control45,I0/P8,206,s10,total,2.7083878488456253e-19,7,505,y,2.7083878488456253e-19,6.484334348530263e-24,-1.625926891549545e-23,0.0009765625,0.001953125
control45,I0/P8,206,s11,matrix,2.685752051383112e-23,7,505,y,-2.685752051383112e-23,-4.687906802387169e-28,-3.9166943944223236e-28,0.00048828125,0.0009765625
control45,I0/P8,206,s11,volume,2.583450489125616e-20,7,505,y,-2.583450489125616e-20,-5.015569374509055e-25,-7.97292250576014e-25,0.00048828125,0.0009765625
control45,I0/P8,206,s11,passiveFiber,0,0,76,x,0,0.0,0,0.00048828125,0.0009765625
control45,I0/P8,206,s11,activePotential,7.279189390466644e-22,7,505,z,-7.279189390466644e-22,-2.537687277833124e-26,3.3281094958188223e-25,0.00048828125,0.0009765625
control45,I0/P8,206,s11,total,2.7078584532535914e-20,7,505,y,-2.7078584532535914e-20,-4.583100436013573e-25,-2.2456661161107587e-25,0.00048828125,0.0009765625
control45,I0/P8,206,s12,matrix,2.6544096609855947e-24,7,505,x,2.6544096609855947e-24,-1.2271552198708262e-29,1.400228106767296e-29,0.000244140625,0.00048828125
control45,I0/P8,206,s12,volume,4.1689902872672595e-22,7,505,y,-4.1689902872672595e-22,-2.094811061322998e-26,-1.5348077771980006e-26,0.000244140625,0.00048828125
control45,I0/P8,206,s12,passiveFiber,0,0,76,x,0,0.0,0,0.000244140625,0.00048828125
control45,I0/P8,206,s12,activePotential,5.542110104105285e-22,7,505,z,-5.542110104105285e-22,-1.0159351603906447e-26,9.693522803355793e-26,0.000244140625,0.00048828125
control45,I0/P8,206,s12,total,4.996170899820287e-22,7,505,y,-4.996170899820287e-22,-1.6034253264881064e-26,9.410795054924582e-26,0.000244140625,0.00048828125
control45,I0/P8,206,s13,matrix,3.1816969118098025e-24,7,505,z,-3.1816969118098025e-24,-6.215572152306123e-29,4.4663085782317754e-29,0.0001220703125,0.000244140625
control45,I0/P8,206,s13,volume,7.816856788626112e-23,7,505,y,7.816856788626112e-23,1.0938287909544217e-27,2.0194839173657902e-28,0.0001220703125,0.000244140625
control45,I0/P8,206,s13,passiveFiber,0,0,76,x,0,0.0,0,0.0001220703125,0.000244140625
control45,I0/P8,206,s13,activePotential,1.2966056101768709e-22,7,505,z,-1.2966056101768709e-22,-3.2887079582983485e-27,5.508142384615193e-26,0.0001220703125,0.000244140625
control45,I0/P8,206,s13,total,1.41654679899706e-22,7,505,z,-1.41654679899706e-22,-3.617716025118981e-27,5.455130931784341e-26,0.0001220703125,0.000244140625
control45,I0/P8,206,s14,matrix,7.315580490657575e-26,7,505,z,-7.315580490657575e-26,-1.4732915501036932e-30,7.326237508449045e-31,6.103515625e-05,0.0001220703125
control45,I0/P8,206,s14,volume,1.0236360080343717e-23,7,505,y,-1.0236360080343717e-23,4.307147735262142e-29,-3.202775275197308e-28,6.103515625e-05,0.0001220703125
control45,I0/P8,206,s14,passiveFiber,0,0,76,x,0,0.0,0,6.103515625e-05,0.0001220703125
control45,I0/P8,206,s14,activePotential,4.316848821761113e-24,7,505,z,-4.316848821761113e-24,-2.70522085264146e-29,1.2937318845624594e-27,6.103515625e-05,0.0001220703125
control45,I0/P8,206,s14,total,3.877409121342317e-24,7,505,y,-3.877409121342317e-24,-3.509970251290125e-28,9.40322199023446e-28,6.103515625e-05,0.0001220703125
control45,I0/P8,206,s15,matrix,1.0643311333241891e-26,7,505,z,1.0643311333241891e-26,1.8581251152953566e-31,-1.4646697227064929e-31,3.0517578125e-05,6.103515625e-05
control45,I0/P8,206,s15,volume,1.6285118309637732e-24,7,505,y,1.6285118309637732e-24,-8.804399578927436e-30,5.048709793414476e-29,3.0517578125e-05,6.103515625e-05
control45,I0/P8,206,s15,passiveFiber,0,0,76,x,0,0.0,0,3.0517578125e-05,6.103515625e-05
control45,I0/P8,206,s15,activePotential,1.3280126240597436e-24,7,505,z,1.3280126240597436e-24,1.3451565178913905e-29,-2.926673958369954e-28,3.0517578125e-05,6.103515625e-05
control45,I0/P8,206,s15,total,1.234308570293971e-24,7,505,y,1.234308570293971e-24,7.942917585314214e-29,-2.062871267152946e-28,3.0517578125e-05,6.103515625e-05
control45,I0/P8,206,s16,matrix,4.799035316912025e-27,7,505,z,-4.799035316912025e-27,-8.904104953297579e-32,7.3329782632544e-32,1.52587890625e-05,3.0517578125e-05
control45,I0/P8,206,s16,volume,5.024475986406086e-25,7,505,y,5.024475986406086e-25,5.567461743901856e-30,9.762153702110021e-30,1.52587890625e-05,3.0517578125e-05
control45,I0/P8,206,s16,passiveFiber,0,0,76,x,0,0.0,0,1.52587890625e-05,3.0517578125e-05
control45,I0/P8,206,s16,activePotential,1.8134965577944796e-25,7,505,z,-1.8134965577944796e-25,-6.296871474510458e-30,7.33640641855541e-29,1.52587890625e-05,3.0517578125e-05
control45,I0/P8,206,s16,total,4.006656092053728e-25,7,505,y,4.006656092053728e-25,3.0595232151332106e-30,8.697191480061655e-29,1.52587890625e-05,3.0517578125e-05
control45,I0/P8,206,s17,matrix,1.179396357111989e-27,7,505,z,-1.179396357111989e-27,-2.666814602946261e-32,1.3467967915789178e-32,7.62939453125e-06,1.52587890625e-05
control45,I0/P8,206,s17,volume,1.9902014005639863e-25,7,505,y,-1.9902014005639863e-25,-3.8629892203973854e-30,-7.229170639251928e-30,7.62939453125e-06,1.52587890625e-05
control45,I0/P8,206,s17,passiveFiber,0,0,76,x,0,0.0,0,7.62939453125e-06,1.52587890625e-05
control45,I0/P8,206,s17,activePotential,7.103534679334167e-26,7,505,z,-7.103534679334167e-26,-2.0897930831782767e-30,2.837434068466827e-29,7.62939453125e-06,1.52587890625e-05
control45,I0/P8,206,s17,total,2.135604242614323e-25,7,505,y,-2.135604242614323e-25,-5.738218516731821e-30,2.1095866238840027e-29,7.62939453125e-06,1.52587890625e-05
control45,I0/P8,206,s18,matrix,5.888723397958412e-29,7,505,z,5.888723397958412e-29,1.3837728588741964e-33,-7.5927531108313195e-34,3.814697265625e-06,7.62939453125e-06
control45,I0/P8,206,s18,volume,8.923594559860086e-27,7,505,y,8.923594559860086e-27,9.624357387847284e-32,2.7078575018084536e-31,3.814697265625e-06,7.62939453125e-06
control45,I0/P8,206,s18,passiveFiber,0,0,76,x,0,0.0,0,3.814697265625e-06,7.62939453125e-06
control45,I0/P8,206,s18,activePotential,3.4394335467636115e-27,7,505,z,3.4394335467636115e-27,9.263188055562587e-32,-1.2988471544947519e-30,3.814697265625e-06,7.62939453125e-06
control45,I0/P8,206,s18,total,8.961459883310694e-27,7,505,y,8.961459883310694e-27,2.9489560646991458e-31,-9.282982331946477e-31,3.814697265625e-06,7.62939453125e-06
control45,I0/P8,206,s19,matrix,7.394030242491476e-30,7,505,z,-7.394030242491476e-30,-1.9333246399632905e-34,5.640021895245335e-35,1.9073486328125e-06,3.814697265625e-06
control45,I0/P8,206,s19,volume,3.1712208389884675e-27,7,505,y,-3.1712208389884675e-27,-4.742850096779793e-32,-1.0920022784675627e-31,1.9073486328125e-06,3.814697265625e-06
control45,I0/P8,206,s19,passiveFiber,0,0,76,x,0,0.0,0,1.9073486328125e-06,3.814697265625e-06
control45,I0/P8,206,s19,activePotential,7.091859537936896e-28,7,505,z,-7.091859537936896e-28,-1.873810829669218e-32,2.915857935802275e-31,1.9073486328125e-06,3.814697265625e-06
control45,I0/P8,206,s19,total,3.346347959947532e-27,7,505,y,-3.346347959947532e-27,-6.470572952995585e-32,1.6543738222286356e-31,1.9073486328125e-06,3.814697265625e-06
control45,I0/P8,206,s20,matrix,1.1404394165689017e-30,7,505,z,1.1404394165689017e-30,1.9312177991419007e-35,-1.709168786095606e-35,9.5367431640625e-07,1.9073486328125e-06
control45,I0/P8,206,s20,volume,6.508102468073347e-29,7,505,y,-6.508102468073347e-29,-2.48352942160371e-33,-1.4805586447476876e-33,9.5367431640625e-07,1.9073486328125e-06
control45,I0/P8,206,s20,passiveFiber,0,0,76,x,0,0.0,0,9.5367431640625e-07,1.9073486328125e-06
control45,I0/P8,206,s20,activePotential,7.178634237511207e-29,7,505,z,7.178634237511207e-29,1.9318674984025084e-33,-2.1618563625746722e-32,9.5367431640625e-07,1.9073486328125e-06
control45,I0/P8,206,s20,total,7.533621644860663e-29,7,505,z,7.533621644860663e-29,1.0747217730213676e-33,-2.2774121592379064e-32,9.5367431640625e-07,1.9073486328125e-06
control45,I0/P8,206,core,matrix,1.2069562220231759e-31,7,505,z,1.2069562220231759e-31,2.3647833078993074e-36,-1.609325234672638e-36,0,9.5367431640625e-07
control45,I0/P8,206,core,volume,3.697785493223493e-30,7,505,y,3.697785493223493e-30,-3.166122057276329e-34,1.3240768367662246e-34,0,9.5367431640625e-07
control45,I0/P8,206,core,passiveFiber,0,0,76,x,0,0.0,0,0,9.5367431640625e-07
control45,I0/P8,206,core,activePotential,6.85322911410754e-30,7,505,z,6.85322911410754e-30,1.7468513521432425e-34,-2.2810232778836325e-33,0,9.5367431640625e-07
control45,I0/P8,206,core,total,6.015064402310215e-30,7,505,z,6.015064402310215e-30,1.6521715458170323e-34,-2.3261622609552083e-33,0,9.5367431640625e-07
control45,I0/P8,246,s1,matrix,5.257079493947714e-14,4,505,y,-5.257079493947714e-14,-1.5648711400839741e-18,-5.55653613398821e-19,0.5,1
control45,I0/P8,246,s1,volume,1.9278800778010918e-11,4,505,y,-1.9278800778010918e-11,-5.594035824445384e-16,-8.673617379884035e-18,0.5,1
control45,I0/P8,246,s1,passiveFiber,1.5010215292932116e-13,9,513,z,-1.5010215292932116e-13,9.022955283349965e-18,-5.204170427930421e-17,0.5,1
control45,I0/P8,246,s1,activePotential,0,0,92,x,0,0.0,-2.0816681711721685e-16,0.5,1
control45,I0/P8,246,s1,total,1.9348966873167228e-11,4,505,y,-1.9348966873167228e-11,-5.311144998186044e-16,-2.220446049250313e-16,0.5,1
control45,I0/P8,246,s2,matrix,8.94249951866044e-16,4,505,z,-8.94249951866044e-16,-4.191719394359777e-20,1.5246593050577406e-20,0.25,0.5
control45,I0/P8,246,s2,volume,1.2612133559741778e-13,4,505,y,-1.2612133559741778e-13,-2.972970073875847e-18,1.4203048459560108e-17,0.25,0.5
control45,I0/P8,246,s2,passiveFiber,9.50350909079134e-14,4,505,z,-9.50350909079134e-14,-1.185110168017654e-18,9.454242944073599e-17,0.25,0.5
control45,I0/P8,246,s2,activePotential,0,0,92,x,0,0.0,-3.599551212651875e-17,0.25,0.5
control45,I0/P8,246,s2,total,1.1901590823981678e-13,4,505,y,-1.1901590823981678e-13,-7.06451439993962e-18,8.933825901280557e-17,0.25,0.5
control45,I0/P8,246,s3,matrix,3.200564813177209e-16,4,505,z,-3.200564813177209e-16,-8.960318181539979e-21,7.252719610864947e-21,0.125,0.25
control45,I0/P8,246,s3,volume,9.103828801926284e-15,0,92,y,-9.103828801926284e-15,1.1888318645628327e-18,-7.453889935837843e-20,0.125,0.25
control45,I0/P8,246,s3,passiveFiber,4.107825191113079e-15,6,573,z,4.107825191113079e-15,-5.1482325379007445e-20,2.4936649967166602e-18,0.125,0.25
control45,I0/P8,246,s3,activePotential,0,0,92,x,0,0.0,-3.144186300207963e-18,0.125,0.25
control45,I0/P8,246,s3,total,1.1546319456101628e-14,4,505,y,-1.1546319456101628e-14,6.0844927911638e-19,1.0842021724855044e-19,0.125,0.25
control45,I0/P8,246,s4,matrix,1.5693826446727677e-17,4,505,z,1.5693826446727677e-17,2.2421515078255685e-22,-5.889525961377557e-22,0.0625,0.125
control45,I0/P8,246,s4,volume,1.609823385706477e-15,4,505,y,1.609823385706477e-15,-2.218889438083923e-19,9.486769009248164e-20,0.0625,0.125
control45,I0/P8,246,s4,passiveFiber,6.591949208711867e-16,4,505,z,-6.591949208711867e-16,-2.558659262781058e-20,7.453889935837843e-20,0.0625,0.125
control45,I0/P8,246,s4,activePotential,0,0,92,x,0,0.0,-3.1170812458958252e-19,0.0625,0.125
control45,I0/P8,246,s4,total,1.1102230246251565e-15,5,500,y,1.1102230246251565e-15,-1.0356238208434466e-19,1.6263032587282567e-19,0.0625,0.125
control45,I0/P8,246,s5,matrix,1.3274700349369395e-17,4,505,z,1.3274700349369395e-17,1.7224809142245511e-22,-3.7223127564886245e-22,0.03125,0.0625
control45,I0/P8,246,s5,volume,1.3739009929736312e-15,4,505,y,-1.3739009929736312e-15,-3.692949243336201e-20,7.199780051661553e-20,0.03125,0.0625
control45,I0/P8,246,s5,passiveFiber,4.0245584642661925e-16,4,505,z,-4.0245584642661925e-16,-3.2472785925409023e-21,2.303929616531697e-19,0.03125,0.0625
control45,I0/P8,246,s5,activePotential,0,0,92,x,0,0.0,3.9810548520952116e-20,0.03125,0.0625
control45,I0/P8,246,s5,total,1.3322676295501878e-15,4,505,y,-1.3322676295501878e-15,-2.0400360208631677e-20,3.3711911300721153e-19,0.03125,0.0625
control45,I0/P8,246,s6,matrix,2.5050999415045933e-19,4,505,z,2.5050999415045933e-19,-6.4737141587835024e-24,-1.2924697071141057e-23,0.015625,0.03125
control45,I0/P8,246,s6,volume,3.0357660829594124e-17,4,505,y,-3.0357660829594124e-17,4.933286625847743e-21,3.5734202462290796e-22,0.015625,0.03125
control45,I0/P8,246,s6,passiveFiber,1.6479873021779667e-17,4,505,z,1.6479873021779667e-17,3.8976095072011255e-22,-1.8211208365967457e-20,0.015625,0.03125
control45,I0/P8,246,s6,activePotential,0,0,92,x,0,0.0,-5.823351512373315e-21,0.015625,0.03125
control45,I0/P8,246,s6,total,3.903127820947816e-17,4,505,y,3.903127820947816e-17,-4.0335441130419385e-21,-6.988021814847978e-21,0.015625,0.03125
control45,I0/P8,246,s7,matrix,1.2774315635778917e-19,4,505,z,1.2774315635778917e-19,5.683525417996543e-24,1.2149215246872594e-24,0.0078125,0.015625
control45,I0/P8,246,s7,volume,4.87890977618477e-17,4,505,y,4.87890977618477e-17,1.157961382830159e-21,-2.0514079191315086e-21,0.0078125,0.015625
control45,I0/P8,246,s7,passiveFiber,1.4338573731120796e-17,4,505,z,1.4338573731120796e-17,2.1354966558447605e-22,-8.126222337720944e-21,0.0078125,0.015625
control45,I0/P8,246,s7,activePotential,0,0,92,x,0,0.0,2.4087499437544166e-21,0.0078125,0.015625
control45,I0/P8,246,s7,total,5.0306980803327406e-17,4,505,y,5.0306980803327406e-17,1.3173559615715652e-21,-7.199780051661553e-21,0.0078125,0.015625
control45,I0/P8,246,s8,matrix,5.989780251618984e-20,4,505,z,5.989780251618984e-20,8.596317190841253e-25,-8.966508593104109e-25,0.00390625,0.0078125
control45,I0/P8,246,s8,volume,2.3852447794681098e-18,4,505,y,-2.3852447794681098e-18,-1.0654830523627235e-22,9.864128804694855e-23,0.00390625,0.0078125
control45,I0/P8,246,s8,passiveFiber,1.2739375526704677e-18,4,505,z,-1.2739375526704677e-18,-1.3087821268942571e-23,8.801201717564214e-22,0.00390625,0.0078125
control45,I0/P8,246,s8,activePotential,0,0,92,x,0,0.0,-9.760731228125727e-23,0.00390625,0.0078125
control45,I0/P8,246,s8,total,3.5914196963582334e-18,4,505,y,-3.5914196963582334e-18,-1.0760959106791948e-22,1.1911400820763599e-21,0.00390625,0.0078125
control45,I0/P8,246,s9,matrix,5.790264287871194e-22,4,505,y,-5.790264287871194e-22,-1.2664188225831028e-26,-2.88786200183308e-26,0.001953125,0.00390625
control45,I0/P8,246,s9,volume,3.8963515573697816e-20,5,500,y,-3.8963515573697816e-20,2.6988005010853213e-24,2.3264454728053903e-24,0.001953125,0.00390625
control45,I0/P8,246,s9,passiveFiber,9.613823951336309e-20,4,505,z,9.613823951336309e-20,1.439630649017246e-24,-5.893661864440322e-23,0.001953125,0.00390625
control45,I0/P8,246,s9,activePotential,0,0,92,x,0,0.0,-1.0132962503774589e-23,0.001953125,0.00390625
control45,I0/P8,246,s9,total,8.576208590949791e-20,4,505,z,8.576208590949791e-20,5.342601660360209e-24,-5.045801736573469e-23,0.001953125,0.00390625
control45,I0/P8,246,s10,matrix,5.775788627151516e-22,4,505,z,5.775788627151516e-22,1.1364694202501788e-26,-5.149683989282765e-27,0.0009765625,0.001953125
control45,I0/P8,246,s10,volume,2.0117032497289633e-20,4,505,y,-2.0117032497289633e-20,-1.3288494570150578e-24,1.3377061468630994e-24,0.0009765625,0.001953125
control45,I0/P8,246,s10,passiveFiber,2.0937595664942237e-20,4,505,z,-2.0937595664942237e-20,-1.6090721501690908e-25,1.4760004055243088e-23,0.0009765625,0.001953125
control45,I0/P8,246,s10,activePotential,0,0,92,x,0,0.0,2.9985297205047253e-24,0.0009765625,0.001953125
control45,I0/P8,246,s10,total,3.7269449679189215e-20,4,505,y,-3.7269449679189215e-20,-1.1859593513493436e-24,2.0627816525541128e-23,0.0009765625,0.001953125
control45,I0/P8,246,s11,matrix,1.0170444125280898e-22,4,505,z,1.0170444125280898e-22,1.963080321604883e-27,-9.213895372981418e-28,0.00048828125,0.0009765625
control45,I0/P8,246,s11,volume,8.735027268559972e-22,4,505,y,-8.735027268559972e-22,3.1974466609878367e-26,-2.4233807008389483e-27,0.00048828125,0.0009765625
control45,I0/P8,246,s11,passiveFiber,2.355810384551023e-21,4,505,z,-2.355810384551023e-21,-2.8593947374877574e-26,1.65113005083827e-24,0.00048828125,0.0009765625
control45,I0/P8,246,s11,activePotential,0,0,92,x,0,0.0,3.6835386652752014e-25,0.00048828125,0.0009765625
control45,I0/P8,246,s11,total,2.2631661559450837e-21,4,505,z,-2.2631661559450837e-21,-1.2533637700378538e-25,2.5138535803369357e-24,0.00048828125,0.0009765625
control45,I0/P8,246,s12,matrix,1.8054186221250165e-24,4,505,z,1.8054186221250165e-24,-5.66078262954221e-30,-8.125267323776422e-29,0.000244140625,0.00048828125
control45,I0/P8,246,s12,volume,6.5843576759221e-22,4,505,y,6.5843576759221e-22,3.5949510762307004e-27,-1.878120043150185e-26,0.000244140625,0.00048828125
control45,I0/P8,246,s12,passiveFiber,3.6685460166726777e-22,4,505,z,3.6685460166726777e-22,6.52500800680569e-27,-2.4476145078473377e-25,0.000244140625,0.00048828125
control45,I0/P8,246,s12,activePotential,0,0,92,x,0,0.0,1.3328593854614215e-26,0.000244140625,0.00048828125
control45,I0/P8,246,s12,total,5.426304818347862e-22,4,505,y,5.426304818347862e-22,8.882893884497446e-27,-2.4799262505251904e-25,0.000244140625,0.00048828125
control45,I0/P8,246,s13,matrix,6.498699246083113e-25,4,505,z,6.498699246083113e-25,9.813399829414584e-30,-2.4997029934190812e-29,0.0001220703125,0.000244140625
control45,I0/P8,246,s13,volume,2.3988237764037803e-23,4,505,y,2.3988237764037803e-23,1.2918916507572104e-27,-1.4451931783648936e-27,0.0001220703125,0.000244140625
control45,I0/P8,246,s13,passiveFiber,5.381843860423136e-23,4,505,z,5.381843860423136e-23,5.328733575232639e-28,-3.3725381420008697e-26,0.0001220703125,0.000244140625
control45,I0/P8,246,s13,activePotential,0,0,92,x,0,0.0,-4.796274303743752e-27,0.0001220703125,0.000244140625
control45,I0/P8,246,s13,total,5.485241436992265e-23,4,505,z,5.485241436992265e-23,9.017713692202572e-29,-3.6148762120847645e-26,0.0001220703125,0.000244140625
control45,I0/P8,246,s14,matrix,1.1346975260699034e-25,4,505,z,1.1346975260699034e-25,1.955164858009156e-30,-1.8858706015439813e-30,6.103515625e-05,0.0001220703125
control45,I0/P8,246,s14,volume,8.995589161514176e-24,4,505,y,-8.995589161514176e-24,1.1363460106392595e-28,3.9206386989484287e-28,6.103515625e-05,0.0001220703125
control45,I0/P8,246,s14,passiveFiber,4.6399662485396396e-24,4,505,z,-4.6399662485396396e-24,-9.275326609878212e-29,3.332148463653554e-27,6.103515625e-05,0.0001220703125
control45,I0/P8,246,s14,activePotential,0,0,92,x,0,0.0,-2.524354896707238e-29,6.103515625e-05,0.0001220703125
control45,I0/P8,246,s14,total,7.599721877830942e-24,4,505,y,-7.599721877830942e-24,-4.631046789651373e-29,4.0515896092151166e-27,6.103515625e-05,0.0001220703125
control45,I0/P8,246,s15,matrix,7.847588285138625e-27,4,505,z,-7.847588285138625e-27,-1.4078515094317375e-31,1.7179295103934144e-31,3.0517578125e-05,6.103515625e-05
control45,I0/P8,246,s15,volume,4.976008372389307e-25,4,505,y,4.976008372389307e-25,1.605213618483051e-29,-3.914722242159271e-29,3.0517578125e-05,6.103515625e-05
control45,I0/P8,246,s15,passiveFiber,2.1971985020939798e-25,4,505,z,2.1971985020939798e-25,3.205113145501524e-30,-1.9248206087392688e-28,3.0517578125e-05,6.103515625e-05
control45,I0/P8,246,s15,activePotential,0,0,92,x,0,0.0,-1.3016204936146695e-28,3.0517578125e-05,6.103515625e-05
control45,I0/P8,246,s15,total,7.625571271973224e-25,4,505,y,7.625571271973224e-25,3.512689828995716e-29,-3.2501069295105686e-28,3.0517578125e-05,6.103515625e-05
control45,I0/P8,246,s16,matrix,2.115922163029059e-27,4,505,z,-2.115922163029059e-27,-4.6935723070203625e-32,3.216303007126684e-32,1.52587890625e-05,3.0517578125e-05
control45,I0/P8,246,s16,volume,1.134949961559574e-25,0,92,y,1.134949961559574e-25,-1.309635018373464e-29,7.186029808497654e-30,1.52587890625e-05,3.0517578125e-05
control45,I0/P8,246,s16,passiveFiber,7.916376956073898e-26,4,505,z,-7.916376956073898e-26,-1.5312900666974677e-30,4.397899546607141e-29,1.52587890625e-05,3.0517578125e-05
control45,I0/P8,246,s16,activePotential,0,0,92,x,0,0.0,-1.8834054112151657e-29,1.52587890625e-05,3.0517578125e-05
control45,I0/P8,246,s16,total,1.7852237829513586e-25,4,505,y,-1.7852237829513586e-25,-5.1956954056502216e-30,3.9640260487355843e-29,1.52587890625e-05,3.0517578125e-05
control45,I0/P8,246,s17,matrix,3.740433285912004e-28,4,505,z,-3.740433285912004e-28,-6.101458062548972e-33,4.501861245005164e-33,7.62939453125e-06,1.52587890625e-05
control45,I0/P8,246,s17,volume,1.5348077771980006e-26,4,505,y,1.5348077771980006e-26,-6.681344614028926e-31,-5.192307130067988e-31,7.62939453125e-06,1.52587890625e-05
control45,I0/P8,246,s17,passiveFiber,1.0072176037861879e-26,4,505,z,1.0072176037861879e-26,5.941712396146298e-32,-7.013466485480558e-30,7.62939453125e-06,1.52587890625e-05
control45,I0/P8,246,s17,activePotential,0,0,92,x,0,0.0,-2.2803010541544873e-30,7.62939453125e-06,1.52587890625e-05
control45,I0/P8,246,s17,total,9.07505585366252e-27,4,505,z,9.07505585366252e-27,3.5044833307996245e-31,-9.244463733058732e-30,7.62939453125e-06,1.52587890625e-05
control45,I0/P8,246,s18,matrix,2.3009470231583184e-29,4,505,z,2.3009470231583184e-29,4.809243422917446e-34,-2.256949153578792e-35,3.814697265625e-06,7.62939453125e-06
control45,I0/P8,246,s18,volume,2.7136815139602806e-28,1,93,y,2.7136815139602806e-28,-4.31990935524384e-32,-2.6577833232543855e-32,3.814697265625e-06,7.62939453125e-06
control45,I0/P8,246,s18,passiveFiber,9.813429660949387e-28,4,505,z,-9.813429660949387e-28,-1.5970120762411394e-32,6.8717180415736575e-31,3.814697265625e-06,7.62939453125e-06
control45,I0/P8,246,s18,activePotential,0,0,92,x,0,0.0,3.543711097672514e-32,3.814697265625e-06,7.62939453125e-06
control45,I0/P8,246,s18,total,1.0476072821335037e-27,4,505,z,-1.0476072821335037e-27,-1.9308592037110154e-32,8.135128085091684e-31,3.814697265625e-06,7.62939453125e-06
control45,I0/P8,246,s19,matrix,1.199083983375493e-30,4,505,z,1.199083983375493e-30,-9.921332720037401e-36,-3.3101920919155616e-35,1.9073486328125e-06,3.814697265625e-06
control45,I0/P8,246,s19,volume,1.404172411293401e-28,4,505,y,1.404172411293401e-28,2.29487025056097e-33,-2.8648207922760133e-33,1.9073486328125e-06,3.814697265625e-06
control45,I0/P8,246,s19,passiveFiber,1.1675141397270975e-28,4,505,z,1.1675141397270975e-28,1.4900063611540377e-33,-5.527418940391367e-32,1.9073486328125e-06,3.814697265625e-06
control45,I0/P8,246,s19,activePotential,0,0,92,x,0,0.0,3.659266894335748e-33,1.9073486328125e-06,3.814697265625e-06
control45,I0/P8,246,s19,total,1.5461673742331831e-28,4,505,y,1.5461673742331831e-28,-1.6664114710204266e-33,-4.5837132676416213e-32,1.9073486328125e-06,3.814697265625e-06
control45,I0/P8,246,s20,matrix,7.132681549038128e-31,4,505,z,-7.132681549038128e-31,-1.3488189961397963e-35,4.419858759091801e-36,9.5367431640625e-07,1.9073486328125e-06
control45,I0/P8,246,s20,volume,3.4512664603419266e-29,4,505,y,-3.4512664603419266e-29,1.836807034853242e-34,1.3692158198378005e-33,9.5367431640625e-07,1.9073486328125e-06
control45,I0/P8,246,s20,passiveFiber,2.514494135391975e-30,6,573,z,-2.514494135391975e-30,6.830536984715146e-35,-2.0703746902162785e-33,9.5367431640625e-07,1.9073486328125e-06
control45,I0/P8,246,s20,activePotential,0,0,92,x,0,0.0,-5.657419211637505e-33,9.5367431640625e-07,1.9073486328125e-06
control45,I0/P8,246,s20,total,2.9779499172093196e-29,4,505,y,-2.9779499172093196e-29,-5.852844737855359e-34,-5.103714352626175e-33,9.5367431640625e-07,1.9073486328125e-06
control45,I0/P8,246,core,matrix,1.2246507033872336e-31,4,505,z,1.2246507033872336e-31,3.755476981381079e-36,-3.614645128778534e-37,0,9.5367431640625e-07
control45,I0/P8,246,core,volume,1.3090160646011165e-29,4,505,y,1.3090160646011165e-29,2.2561048643606905e-34,-6.575245200759547e-34,0,9.5367431640625e-07
control45,I0/P8,246,core,passiveFiber,3.217073379104439e-30,4,505,z,3.217073379104439e-30,5.57576940737676e-35,-1.3692158198378005e-33,0,9.5367431640625e-07
control45,I0/P8,246,core,activePotential,0,0,92,x,0,0.0,4.7546395502059885e-34,0,9.5367431640625e-07
control45,I0/P8,246,core,total,1.4495319133436092e-29,4,505,y,1.4495319133436092e-29,3.258870588493465e-34,-1.3180583056900145e-33,0,9.5367431640625e-07
control45,I0/P8,247,s1,matrix,1.2281148320525404e-12,4,576,y,-1.2281148320525404e-12,-7.65606454197232e-17,-5.236357679926085e-18,0.5,1
control45,I0/P8,247,s1,volume,4.459757008135057e-10,4,576,y,-4.459757008135057e-10,-2.7791979611006564e-14,-1.8596235662471372e-15,0.5,1
control45,I0/P8,247,s1,passiveFiber,4.098943406916078e-13,7,577,z,4.098943406916078e-13,-5.680120847473575e-18,-4.440892098500626e-16,0.5,1
control45,I0/P8,247,s1,activePotential,0,0,92,x,0,0.0,9.71445146547012e-17,0.5,1
control45,I0/P8,247,s1,total,4.473985626418653e-10,4,576,y,-4.473985626418653e-10,-2.789898499209251e-14,-1.8318679906315083e-15,0.5,1
control45,I0/P8,247,s2,matrix,1.8474805019152996e-15,4,576,y,-1.8474805019152996e-15,-1.2261928134973732e-19,-2.159934015498466e-20,0.25,0.5
control45,I0/P8,247,s2,volume,6.412648190234904e-13,4,576,y,-6.412648190234904e-13,-3.701534650583399e-17,-1.349831704744453e-17,0.25,0.5
control45,I0/P8,247,s2,passiveFiber,1.6653345369377348e-14,6,573,z,-1.6653345369377348e-14,4.298386336551316e-19,-3.187554387107383e-17,0.25,0.5
control45,I0/P8,247,s2,activePotential,0,0,92,x,0,0.0,2.6020852139652106e-17,0.25,0.5
control45,I0/P8,247,s2,total,6.838973831690964e-13,4,576,y,-6.838973831690964e-13,-4.8342642829570037e-17,-3.122502256758253e-17,0.25,0.5
control45,I0/P8,247,s3,matrix,3.562146237701125e-16,5,505,z,-3.562146237701125e-16,-1.554407586235003e-20,3.1234339930002325e-21,0.125,0.25
control45,I0/P8,247,s3,volume,2.2426505097428162e-14,5,505,y,-2.2426505097428162e-14,-1.2952055082342415e-18,1.5111067779016718e-18,0.125,0.25
control45,I0/P8,247,s3,passiveFiber,3.6637359812630166e-15,5,505,z,3.6637359812630166e-15,1.0843612988307137e-19,-2.927345865710862e-18,0.125,0.25
control45,I0/P8,247,s3,activePotential,0,0,92,x,0,0.0,-3.198396408832238e-18,0.125,0.25
control45,I0/P8,247,s3,total,1.7541523789077473e-14,5,505,y,-1.7541523789077473e-14,-1.36028184680398e-18,-9.324138683375338e-18,0.125,0.25
control45,I0/P8,247,s4,matrix,3.800128614561693e-17,5,505,z,3.800128614561693e-17,3.6289974449936816e-22,-1.283784310682299e-21,0.0625,0.125
control45,I0/P8,247,s4,volume,1.6375789613221059e-15,5,505,y,1.6375789613221059e-15,1.6494984314412742e-19,-9.910285482875314e-20,0.0625,0.125
control45,I0/P8,247,s4,passiveFiber,9.506284648352903e-16,5,505,z,9.506284648352903e-16,1.9955235579982312e-20,-4.946672411965114e-19,0.0625,0.125
control45,I0/P8,247,s4,activePotential,0,0,92,x,0,0.0,4.87890977618477e-19,0.0625,0.125
control45,I0/P8,247,s4,total,3.191891195797325e-15,4,576,y,3.191891195797325e-15,1.8151829523876452e-19,-3.6591823321385775e-19,0.0625,0.125
control45,I0/P8,247,s5,matrix,6.3468178737764724e-18,5,505,z,6.3468178737764724e-18,1.4604641906859628e-22,-1.464109684218859e-22,0.03125,0.0625
control45,I0/P8,247,s5,volume,2.5326962749261384e-16,4,576,y,2.5326962749261384e-16,4.49452876336175e-21,-3.8116482626443515e-21,0.03125,0.0625
control45,I0/P8,247,s5,passiveFiber,2.42861286636753e-17,5,505,z,2.42861286636753e-17,-9.789977307348907e-22,-1.2705494208814505e-20,0.03125,0.0625
control45,I0/P8,247,s5,activePotential,0,0,92,x,0,0.0,8.131516293641283e-20,0.03125,0.0625
control45,I0/P8,247,s5,total,1.3010426069826053e-16,6,573,y,-1.3010426069826053e-16,3.685566694954341e-21,2.879912020664621e-20,0.03125,0.0625
control45,I0/P8,247,s6,matrix,2.5802741155734124e-19,5,505,z,-2.5802741155734124e-19,9.446047073363021e-25,8.581998855237662e-24,0.015625,0.03125
control45,I0/P8,247,s6,volume,4.185020385794047e-17,0,92,y,4.185020385794047e-17,-3.5998031965382006e-21,9.462946207606637e-22,0.015625,0.03125
control45,I0/P8,247,s6,passiveFiber,3.230922474006803e-17,5,505,z,-3.230922474006803e-17,-4.774048150129137e-22,1.9269999550035333e-20,0.015625,0.03125
control45,I0/P8,247,s6,activePotential,0,0,92,x,0,0.0,-3.5998900258307764e-21,0.015625,0.03125
control45,I0/P8,247,s6,total,4.0766001685454967e-17,5,505,y,-4.0766001685454967e-17,-9.892384303697845e-22,1.3552527156068805e-20,0.015625,0.03125
control45,I0/P8,247,s7,matrix,7.453889935837843e-20,5,505,z,7.453889935837843e-20,3.2691346075234584e-24,-3.877409121342317e-26,0.0078125,0.015625
control45,I0/P8,247,s7,volume,4.933119884809045e-18,0,92,y,-4.933119884809045e-18,6.001447383165172e-22,-4.0449131953843053e-22,0.0078125,0.015625
control45,I0/P8,247,s7,passiveFiber,2.168404344971009e-18,5,505,z,-2.168404344971009e-18,1.2411298332272701e-23,9.793818452627848e-22,0.0078125,0.015625
control45,I0/P8,247,s7,activePotential,0,0,92,x,0,0.0,1.1117307432712692e-21,0.0078125,0.015625
control45,I0/P8,247,s7,total,5.204170427930421e-18,5,505,y,5.204170427930421e-18,4.188577499815215e-22,1.3234889800848443e-21,0.0078125,0.015625
control45,I0/P8,247,s8,matrix,5.998713802234557e-21,5,505,z,5.998713802234557e-21,2.4425409044548838e-25,-8.885729236409477e-26,0.00390625,0.0078125
control45,I0/P8,247,s8,volume,1.2095630486791409e-18,0,92,y,-1.2095630486791409e-18,1.1792236648055387e-22,-7.692779696743157e-23,0.00390625,0.0078125
control45,I0/P8,247,s8,passiveFiber,7.741881137904305e-19,5,505,z,7.741881137904305e-19,9.38541343733181e-24,-3.6561383074843823e-22,0.00390625,0.0078125
control45,I0/P8,247,s8,activePotential,0,0,92,x,0,0.0,1.8694281843698425e-22,0.00390625,0.0078125
control45,I0/P8,247,s8,total,1.0232158002831948e-18,5,505,y,1.0232158002831948e-18,1.1088137254027223e-22,-3.077111878697263e-22,0.00390625,0.0078125
control45,I0/P8,247,s9,matrix,8.197359870400504e-22,5,505,z,-8.197359870400504e-22,-1.4398846711327768e-26,2.261821987449685e-26,0.001953125,0.00390625
control45,I0/P8,247,s9,volume,2.879912020664621e-20,0,92,y,-2.879912020664621e-20,3.249783994666649e-24,-1.6543612251060553e-24,0.001953125,0.00390625
control45,I0/P8,247,s9,passiveFiber,1.3552527156068805e-20,5,505,z,1.3552527156068805e-20,5.332511355295853e-26,-9.615974620928947e-24,0.001953125,0.00390625
control45,I0/P8,247,s9,activePotential,0,0,92,x,0,0.0,-1.2407709188295415e-24,0.001953125,0.00390625
control45,I0/P8,247,s9,total,3.8963515573697816e-20,0,92,y,-3.8963515573697816e-20,2.0242672020833383e-24,-2.812414082680294e-23,0.001953125,0.00390625
control45,I0/P8,247,s10,matrix,3.8412199695431223e-22,5,505,z,3.8412199695431223e-22,5.6246649575240476e-27,-9.996445390960662e-27,0.0009765625,0.001953125
control45,I0/P8,247,s10,volume,2.6046263128069735e-20,0,92,y,-2.6046263128069735e-20,3.2573988921337462e-24,-1.4330257877627647e-24,0.0009765625,0.001953125
control45,I0/P8,247,s10,passiveFiber,2.0540548970916783e-20,5,505,z,2.0540548970916783e-20,3.0495267027117565e-25,-1.1179862966537015e-23,0.0009765625,0.001953125
control45,I0/P8,247,s10,activePotential,0,0,92,x,0,0.0,2.6107888083704936e-24,0.0009765625,0.001953125
control45,I0/P8,247,s10,total,2.5622746654442585e-20,5,505,y,2.5622746654442585e-20,2.8961476426647755e-24,-1.0701649174904796e-23,0.0009765625,0.001953125
control45,I0/P8,247,s11,matrix,3.1342390397517064e-24,5,505,z,3.1342390397517064e-24,4.680922160087128e-28,-1.5777218104420236e-28,0.00048828125,0.0009765625
control45,I0/P8,247,s11,volume,1.0587911840678754e-21,0,92,y,-1.0587911840678754e-21,1.0445464841760981e-25,-5.553580772755923e-26,0.00048828125,0.0009765625
control45,I0/P8,247,s11,passiveFiber,7.080666043453917e-22,5,505,z,7.080666043453917e-22,3.764141028072814e-27,-4.1035913200872857e-25,0.00048828125,0.0009765625
control45,I0/P8,247,s11,activePotential,0,0,92,x,0,0.0,2.5849394142282115e-26,0.00048828125,0.0009765625
control45,I0/P8,247,s11,total,1.495542547495874e-21,5,505,y,1.495542547495874e-21,5.965670622736979e-26,-6.009984138080592e-25,0.00048828125,0.0009765625
control45,I0/P8,247,s12,matrix,8.885729236409477e-25,5,505,z,8.885729236409477e-25,-1.1716434262653884e-29,-1.8538231272693777e-29,0.000244140625,0.00048828125
control45,I0/P8,247,s12,volume,2.415367388654841e-22,5,505,y,-2.415367388654841e-22,-1.1283005192413404e-26,1.1536301877952077e-26,0.000244140625,0.00048828125
control45,I0/P8,247,s12,passiveFiber,1.555099551599692e-22,5,505,z,-1.555099551599692e-22,-1.1669242064403437e-27,7.734623403510977e-26,0.000244140625,0.00048828125
control45,I0/P8,247,s12,activePotential,0,0,92,x,0,0.0,6.058451752097371e-27,0.000244140625,0.00048828125
control45,I0/P8,247,s12,total,2.7296960214249913e-22,5,505,y,-2.7296960214249913e-22,-1.0078773360580048e-26,1.3328593854614215e-25,0.000244140625,0.00048828125
control45,I0/P8,247,s13,matrix,2.395107925995827e-25,5,505,z,2.395107925995827e-25,1.2356435927383469e-29,-6.409494854920721e-31,0.0001220703125,0.000244140625
control45,I0/P8,247,s13,volume,2.626298444855863e-23,5,505,y,2.626298444855863e-23,1.2328319857641279e-27,-1.4767476145737341e-27,0.0001220703125,0.000244140625
control45,I0/P8,247,s13,passiveFiber,3.153626085358418e-24,5,505,z,-3.153626085358418e-24,-7.379707343857673e-29,1.8175355256292112e-27,0.0001220703125,0.000244140625
control45,I0/P8,247,s13,activePotential,0,0,92,x,0,0.0,1.3126645462877636e-27,0.0001220703125,0.000244140625
control45,I0/P8,247,s13,total,3.350081480839762e-23,5,505,y,3.350081480839762e-23,3.644053838747579e-28,1.7165613297609217e-27,0.0001220703125,0.000244140625
control45,I0/P8,247,s14,matrix,1.5550026163716585e-26,5,505,y,-1.5550026163716585e-26,-1.402491413740813e-30,-8.135128085091684e-31,6.103515625e-05,0.0001220703125
control45,I0/P8,247,s14,volume,9.435028861932972e-24,5,505,y,-9.435028861932972e-24,-4.942429777891995e-28,4.046856443783791e-28,6.103515625e-05,0.0001220703125
control45,I0/P8,247,s14,passiveFiber,3.974344349375875e-24,5,505,z,-3.974344349375875e-24,-5.87753119793038e-29,2.202499647377065e-27,6.103515625e-05,0.0001220703125
control45,I0/P8,247,s14,activePotential,0,0,92,x,0,0.0,-4.543838814073028e-28,6.103515625e-05,0.0001220703125
control45,I0/P8,247,s14,total,7.987462789965173e-24,5,505,y,-7.987462789965173e-24,-5.539181346082219e-28,2.1709452111682245e-27,6.103515625e-05,0.0001220703125
control45,I0/P8,247,s15,matrix,3.1002233575185764e-27,5,505,z,-3.1002233575185764e-27,1.3112910207278637e-33,6.240013019814644e-32,3.0517578125e-05,6.103515625e-05
control45,I0/P8,247,s15,volume,2.3264454728053903e-25,0,92,y,-2.3264454728053903e-25,2.081047057651892e-29,-1.9376395984491102e-29,3.0517578125e-05,6.103515625e-05
control45,I0/P8,247,s15,passiveFiber,2.003328046026864e-25,5,505,z,2.003328046026864e-25,8.858774630328063e-32,-1.274010361931934e-28,3.0517578125e-05,6.103515625e-05
control45,I0/P8,247,s15,activePotential,0,0,92,x,0,0.0,-4.1020767071492614e-29,3.0517578125e-05,6.103515625e-05
control45,I0/P8,247,s15,total,3.2957977531409696e-25,0,92,y,-3.2957977531409696e-25,2.9755023173399575e-29,-1.2779546664580391e-28,3.0517578125e-05,6.103515625e-05
control45,I0/P8,247,s16,matrix,7.423181118129721e-28,5,505,z,-7.423181118129721e-28,-1.0200389934593018e-32,1.6755590516168952e-32,1.52587890625e-05,3.0517578125e-05
control45,I0/P8,247,s16,volume,4.362085261510107e-26,6,573,y,4.362085261510107e-26,-5.3176131689771984e-30,2.064596900383117e-30,1.52587890625e-05,3.0517578125e-05
control45,I0/P8,247,s16,passiveFiber,4.0389678347315804e-26,5,505,z,-4.0389678347315804e-26,-8.446558167907147e-31,1.9770826437101608e-29,1.52587890625e-05,3.0517578125e-05
control45,I0/P8,247,s16,activePotential,0,0,92,x,0,0.0,-2.8596207814261678e-30,1.52587890625e-05,3.0517578125e-05
control45,I0/P8,247,s16,total,4.13994203059987e-26,5,505,z,-4.13994203059987e-26,-1.8766407862833215e-30,1.6171648557030742e-29,1.52587890625e-05,3.0517578125e-05
control45,I0/P8,247,s17,matrix,9.293767539635045e-29,5,505,z,9.293767539635045e-29,-3.11665596955868e-33,-5.958345765448011e-33,7.62939453125e-06,1.52587890625e-05
control45,I0/P8,247,s17,volume,4.089454932665725e-27,5,505,y,-4.089454932665725e-27,1.538497143019689e-31,3.1816362681277136e-31,7.62939453125e-06,1.52587890625e-05
control45,I0/P8,247,s17,passiveFiber,8.355614708100957e-27,5,505,z,8.355614708100957e-27,1.4469562183369013e-31,-4.727002455504032e-30,7.62939453125e-06,1.52587890625e-05
control45,I0/P8,247,s17,activePotential,0,0,92,x,0,0.0,-2.0954117794933126e-31,7.62939453125e-06,1.52587890625e-05
control45,I0/P8,247,s17,total,8.784755040541187e-27,5,505,z,8.784755040541187e-27,1.431133255666426e-31,-4.2401273655629385e-30,7.62939453125e-06,1.52587890625e-05
control45,I0/P8,247,s18,matrix,1.0187399033830723e-29,5,505,z,-1.0187399033830723e-29,-6.895754225844912e-35,1.3842621475283258e-34,3.814697265625e-06,7.62939453125e-06
control45,I0/P8,247,s18,volume,1.2432447866283146e-27,5,505,y,1.2432447866283146e-27,4.960785785176784e-32,-7.424459935612794e-32,3.814697265625e-06,7.62939453125e-06
control45,I0/P8,247,s18,passiveFiber,1.0160528459246632e-27,5,505,z,1.0160528459246632e-27,1.3441457582361574e-32,-6.640606448247189e-31,3.814697265625e-06,7.62939453125e-06
control45,I0/P8,247,s18,activePotential,0,0,92,x,0,0.0,-1.371262120403712e-31,3.814697265625e-06,7.62939453125e-06
control45,I0/P8,247,s18,total,1.1801359142106337e-27,5,505,z,1.1801359142106337e-27,1.3058847447151227e-31,-8.843870304626187e-31,3.814697265625e-06,7.62939453125e-06
control45,I0/P8,247,s19,matrix,1.716773952426782e-30,5,505,z,-1.716773952426782e-30,1.247331312116823e-35,5.360254239749631e-35,1.9073486328125e-06,3.814697265625e-06
control45,I0/P8,247,s19,volume,9.071900410041636e-29,0,92,y,-9.071900410041636e-29,9.862811831107396e-33,-5.837975143923809e-33,1.9073486328125e-06,3.814697265625e-06
control45,I0/P8,247,s19,passiveFiber,6.508102468073347e-30,5,505,z,6.508102468073347e-30,3.859878812885321e-34,-1.2229655146858948e-32,1.9073486328125e-06,3.814697265625e-06
control45,I0/P8,247,s19,activePotential,0,0,92,x,0,0.0,-1.0785207688568521e-32,1.9073486328125e-06,3.814697265625e-06
control45,I0/P8,247,s19,total,9.150786500563737e-29,5,505,y,9.150786500563737e-29,4.771376615497225e-33,-1.9259299443872359e-32,1.9073486328125e-06,3.814697265625e-06
control45,I0/P8,247,s20,matrix,4.16289757479301e-31,5,505,z,-4.16289757479301e-31,-7.242375736371478e-36,6.700317799687039e-36,9.5367431640625e-07,1.9073486328125e-06
control45,I0/P8,247,s20,volume,4.585254011597131e-30,4,576,y,-4.585254011597131e-30,-8.023691036419964e-34,-1.504632769052528e-35,9.5367431640625e-07,1.9073486328125e-06
control45,I0/P8,247,s20,passiveFiber,7.247659566718046e-30,5,505,z,7.247659566718046e-30,2.2174830434041486e-34,-5.5611227144181435e-33,9.5367431640625e-07,1.9073486328125e-06
control45,I0/P8,247,s20,activePotential,0,0,92,x,0,0.0,-2.1666711874356403e-33,9.5367431640625e-07,1.9073486328125e-06
control45,I0/P8,247,s20,total,1.2523166870383562e-29,5,505,y,-1.2523166870383562e-29,3.009514200652352e-34,-8.08890576642639e-33,9.5367431640625e-07,1.9073486328125e-06
control45,I0/P8,247,core,matrix,3.1946362952523275e-32,5,505,z,3.1946362952523275e-32,1.0722164030902593e-36,-8.228460455756013e-38,0,9.5367431640625e-07
control45,I0/P8,247,core,volume,1.4174844390690056e-30,4,576,y,1.4174844390690056e-30,1.0363324158018309e-34,-1.0269118648783504e-34,0,9.5367431640625e-07
control45,I0/P8,247,core,passiveFiber,1.072357793034813e-30,5,505,z,-1.072357793034813e-30,-8.281816895711089e-36,7.568302828334216e-34,0,9.5367431640625e-07
control45,I0/P8,247,core,activePotential,0,0,92,x,0,0.0,3.430562713439764e-34,0,9.5367431640625e-07
control45,I0/P8,247,core,total,1.7009813268828067e-30,0,92,y,-1.7009813268828067e-30,2.1815231889187927e-34,1.0412058761843494e-33,0,9.5367431640625e-07
control45,I0/P8,248,s1,matrix,3.987546404182751e-12,5,576,y,-3.987546404182751e-12,-1.021341043581773e-16,-1.840094374615242e-17,0.5,1
control45,I0/P8,248,s1,volume,1.4445156182318897e-09,5,576,y,-1.4445156182318897e-09,-3.711052676873946e-14,-6.6145006138995655e-15,0.5,1
control45,I0/P8,248,s1,passiveFiber,1.2434497875801753e-13,7,579,z,1.2434497875801753e-13,7.370962950986963e-19,4.163336342344337e-17,0.5,1
control45,I0/P8,248,s1,activePotential,0,0,92,x,0,0.0,6.245004513516506e-17,0.5,1
control45,I0/P8,248,s1,total,1.4488499289200263e-09,5,576,y,-1.4488499289200263e-09,-3.7224245265520336e-14,-6.696032617270475e-15,0.5,1
control45,I0/P8,248,s2,matrix,7.313594174718219e-15,5,576,y,-7.313594174718219e-15,-1.8300713977773774e-19,-9.147955830346444e-20,0.25,0.5
control45,I0/P8,248,s2,volume,2.5082158572331537e-12,5,576,y,-2.5082158572331537e-12,-6.710221051186902e-17,-1.1600963245594897e-17,0.25,0.5
control45,I0/P8,248,s2,passiveFiber,2.0650148258027912e-14,4,566,z,-2.0650148258027912e-14,9.857396687034086e-20,-1.3227266504323154e-17,0.25,0.5
control45,I0/P8,248,s2,activePotential,0,0,92,x,0,0.0,4.2500725161431774e-17,0.25,0.5
control45,I0/P8,248,s2,total,2.4797941478027496e-12,5,576,y,-2.4797941478027496e-12,-6.51286436453464e-17,-6.938893903907228e-17,0.25,0.5
control45,I0/P8,248,s3,matrix,2.8893987896738693e-16,5,576,z,-2.8893987896738693e-16,-1.1062168947817376e-21,-3.017554874593445e-21,0.125,0.25
control45,I0/P8,248,s3,volume,1.9539925233402755e-14,4,566,y,1.9539925233402755e-14,-6.586746462558224e-20,1.5043305143236374e-18,0.125,0.25
control45,I0/P8,248,s3,passiveFiber,1.2378986724570495e-14,4,566,z,-1.2378986724570495e-14,-1.8158492779768275e-19,-9.839134715305953e-18,0.125,0.25
control45,I0/P8,248,s3,activePotential,0,0,92,x,0,0.0,-2.8189256484623115e-18,0.125,0.25
control45,I0/P8,248,s3,total,2.531308496145357e-14,4,566,y,2.531308496145357e-14,-6.92317902346112e-21,-1.4094628242311558e-17,0.125,0.25
control45,I0/P8,248,s4,matrix,1.2468324983583301e-17,5,576,z,1.2468324983583301e-17,-1.7862698772766485e-22,-6.617444900424222e-24,0.0625,0.125
control45,I0/P8,248,s4,volume,1.1796119636642288e-15,2,109,y,1.1796119636642288e-15,7.479842226697443e-21,1.6008922703106276e-19,0.0625,0.125
control45,I0/P8,248,s4,passiveFiber,1.6653345369377348e-15,4,566,z,1.6653345369377348e-15,1.535357030482102e-20,1.4941661189565858e-18,0.0625,0.125
control45,I0/P8,248,s4,activePotential,0,0,92,x,0,0.0,6.505213034913027e-19,0.0625,0.125
control45,I0/P8,248,s4,total,2.0816681711721685e-15,5,576,y,-2.0816681711721685e-15,-8.55928702047583e-21,1.599198204416119e-18,0.0625,0.125
control45,I0/P8,248,s5,matrix,1.734723475976807e-18,5,576,y,1.734723475976807e-18,5.298523924108314e-23,2.7296960214249913e-23,0.03125,0.0625
control45,I0/P8,248,s5,volume,3.191891195797325e-16,4,566,y,-3.191891195797325e-16,-1.8231438231919318e-21,-1.7787691892340307e-20,0.03125,0.0625
control45,I0/P8,248,s5,passiveFiber,7.719519468096792e-17,4,566,z,7.719519468096792e-17,-1.1511676878938614e-21,1.3129010682441655e-20,0.03125,0.0625
control45,I0/P8,248,s5,activePotential,0,0,92,x,0,0.0,5.082197683525802e-20,0.03125,0.0625
control45,I0/P8,248,s5,total,5.828670879282072e-16,5,576,y,5.828670879282072e-16,1.8091357028223125e-20,4.912791094074942e-20,0.03125,0.0625
control45,I0/P8,248,s6,matrix,8.603737161735556e-19,5,576,z,-8.603737161735556e-19,-7.494052109841424e-24,2.3781442610899546e-24,0.015625,0.03125
control45,I0/P8,248,s6,volume,1.6393136847980827e-16,5,576,y,-1.6393136847980827e-16,-5.283684641580635e-21,6.127753977792829e-21,0.015625,0.03125
control45,I0/P8,248,s6,passiveFiber,2.3310346708438345e-17,4,566,z,2.3310346708438345e-17,2.3080072108568974e-22,1.4558378780933287e-20,0.015625,0.03125
control45,I0/P8,248,s6,activePotential,0,0,92,x,0,0.0,-2.6469779601696886e-21,0.015625,0.03125
control45,I0/P8,248,s6,total,1.0061396160665481e-16,5,576,y,-1.0061396160665481e-16,-2.601781512889485e-21,6.352747104407253e-22,0.015625,0.03125
control45,I0/P8,248,s7,matrix,1.2337564272350918e-19,5,576,z,1.2337564272350918e-19,1.024918928071931e-24,-1.2924697071141057e-25,0.0078125,0.015625
control45,I0/P8,248,s7,volume,1.8323016715005025e-17,5,576,y,1.8323016715005025e-17,3.620808898182258e-22,-9.28096647284497e-22,0.0078125,0.015625
control45,I0/P8,248,s7,passiveFiber,1.9786689647860456e-18,4,566,z,-1.9786689647860456e-18,-2.979671044111172e-23,-1.6940658945086007e-21,0.0078125,0.015625
control45,I0/P8,248,s7,activePotential,0,0,92,x,0,0.0,1.138200522872966e-21,0.0078125,0.015625
control45,I0/P8,248,s7,total,1.8648277366750676e-17,5,576,y,1.8648277366750676e-17,5.705514288481876e-22,-2.6205081805679917e-21,0.0078125,0.015625
control45,I0/P8,248,s8,matrix,1.2162863726979719e-20,5,576,z,-1.2162863726979719e-20,4.731930372011905e-26,2.568783542889285e-25,0.00390625,0.0078125
control45,I0/P8,248,s8,volume,7.047314121155779e-19,5,576,y,-7.047314121155779e-19,-1.3103344366409941e-23,1.613002194478404e-23,0.00390625,0.0078125
control45,I0/P8,248,s8,passiveFiber,7.898582233146351e-20,5,576,z,-7.898582233146351e-20,3.195607926898169e-26,-1.6543612251060553e-24,0.00390625,0.0078125
control45,I0/P8,248,s8,activePotential,0,0,92,x,0,0.0,-2.6469779601696886e-23,0.00390625,0.0078125
control45,I0/P8,248,s8,total,3.8624702394796095e-19,4,566,y,3.8624702394796095e-19,-4.142184463561557e-24,-9.26442286059391e-23,0.00390625,0.0078125
control45,I0/P8,248,s9,matrix,5.041665833510704e-22,5,576,z,5.041665833510704e-22,5.9395441564561265e-27,-3.2311742677852644e-27,0.001953125,0.00390625
control45,I0/P8,248,s9,volume,1.5077186461126546e-19,4,566,y,-1.5077186461126546e-19,1.600339107157889e-24,-9.796920379924922e-24,0.001953125,0.00390625
control45,I0/P8,248,s9,passiveFiber,7.962109704190423e-20,4,566,z,-7.962109704190423e-20,-8.526862891562017e-25,-5.0561414942303817e-23,0.001953125,0.00390625
control45,I0/P8,248,s9,activePotential,0,0,92,x,0,0.0,2.357464745776129e-23,0.001953125,0.00390625
control45,I0/P8,248,s9,total,1.3891340334970526e-19,5,576,y,1.3891340334970526e-19,2.1810359477113508e-24,-3.8050308177439273e-23,0.001953125,0.00390625
control45,I0/P8,248,s10,matrix,3.774011544773189e-23,5,576,x,-3.774011544773189e-23,-1.237399401958863e-27,-1.994240368398718e-27,0.0009765625,0.001953125
control45,I0/P8,248,s10,volume,2.4352197233561135e-20,5,576,y,-2.4352197233561135e-20,-4.6439404947629885e-25,1.295700881381891e-24,0.0009765625,0.001953125
control45,I0/P8,248,s10,passiveFiber,4.870439446712227e-21,4,566,z,4.870439446712227e-21,7.962315797557848e-26,4.342698215903395e-24,0.0009765625,0.001953125
control45,I0/P8,248,s10,activePotential,0,0,92,x,0,0.0,-4.652890945610781e-25,0.0009765625,0.001953125
control45,I0/P8,248,s10,total,2.0964065444543933e-20,4,566,y,2.0964065444543933e-20,-8.629359942833754e-26,1.137373342260413e-24,0.0009765625,0.001953125
control45,I0/P8,248,s11,matrix,2.5455190881612313e-23,5,576,z,-2.5455190881612313e-23,2.13241737250378e-28,6.468659422812297e-28,0.00048828125,0.0009765625
control45,I0/P8,248,s11,volume,4.711620769102046e-21,5,576,y,4.711620769102046e-21,1.2455424475580826e-25,-2.5566666393850904e-25,0.00048828125,0.0009765625
control45,I0/P8,248,s11,passiveFiber,2.4980854499101436e-21,4,566,z,-2.4980854499101436e-21,-2.3266792545270373e-26,-1.8029952414241775e-24,0.00048828125,0.0009765625
control45,I0/P8,248,s11,activePotential,0,0,92,x,0,0.0,2.81112161297318e-25,0.00048828125,0.0009765625
control45,I0/P8,248,s11,total,4.7380905487037425e-21,5,576,y,4.7380905487037425e-21,9.836567282004648e-26,-1.9128551665288765e-24,0.00048828125,0.0009765625
control45,I0/P8,248,s12,matrix,7.78874557249638e-24,5,576,z,7.78874557249638e-24,-2.663850656139751e-29,-1.3568407569801403e-28,0.000244140625,0.00048828125
control45,I0/P8,248,s12,volume,6.617444900424221e-23,6,573,y,6.617444900424221e-23,4.583525863907946e-28,7.522577592187569e-27,0.000244140625,0.00048828125
control45,I0/P8,248,s12,passiveFiber,8.623357885865314e-23,0,92,z,-8.623357885865314e-23,3.2092220047871346e-27,8.623196327151924e-26,0.000244140625,0.00048828125
control45,I0/P8,248,s12,activePotential,0,0,92,x,0,0.0,8.27988406119974e-26,0.000244140625,0.00048828125
control45,I0/P8,248,s12,total,1.0381116687540497e-22,4,566,z,1.0381116687540497e-22,4.42784208911435e-27,1.752912040273506e-25,0.000244140625,0.00048828125
control45,I0/P8,248,s13,matrix,1.4419115169991742e-25,5,576,z,-1.4419115169991742e-25,1.41801728256672e-30,9.170508023194262e-30,0.0001220703125,0.000244140625
control45,I0/P8,248,s13,volume,1.2821299494571929e-23,4,566,y,1.2821299494571929e-23,-1.8042830877470862e-28,2.7136815139602806e-28,0.0001220703125,0.000244140625
control45,I0/P8,248,s13,passiveFiber,6.72084247699335e-24,4,566,z,6.72084247699335e-24,1.7209414789352477e-28,7.547821141154641e-27,0.0001220703125,0.000244140625
control45,I0/P8,248,s13,activePotential,0,0,92,x,0,0.0,1.9185097214975007e-27,0.0001220703125,0.000244140625
control45,I0/P8,248,s13,total,1.1322034634319566e-23,4,566,z,1.1322034634319566e-23,-1.8690173830345598e-28,1.0703264762038688e-26,0.0001220703125,0.000244140625
control45,I0/P8,248,s14,matrix,2.4233807008389483e-26,5,576,y,2.4233807008389483e-26,7.442979342475615e-31,1.2202692127637526e-30,6.103515625e-05,0.0001220703125
control45,I0/P8,248,s14,volume,2.946830932220161e-24,5,576,y,2.946830932220161e-24,6.441592350550461e-29,-2.342916888506405e-28,6.103515625e-05,0.0001220703125
control45,I0/P8,248,s14,passiveFiber,2.714186384939622e-25,4,566,z,2.714186384939622e-25,-9.714141106351983e-30,6.626431603856499e-29,6.103515625e-05,0.0001220703125
control45,I0/P8,248,s14,activePotential,0,0,92,x,0,0.0,-3.7865323450608567e-29,6.103515625e-05,0.0001220703125
control45,I0/P8,248,s14,total,3.1019272970738538e-24,5,576,y,3.1019272970738538e-24,5.83892405033135e-29,-5.301145283085199e-28,6.103515625e-05,0.0001220703125
control45,I0/P8,248,s15,matrix,1.2527111174909667e-26,5,576,z,-1.2527111174909667e-26,1.0123869068337366e-31,3.6361557350031013e-31,3.0517578125e-05,6.103515625e-05
control45,I0/P8,248,s15,volume,4.006656092053728e-25,5,576,y,4.006656092053728e-25,5.339243863965652e-30,-3.658342447962442e-29,3.0517578125e-05,6.103515625e-05
control45,I0/P8,248,s15,passiveFiber,5.169878828456423e-26,0,92,z,5.169878828456423e-26,-1.4741687454182755e-30,-8.164710369037472e-29,3.0517578125e-05,6.103515625e-05
control45,I0/P8,248,s15,activePotential,0,0,92,x,0,0.0,-8.914128228997433e-29,3.0517578125e-05,6.103515625e-05
control45,I0/P8,248,s15,total,3.101927297073854e-25,5,576,y,3.101927297073854e-25,8.688252523412147e-30,-2.8556764769000627e-28,3.0517578125e-05,6.103515625e-05
control45,I0/P8,248,s16,matrix,2.335028279454195e-28,5,576,y,2.335028279454195e-28,3.7413647831793325e-33,1.7622258991143208e-32,1.52587890625e-05,3.0517578125e-05
control45,I0/P8,248,s16,volume,4.2005265481208437e-26,4,566,y,-4.2005265481208437e-26,-8.770832563124479e-31,-1.4544622940012405e-30,1.52587890625e-05,3.0517578125e-05
control45,I0/P8,248,s16,passiveFiber,7.926474375660727e-27,0,92,z,-7.926474375660727e-27,3.1124818786979567e-31,7.198355760141733e-30,1.52587890625e-05,3.0517578125e-05
control45,I0/P8,248,s16,activePotential,0,0,92,x,0,0.0,1.00579765415679e-29,1.52587890625e-05,3.0517578125e-05
control45,I0/P8,248,s16,total,6.300789822181265e-26,5,576,y,6.300789822181265e-26,2.0319671233992107e-30,1.6171648557030742e-29,1.52587890625e-05,3.0517578125e-05
control45,I0/P8,248,s17,matrix,2.6638846693182042e-28,5,576,z,2.6638846693182042e-28,-1.0420658647662643e-33,-5.36852971997942e-33,7.62939453125e-06,1.52587890625e-05
control45,I0/P8,248,s17,volume,1.5095642282309282e-26,4,566,y,1.5095642282309282e-26,-7.538044317089318e-32,7.349348667781692e-31,7.62939453125e-06,1.52587890625e-05
control45,I0/P8,248,s17,passiveFiber,4.632191235457781e-27,4,566,z,4.632191235457781e-27,4.847021362462548e-32,4.745491382970149e-30,7.62939453125e-06,1.52587890625e-05
control45,I0/P8,248,s17,activePotential,0,0,92,x,0,0.0,1.947500359764373e-30,7.62939453125e-06,1.52587890625e-05
control45,I0/P8,248,s17,total,1.7165613297609217e-26,5,576,y,-1.7165613297609217e-26,-2.265971512085095e-31,6.508102468073347e-30,7.62939453125e-06,1.52587890625e-05
control45,I0/P8,248,s18,matrix,4.367084667496945e-29,5,576,z,4.367084667496945e-29,-3.111962289591212e-34,-9.343769495816199e-34,3.814697265625e-06,7.62939453125e-06
control45,I0/P8,248,s18,volume,2.5748419946413825e-27,5,576,y,-2.5748419946413825e-27,-4.897161979172855e-32,1.8739298358887805e-31,3.814697265625e-06,7.62939453125e-06
control45,I0/P8,248,s18,passiveFiber,1.3741956968950026e-27,4,566,z,1.3741956968950026e-27,2.2472707374573624e-32,1.2926841786727127e-30,3.814697265625e-06,7.62939453125e-06
control45,I0/P8,248,s18,activePotential,0,0,92,x,0,0.0,3.143117669239969e-31,3.814697265625e-06,7.62939453125e-06
control45,I0/P8,248,s18,total,3.1680653953675834e-27,5,576,y,-3.1680653953675834e-27,-3.3517300205389553e-32,1.6455145444844543e-30,3.814697265625e-06,7.62939453125e-06
control45,I0/P8,248,s19,matrix,1.2202692127637526e-30,5,576,z,-1.2202692127637526e-30,-7.552107051419142e-36,6.206610172341678e-36,1.9073486328125e-06,3.814697265625e-06
control45,I0/P8,248,s19,volume,1.1832913578315177e-28,5,576,y,-1.1832913578315177e-28,-3.2766198128566105e-33,7.222237291452134e-33,1.9073486328125e-06,3.814697265625e-06
control45,I0/P8,248,s19,passiveFiber,1.1044052673094165e-29,0,92,z,-1.1044052673094165e-29,3.6402796032479133e-34,1.5985218538414058e-32,1.9073486328125e-06,3.814697265625e-06
control45,I0/P8,248,s19,activePotential,0,0,92,x,0,0.0,4.8148248609680896e-33,1.9073486328125e-06,3.814697265625e-06
control45,I0/P8,248,s19,total,1.0255191767873153e-28,5,576,y,-1.0255191767873153e-28,-2.5977576155470354e-33,-2.311115933264683e-33,1.9073486328125e-06,3.814697265625e-06
control45,I0/P8,248,s20,matrix,4.468157470978387e-32,5,576,y,4.468157470978387e-32,2.3013079394050136e-36,-1.598672317118311e-36,9.5367431640625e-07,1.9073486328125e-06
control45,I0/P8,248,s20,volume,5.245925019719729e-29,5,576,y,5.245925019719729e-29,1.1466722813803044e-33,-2.6180610181513987e-33,9.5367431640625e-07,1.9073486328125e-06
control45,I0/P8,248,s20,passiveFiber,2.3148137187579065e-29,4,566,z,-2.3148137187579065e-29,-3.766908823374542e-34,-1.886207639284249e-32,9.5367431640625e-07,1.9073486328125e-06
control45,I0/P8,248,s20,activePotential,0,0,92,x,0,0.0,1.9018558200823954e-33,9.5367431640625e-07,1.9073486328125e-06
control45,I0/P8,248,s20,total,4.614836295542919e-29,5,576,y,4.614836295542919e-29,8.822716323025714e-34,-1.9981523173017572e-32,9.5367431640625e-07,1.9073486328125e-06
control45,I0/P8,248,core,matrix,1.5455587803707568e-32,5,576,y,1.5455587803707568e-32,6.1387793195608825e-37,1.055006179863003e-36,0,9.5367431640625e-07
control45,I0/P8,248,core,volume,3.438940508697848e-30,4,566,y,-3.438940508697848e-30,2.485659345547213e-35,-3.3214768376834556e-34,0,9.5367431640625e-07
control45,I0/P8,248,core,passiveFiber,4.005934284325451e-31,4,566,z,-4.005934284325451e-31,9.237069517299828e-36,-4.724546894824938e-34,0,9.5367431640625e-07
control45,I0/P8,248,core,activePotential,0,0,92,x,0,0.0,-5.356492657827e-34,0,9.5367431640625e-07
control45,I0/P8,248,core,total,4.4866463984445046e-30,5,576,y,4.4866463984445046e-30,6.882259263233835e-35,-6.7407548053553255e-34,0,9.5367431640625e-07
terminal46,I0/I1,197,s1,matrix,1.1543549970072231e-11,8,494,y,1.1543549970072231e-11,-1.6240779947379275e-17,-2.4239753609813126e-16,0.5,1
terminal46,I0/I1,197,s1,volume,1.1071920269500879e-08,8,494,y,1.1071920269500879e-08,-7.474583997205544e-15,-2.296591736228315e-13,0.5,1
terminal46,I0/I1,197,s1,passiveFiber,0,0,68,x,0,0.0,0,0.5,1
terminal46,I0/I1,197,s1,activePotential,4.050093593832571e-13,7,489,z,-4.050093593832571e-13,7.509329585944113e-18,-3.5388358909926865e-16,0.5,1
terminal46,I0/I1,197,s1,total,1.1083491457952732e-08,8,494,y,1.1083491457952732e-08,-7.592426842681279e-15,-2.304059720792395e-13,0.5,1
terminal46,I0/I1,197,s2,matrix,2.864527191837052e-14,3,92,y,-2.864527191837052e-14,-3.30231904865025e-20,-5.319366908757006e-19,0.25,0.5
terminal46,I0/I1,197,s2,volume,2.623634642873185e-11,3,92,y,-2.623634642873185e-11,-1.7449509263671987e-17,-4.498896914728601e-16,0.25,0.5
terminal46,I0/I1,197,s2,passiveFiber,0,0,68,x,0,0.0,0,0.25,0.5
terminal46,I0/I1,197,s2,activePotential,4.1744385725905886e-14,6,490,z,4.1744385725905886e-14,-2.044890945295622e-18,-1.0104764247564901e-16,0.25,0.5
terminal46,I0/I1,197,s2,total,2.624345185608945e-11,3,92,y,-2.624345185608945e-11,-1.929950070266353e-17,-5.321264262558856e-16,0.25,0.5
terminal46,I0/I1,197,s3,matrix,2.582434049588911e-17,6,490,y,2.582434049588911e-17,-1.3563631766264733e-21,2.1705219273391446e-21,0.125,0.25
terminal46,I0/I1,197,s3,volume,2.2121193765656244e-14,6,490,y,2.2121193765656244e-14,-5.065403810902035e-20,2.879912020664621e-18,0.125,0.25
terminal46,I0/I1,197,s3,passiveFiber,0,0,68,x,0,0.0,0,0.125,0.25
terminal46,I0/I1,197,s3,activePotential,1.3655743202889425e-14,8,494,z,-1.3655743202889425e-14,-2.5773630081327493e-19,-5.637851296924623e-18,0.125,0.25
terminal46,I0/I1,197,s3,total,2.3647750424515834e-14,8,494,z,-2.3647750424515834e-14,-5.317937425834905e-19,-4.065758146820642e-18,0.125,0.25
terminal46,I0/I1,197,s4,matrix,1.771315299298193e-17,3,92,z,-1.771315299298193e-17,3.4775936994013645e-22,3.2094607767057474e-22,0.0625,0.125
terminal46,I0/I1,197,s4,volume,3.039235529911366e-15,3,92,y,-3.039235529911366e-15,1.6253520858213108e-20,-5.64123942871364e-19,0.0625,0.125
terminal46,I0/I1,197,s4,passiveFiber,0,0,68,x,0,0.0,0,0.0625,0.125
terminal46,I0/I1,197,s4,activePotential,5.009881398621019e-15,8,494,z,5.009881398621019e-15,2.6531902467896238e-20,2.9341221292888964e-18,0.0625,0.125
terminal46,I0/I1,197,s4,total,5.731526364627371e-15,8,494,z,5.731526364627371e-15,-5.1694414415203623e-20,2.0735366548785272e-18,0.0625,0.125
terminal46,I0/I1,197,s5,matrix,1.8905775382715984e-18,3,92,z,1.8905775382715984e-18,-2.63019891126093e-23,-1.0846405782101575e-22,0.03125,0.0625
terminal46,I0/I1,197,s5,volume,9.020562075079397e-17,8,494,y,-9.020562075079397e-17,5.201936727904994e-21,-1.9058241313221758e-21,0.03125,0.0625
terminal46,I0/I1,197,s5,passiveFiber,0,0,68,x,0,0.0,0,0.03125,0.0625
terminal46,I0/I1,197,s5,activePotential,2.5500435096859064e-16,8,494,z,-2.5500435096859064e-16,8.054843723875164e-21,-1.4484263398048536e-19,0.03125,0.0625
terminal46,I0/I1,197,s5,total,3.3480163086352377e-16,8,494,y,-3.3480163086352377e-16,3.3319809055038376e-20,-1.0757318430129614e-19,0.03125,0.0625
terminal46,I0/I1,197,s6,matrix,3.7163570560782427e-19,3,92,z,3.7163570560782427e-19,-4.529703049409948e-24,-1.2549880856077967e-23,0.015625,0.03125
terminal46,I0/I1,197,s6,volume,1.8648277366750676e-17,8,494,y,1.8648277366750676e-17,7.541003076951657e-22,-1.6940658945086007e-21,0.015625,0.03125
terminal46,I0/I1,197,s6,passiveFiber,0,0,68,x,0,0.0,0,0.015625,0.03125
terminal46,I0/I1,197,s6,activePotential,5.0090140368830305e-17,3,92,z,5.0090140368830305e-17,-2.696184113253479e-21,-3.3034284942917713e-20,0.015625,0.03125
terminal46,I0/I1,197,s6,total,9.64939933512099e-17,8,494,z,-9.64939933512099e-17,7.38212839279737e-23,-3.4040136567782195e-20,0.015625,0.03125
terminal46,I0/I1,197,s7,matrix,3.746797302620194e-20,8,494,z,-3.746797302620194e-20,-1.508770122045371e-25,-2.0275618530352534e-24,0.0078125,0.015625
terminal46,I0/I1,197,s7,volume,1.0354130747236567e-17,8,494,y,-1.0354130747236567e-17,5.526263846635809e-22,9.760731228125727e-22,0.0078125,0.015625
terminal46,I0/I1,197,s7,passiveFiber,0,0,68,x,0,0.0,0,0.0078125,0.015625
terminal46,I0/I1,197,s7,activePotential,8.944667923005412e-18,8,494,z,-8.944667923005412e-18,-2.0684700200421646e-23,-5.730707283767376e-21,0.0078125,0.015625
terminal46,I0/I1,197,s7,total,8.104411239329146e-18,3,92,y,8.104411239329146e-18,-5.890357800870151e-22,-3.8976750463498664e-21,0.0078125,0.015625
terminal46,I0/I1,197,s8,matrix,1.6063847495779797e-21,3,92,x,1.6063847495779797e-21,3.4265786256718255e-30,6.825855640696371e-26,0.00390625,0.0078125
terminal46,I0/I1,197,s8,volume,6.505213034913027e-19,3,92,y,6.505213034913027e-19,-5.000920251397715e-23,8.68539643180679e-24,0.00390625,0.0078125
terminal46,I0/I1,197,s8,passiveFiber,0,0,68,x,0,0.0,0,0.00390625,0.0078125
terminal46,I0/I1,197,s8,activePotential,1.9989977555201488e-19,6,490,z,1.9989977555201488e-19,-2.2706388797071998e-23,-9.595295105615121e-23,0.00390625,0.0078125
terminal46,I0/I1,197,s8,total,2.710505431213761e-19,8,494,y,-2.710505431213761e-19,2.006969923821811e-23,-7.692779696743157e-23,0.00390625,0.0078125
terminal46,I0/I1,197,s9,matrix,6.49543576007265e-22,8,494,z,6.49543576007265e-22,1.0369817440464399e-26,3.087286038672952e-26,0.001953125,0.00390625
terminal46,I0/I1,197,s9,volume,7.877406409464993e-20,8,494,y,7.877406409464993e-20,-1.0976222182325924e-23,-4.1359030627651384e-25,0.001953125,0.00390625
terminal46,I0/I1,197,s9,passiveFiber,0,0,68,x,0,0.0,0,0.001953125,0.00390625
terminal46,I0/I1,197,s9,activePotential,6.733911930671688e-20,8,494,z,6.733911930671688e-20,5.71164394786674e-25,4.508134338414001e-23,0.001953125,0.00390625
terminal46,I0/I1,197,s9,total,8.470329472543003e-20,3,92,y,-8.470329472543003e-20,3.7844741966025493e-25,3.2466839042706336e-23,0.001953125,0.00390625
terminal46,I0/I1,197,s10,matrix,3.948494955233593e-23,8,494,x,-3.948494955233593e-23,-2.4780870648281567e-28,2.7547022810317732e-27,0.0009765625,0.001953125
terminal46,I0/I1,197,s10,volume,2.625802136488331e-20,3,92,y,2.625802136488331e-20,-5.779870978338521e-25,2.5203159288725062e-24,0.0009765625,0.001953125
terminal46,I0/I1,197,s10,passiveFiber,0,0,68,x,0,0.0,0,0.0009765625,0.001953125
terminal46,I0/I1,197,s10,activePotential,4.817499887508833e-21,3,92,z,-4.817499887508833e-21,3.9210894054491838e-25,2.3264454728053903e-25,0.0009765625,0.001953125
terminal46,I0/I1,197,s10,total,3.282252670610414e-20,3,92,y,3.282252670610414e-20,-1.483751524819455e-24,2.455692443516801e-24,0.0009765625,0.001953125
terminal46,I0/I1,197,s11,matrix,1.2175064641014876e-23,3,92,z,1.2175064641014876e-23,-1.6020479335741977e-28,-3.8496412174785376e-28,0.00048828125,0.0009765625
terminal46,I0/I1,197,s11,volume,2.9116757561866574e-21,3,92,y,2.9116757561866574e-21,-3.7954066222343305e-26,3.021147940379222e-25,0.00048828125,0.0009765625
terminal46,I0/I1,197,s11,passiveFiber,0,0,68,x,0,0.0,0,0.00048828125,0.0009765625
terminal46,I0/I1,197,s11,activePotential,2.1969917069408415e-21,8,494,z,-2.1969917069408415e-21,-8.884724549833107e-26,-1.5412701257335711e-24,0.00048828125,0.0009765625
terminal46,I0/I1,197,s11,total,4.281486850574471e-21,3,92,y,4.281486850574471e-21,-1.7270407626827818e-25,-1.1341421679926278e-24,0.00048828125,0.0009765625
terminal46,I0/I1,197,s12,matrix,2.8232385164773747e-25,3,92,z,-2.8232385164773747e-25,7.478864593693167e-31,-2.7610131682735413e-30,0.000244140625,0.00048828125
terminal46,I0/I1,197,s12,volume,2.6138907356675675e-22,8,494,y,2.6138907356675675e-22,-1.1833008730390339e-26,-2.716205868856988e-26,0.000244140625,0.00048828125
terminal46,I0/I1,197,s12,passiveFiber,0,0,68,x,0,0.0,0,0.000244140625,0.00048828125
terminal46,I0/I1,197,s12,activePotential,8.023651941764368e-23,3,92,z,-8.023651941764368e-23,8.42625863512861e-27,6.300789822181265e-26,0.000244140625,0.00048828125
terminal46,I0/I1,197,s12,total,2.754511439801582e-22,8,494,y,2.754511439801582e-22,1.4046741096844755e-27,4.8871510800252123e-26,0.000244140625,0.00048828125
terminal46,I0/I1,197,s13,matrix,1.7468535885214085e-25,8,494,z,1.7468535885214085e-25,1.4301158362693652e-30,1.0711251978704051e-29,0.0001220703125,0.000244140625
terminal46,I0/I1,197,s13,volume,1.737079286361358e-23,8,494,y,-1.737079286361358e-23,2.183123588798093e-27,-2.6505726415425997e-28,0.0001220703125,0.000244140625
terminal46,I0/I1,197,s13,passiveFiber,0,0,68,x,0,0.0,0,0.0001220703125,0.000244140625
terminal46,I0/I1,197,s13,activePotential,2.8537731133079455e-23,8,494,z,2.8537731133079455e-23,-6.550654354440141e-29,1.8528764941831125e-26,0.0001220703125,0.000244140625
terminal46,I0/I1,197,s13,total,1.7577588016751838e-23,3,92,z,-1.7577588016751838e-23,1.1138941340549512e-27,1.623160198582754e-26,0.0001220703125,0.000244140625
terminal46,I0/I1,197,s14,matrix,9.131853838838433e-27,3,92,x,9.131853838838433e-27,-1.0910181818711406e-32,9.591131123048435e-31,6.103515625e-05,0.0001220703125
terminal46,I0/I1,197,s14,volume,8.711245825949073e-24,8,494,y,-8.711245825949073e-24,2.4465502747462894e-28,7.667727998748235e-28,6.103515625e-05,0.0001220703125
terminal46,I0/I1,197,s14,passiveFiber,0,0,68,x,0,0.0,0,6.103515625e-05,0.0001220703125
terminal46,I0/I1,197,s14,activePotential,2.7529604761530452e-24,8,494,z,-2.7529604761530452e-24,1.1605056585783577e-28,-1.0917834928258803e-27,6.103515625e-05,0.0001220703125
terminal46,I0/I1,197,s14,total,8.42690249038397e-24,8,494,y,-8.42690249038397e-24,1.8799283103141046e-28,-3.3763246743459305e-28,6.103515625e-05,0.0001220703125
terminal46,I0/I1,197,s15,matrix,2.0210616391762322e-27,8,494,z,2.0210616391762322e-27,4.5992848733512243e-32,2.3207455829866192e-32,3.0517578125e-05,6.103515625e-05
terminal46,I0/I1,197,s15,volume,1.7157535361939754e-24,8,494,y,1.7157535361939754e-24,3.0007840624638054e-29,-1.8005750161669594e-28,3.0517578125e-05,6.103515625e-05
terminal46,I0/I1,197,s15,passiveFiber,0,0,68,x,0,0.0,0,3.0517578125e-05,6.103515625e-05
terminal46,I0/I1,197,s15,activePotential,8.30411786820813e-25,8,494,z,8.30411786820813e-25,-4.625399500273554e-30,4.733165431326071e-28,3.0517578125e-05,6.103515625e-05
terminal46,I0/I1,197,s15,total,1.7933017186208217e-24,8,494,y,1.7933017186208217e-24,7.527903835849423e-29,3.1002233575185764e-28,3.0517578125e-05,6.103515625e-05
terminal46,I0/I1,197,s16,matrix,6.113672015462841e-29,8,494,z,-6.113672015462841e-29,-1.4041114506595335e-33,-9.990761586508786e-34,1.52587890625e-05,3.0517578125e-05
terminal46,I0/I1,197,s16,volume,5.937282717055423e-26,3,92,y,5.937282717055423e-26,-2.1718840417153024e-30,6.92718482397201e-30,1.52587890625e-05,3.0517578125e-05
terminal46,I0/I1,197,s16,passiveFiber,0,0,68,x,0,0.0,0,1.52587890625e-05,3.0517578125e-05
terminal46,I0/I1,197,s16,activePotential,3.130200071916975e-26,8,494,z,-3.130200071916975e-26,4.415540896352096e-31,-1.765076275432014e-29,1.52587890625e-05,3.0517578125e-05
terminal46,I0/I1,197,s16,total,9.410795054924582e-26,8,494,y,-9.410795054924582e-26,-3.3965180476397077e-31,-8.480254731125877e-30,1.52587890625e-05,3.0517578125e-05
terminal46,I0/I1,197,s17,matrix,2.508331159569936e-29,3,92,z,-2.508331159569936e-29,4.379807672025525e-34,6.966449720713205e-34,7.62939453125e-06,1.52587890625e-05
terminal46,I0/I1,197,s17,volume,1.2167390602128886e-26,3,92,y,-1.2167390602128886e-26,7.082418839222843e-31,-6.317050217590134e-31,7.62939453125e-06,1.52587890625e-05
terminal46,I0/I1,197,s17,passiveFiber,0,0,68,x,0,0.0,0,7.62939453125e-06,1.52587890625e-05
terminal46,I0/I1,197,s17,activePotential,5.831259811393719e-27,8,494,z,5.831259811393719e-27,2.8538947829456153e-31,4.0059342843254506e-30,7.62939453125e-06,1.52587890625e-05
terminal46,I0/I1,197,s17,total,1.1940198661425235e-26,8,494,y,1.1940198661425235e-26,-3.3198654273209963e-31,3.266377185680752e-30,7.62939453125e-06,1.52587890625e-05
terminal46,I0/I1,197,s18,matrix,1.2449211160519093e-30,3,92,y,1.2449211160519093e-30,-3.340075580214628e-35,8.57640678359941e-35,3.814697265625e-06,7.62939453125e-06
terminal46,I0/I1,197,s18,volume,1.1296488162764889e-27,8,494,y,-1.1296488162764889e-27,2.611372229755952e-32,7.626682579773454e-32,3.814697265625e-06,7.62939453125e-06
terminal46,I0/I1,197,s18,passiveFiber,0,0,68,x,0,0.0,0,3.814697265625e-06,7.62939453125e-06
terminal46,I0/I1,197,s18,activePotential,4.67005655890839e-28,3,92,z,-4.67005655890839e-28,2.7231268603987003e-32,-3.697785493223493e-32,3.814697265625e-06,7.62939453125e-06
terminal46,I0/I1,197,s18,total,6.752649348691861e-28,8,494,y,-6.752649348691861e-28,5.739459892373116e-32,1.4174844390690056e-31,3.814697265625e-06,7.62939453125e-06
terminal46,I0/I1,197,s19,matrix,4.624157796473753e-31,3,92,z,4.624157796473753e-31,-6.52502221824165e-36,-2.0547641252373586e-35,1.9073486328125e-06,3.814697265625e-06
terminal46,I0/I1,197,s19,volume,6.7053176943786e-29,8,494,y,-6.7053176943786e-29,4.4544506333614625e-33,3.659266894335748e-33,1.9073486328125e-06,3.814697265625e-06
terminal46,I0/I1,197,s19,passiveFiber,0,0,68,x,0,0.0,0,1.9073486328125e-06,3.814697265625e-06
terminal46,I0/I1,197,s19,activePotential,6.863089875422803e-29,8,494,z,-6.863089875422803e-29,1.4617333552657373e-33,-2.2918566338208107e-32,1.9073486328125e-06,3.814697265625e-06
terminal46,I0/I1,197,s19,total,8.361925595342725e-29,3,92,y,8.361925595342725e-29,-1.4606378369222035e-32,-2.4074124304840448e-32,1.9073486328125e-06,3.814697265625e-06
terminal46,I0/I1,197,s20,matrix,1.2614841135736395e-32,3,92,z,1.2614841135736395e-32,-2.8723159009777856e-37,-1.2313303324863462e-36,9.5367431640625e-07,1.9073486328125e-06
terminal46,I0/I1,197,s20,volume,2.6426840324903895e-29,8,494,y,2.6426840324903895e-29,3.067318186573688e-35,-2.636116611380029e-33,9.5367431640625e-07,1.9073486328125e-06
terminal46,I0/I1,197,s20,passiveFiber,0,0,68,x,0,0.0,0,9.5367431640625e-07,1.9073486328125e-06
terminal46,I0/I1,197,s20,activePotential,1.2473863063807249e-29,8,494,z,1.2473863063807249e-29,4.123308379377122e-34,7.342607912976337e-33,9.5367431640625e-07,1.9073486328125e-06
terminal46,I0/I1,197,s20,total,2.4750510901309245e-29,8,494,y,2.4750510901309245e-29,5.15710778423102e-34,4.0564899453656155e-33,9.5367431640625e-07,1.9073486328125e-06
terminal46,I0/I1,197,core,matrix,2.9225986906076304e-32,8,494,z,2.9225986906076304e-32,3.5694709311109323e-37,1.3448390057376233e-36,0,9.5367431640625e-07
terminal46,I0/I1,197,core,volume,6.027390353954293e-30,8,494,y,6.027390353954293e-30,7.213551082469027e-35,-5.830451980078546e-34,0,9.5367431640625e-07
terminal46,I0/I1,197,core,passiveFiber,0,0,68,x,0,0.0,0,0,9.5367431640625e-07
terminal46,I0/I1,197,core,activePotential,5.10294398064842e-30,8,494,z,5.10294398064842e-30,5.400054582377655e-35,3.1898214703913594e-33,0,9.5367431640625e-07
terminal46,I0/I1,197,core,total,7.296963373294359e-30,8,494,y,7.296963373294359e-30,1.313555136983054e-34,2.68426485998971e-33,0,9.5367431640625e-07
terminal46,I0/I1,200,s1,matrix,1.465850834811433e-11,9,494,y,1.465850834811433e-11,-4.604099776844974e-17,-3.415812825733472e-16,0.5,1
terminal46,I0/I1,200,s1,volume,1.4098826106589968e-08,9,494,y,1.4098826106589968e-08,-3.7846161590808856e-14,-3.260473488420068e-13,0.5,1
terminal46,I0/I1,200,s1,passiveFiber,0,0,67,x,0,0.0,0,0.5,1
terminal46,I0/I1,200,s1,activePotential,4.4586556668946287e-13,6,495,z,-4.4586556668946287e-13,-3.4421039419821727e-18,4.475586568020162e-16,0.5,1
terminal46,I0/I1,200,s1,total,1.411321548516753e-08,9,494,y,1.411321548516753e-08,-3.790988702384512e-14,-3.259649494768979e-13,0.5,1
terminal46,I0/I1,200,s2,matrix,4.17582635137137e-14,9,494,y,4.17582635137137e-14,-1.3108495373638056e-19,-8.085988272726365e-19,0.25,0.5
terminal46,I0/I1,200,s2,volume,3.792521852119535e-11,9,494,y,3.792521852119535e-11,-1.1138496760880476e-16,-6.839689405124805e-16,0.25,0.5
terminal46,I0/I1,200,s2,passiveFiber,0,0,67,x,0,0.0,0,0.25,0.5
terminal46,I0/I1,200,s2,activePotential,1.1013412404281553e-13,9,494,z,-1.1013412404281553e-13,-7.540273540727282e-19,-2.2941717969793274e-16,0.25,0.5
terminal46,I0/I1,200,s2,total,3.789235591966644e-11,9,494,y,3.789235591966644e-11,-1.0506432114914829e-16,-9.06826697066876e-16,0.25,0.5
terminal46,I0/I1,200,s3,matrix,1.460149275794853e-16,9,494,z,-1.460149275794853e-16,-2.0231783587099692e-23,-2.1308172579365993e-21,0.125,0.25
terminal46,I0/I1,200,s3,volume,3.2931990467943706e-14,5,496,y,-3.2931990467943706e-14,-2.3258382899104024e-18,7.562310153086393e-18,0.125,0.25
terminal46,I0/I1,200,s3,passiveFiber,0,0,67,x,0,0.0,0,0.125,0.25
terminal46,I0/I1,200,s3,activePotential,2.5091040356528538e-14,9,494,z,-2.5091040356528538e-14,-5.350105483261214e-19,-2.7592945289756088e-17,0.125,0.25
terminal46,I0/I1,200,s3,total,3.674838211509268e-14,9,494,z,-3.674838211509268e-14,-1.8961996916837947e-18,-2.1304572689340162e-17,0.125,0.25
terminal46,I0/I1,200,s4,matrix,9.934002405398434e-18,9,494,z,-9.934002405398434e-18,-2.765606094154816e-23,-2.837229501056885e-22,0.0625,0.125
terminal46,I0/I1,200,s4,volume,7.216449660063518e-15,9,494,y,-7.216449660063518e-15,1.1005841701942066e-19,6.539094352803199e-19,0.0625,0.125
terminal46,I0/I1,200,s4,passiveFiber,0,0,67,x,0,0.0,0,0.0625,0.125
terminal46,I0/I1,200,s4,activePotential,3.4833247397614286e-15,9,494,z,-3.4833247397614286e-15,-9.708458583913989e-21,-2.439454888092385e-18,0.0625,0.125
terminal46,I0/I1,200,s4,total,6.439293542825908e-15,9,494,y,-6.439293542825908e-15,7.863506731469018e-20,-1.9989977555201488e-18,0.0625,0.125
terminal46,I0/I1,200,s5,matrix,7.707999820014133e-19,9,494,z,-7.707999820014133e-19,2.384739223705906e-23,-2.088631046696395e-23,0.03125,0.0625
terminal46,I0/I1,200,s5,volume,4.683753385137379e-16,9,494,y,4.683753385137379e-16,-1.6534598232431762e-20,1.9058241313221758e-21,0.03125,0.0625
terminal46,I0/I1,200,s5,passiveFiber,0,0,67,x,0,0.0,0,0.03125,0.0625
terminal46,I0/I1,200,s5,activePotential,1.0148132334464322e-16,3,92,z,-1.0148132334464322e-16,1.0460378891183509e-20,4.658681209898652e-20,0.03125,0.0625
terminal46,I0/I1,200,s5,total,1.8908485888147197e-16,9,494,z,-1.8908485888147197e-16,4.589018039732399e-21,-4.912791094074942e-20,0.03125,0.0625
terminal46,I0/I1,200,s6,matrix,2.8343839997497025e-19,9,494,z,-2.8343839997497025e-19,-1.5723109990974399e-24,-7.81944172804034e-24,0.015625,0.03125
terminal46,I0/I1,200,s6,volume,1.478851763270228e-16,9,494,y,-1.478851763270228e-16,3.1231797168207537e-21,1.0243804705856695e-20,0.015625,0.03125
terminal46,I0/I1,200,s6,passiveFiber,0,0,67,x,0,0.0,0,0.015625,0.03125
terminal46,I0/I1,200,s6,activePotential,3.187554387107383e-17,9,494,z,-3.187554387107383e-17,-1.019525306652247e-21,-3.3034284942917713e-20,0.015625,0.03125
terminal46,I0/I1,200,s6,total,7.892991815694472e-17,9,494,y,-7.892991815694472e-17,-3.3580065275486546e-21,-2.414043899674756e-20,0.015625,0.03125
terminal46,I0/I1,200,s7,matrix,3.263723824889226e-20,9,494,z,3.263723824889226e-20,9.547780854550098e-26,1.2246150474906152e-24,0.0078125,0.015625
terminal46,I0/I1,200,s7,volume,2.8189256484623115e-17,9,494,y,2.8189256484623115e-17,-2.189873950547104e-22,-2.5013941723603557e-21,0.0078125,0.015625
terminal46,I0/I1,200,s7,passiveFiber,0,0,67,x,0,0.0,0,0.0078125,0.015625
terminal46,I0/I1,200,s7,activePotential,1.2956215961201778e-17,9,494,z,1.2956215961201778e-17,2.1357110878335936e-22,1.0892314306098268e-20,0.0078125,0.015625
terminal46,I0/I1,200,s7,total,2.5804011705155006e-17,9,494,y,2.5804011705155006e-17,2.0442383673074868e-22,6.4983308922165854e-21,0.0078125,0.015625
terminal46,I0/I1,200,s8,matrix,1.5600626352750102e-21,9,494,z,-1.5600626352750102e-21,-7.729160358473265e-26,-8.966508593104109e-26,0.00390625,0.0078125
terminal46,I0/I1,200,s8,volume,1.0977546996415732e-18,9,494,y,-1.0977546996415732e-18,2.5423062836356106e-23,7.361907451721946e-23,0.00390625,0.0078125
terminal46,I0/I1,200,s8,passiveFiber,0,0,67,x,0,0.0,0,0.00390625,0.0078125
terminal46,I0/I1,200,s8,activePotential,1.7448878713438587e-19,6,495,z,1.7448878713438587e-19,-1.4363421013505052e-23,-2.69660879692287e-22,0.00390625,0.0078125
terminal46,I0/I1,200,s8,total,5.996993266560446e-19,3,92,y,5.996993266560446e-19,-9.631533754662828e-23,-1.9356026333740848e-22,0.00390625,0.0078125
terminal46,I0/I1,200,s9,matrix,1.8280691537421912e-22,9,494,y,1.8280691537421912e-22,3.2879468549614265e-27,-1.3328593854614215e-26,0.001953125,0.00390625
terminal46,I0/I1,200,s9,volume,6.522153693858113e-20,9,494,y,6.522153693858113e-20,-5.575140595974675e-24,-3.308722450212111e-24,0.001953125,0.00390625
terminal46,I0/I1,200,s9,passiveFiber,0,0,67,x,0,0.0,0,0.001953125,0.00390625
terminal46,I0/I1,200,s9,activePotential,2.498747194400186e-20,9,494,z,-2.498747194400186e-20,1.825834112802036e-24,-3.1019272970738538e-24,0.001953125,0.00390625
terminal46,I0/I1,200,s9,total,1.3552527156068805e-19,9,494,y,1.3552527156068805e-19,-5.886170673341845e-24,-7.651420666115506e-24,0.001953125,0.00390625
terminal46,I0/I1,200,s10,matrix,6.01256907749482e-23,9,494,x,-6.01256907749482e-23,-9.87002394741406e-28,4.543838814073028e-28,0.0009765625,0.001953125
terminal46,I0/I1,200,s10,volume,5.643357011081776e-20,9,494,y,-5.643357011081776e-20,-8.426017280155261e-25,7.380002027621544e-24,0.0009765625,0.001953125
terminal46,I0/I1,200,s10,passiveFiber,0,0,67,x,0,0.0,0,0.0009765625,0.001953125
terminal46,I0/I1,200,s10,activePotential,2.668153783851046e-20,9,494,z,-2.668153783851046e-20,7.3436623375577175e-25,-1.6414365280349143e-23,0.0009765625,0.001953125
terminal46,I0/I1,200,s10,total,6.680972371468294e-20,9,494,y,-6.680972371468294e-20,-7.631525767326985e-25,-8.581998855237662e-24,0.0009765625,0.001953125
terminal46,I0/I1,200,s11,matrix,1.8236747567380032e-23,9,494,z,-1.8236747567380032e-23,-1.6358422072102623e-29,-4.835717349004802e-28,0.00048828125,0.0009765625
terminal46,I0/I1,200,s11,volume,7.940933880509066e-21,9,494,y,-7.940933880509066e-21,-5.507794707267987e-26,7.593259529295371e-25,0.00048828125,0.0009765625
terminal46,I0/I1,200,s11,passiveFiber,0,0,67,x,0,0.0,0,0.00048828125,0.0009765625
terminal46,I0/I1,200,s11,activePotential,3.2359305563074443e-21,9,494,z,-3.2359305563074443e-21,-4.687156708893584e-26,-2.5849394142282115e-24,0.00048828125,0.0009765625
terminal46,I0/I1,200,s11,total,8.099752558119247e-21,9,494,y,-8.099752558119247e-21,-1.2839820272354634e-25,-1.7286782332651164e-24,0.00048828125,0.0009765625
terminal46,I0/I1,200,s12,matrix,4.21668241945977e-25,9,494,x,-4.21668241945977e-25,3.484524305673884e-30,1.9721522630525295e-30,0.000244140625,0.00048828125
terminal46,I0/I1,200,s12,volume,1.5716431638507526e-22,3,92,y,-1.5716431638507526e-22,9.935069421635459e-27,-1.6054897143058032e-26,0.000244140625,0.00048828125
terminal46,I0/I1,200,s12,passiveFiber,0,0,67,x,0,0.0,0,0.000244140625,0.00048828125
terminal46,I0/I1,200,s12,activePotential,1.228363209641246e-22,3,92,z,-1.228363209641246e-22,7.824859306160867e-27,5.452606576887634e-26,0.000244140625,0.00048828125
terminal46,I0/I1,200,s12,total,1.0587911840678754e-22,3,92,y,-1.0587911840678754e-22,9.149145307990594e-27,3.473512337869159e-26,0.000244140625,0.00048828125
terminal46,I0/I1,200,s13,matrix,7.257520328033309e-26,9,494,x,-7.257520328033309e-26,-1.8898777221573788e-30,3.069161959375499e-30,0.0001220703125,0.000244140625
terminal46,I0/I1,200,s13,volume,1.0505193779423451e-22,9,494,y,-1.0505193779423451e-22,-1.726516294182795e-27,1.135959703518257e-26,0.0001220703125,0.000244140625
terminal46,I0/I1,200,s13,passiveFiber,0,0,67,x,0,0.0,0,0.0001220703125,0.000244140625
terminal46,I0/I1,200,s13,activePotential,3.4017802691243263e-23,9,494,z,-3.4017802691243263e-23,6.584013464833464e-28,-2.090165854473593e-26,0.0001220703125,0.000244140625
terminal46,I0/I1,200,s13,total,1.089810457038614e-22,9,494,y,-1.089810457038614e-22,-1.907801004807599e-27,-6.967219514911976e-27,0.0001220703125,0.000244140625
terminal46,I0/I1,200,s14,matrix,1.8541386716314661e-26,9,494,z,-1.8541386716314661e-26,2.9904135637227733e-32,-7.395570986446986e-31,6.103515625e-05,0.0001220703125
terminal46,I0/I1,200,s14,volume,2.9985297205047253e-24,9,494,y,2.9985297205047253e-24,-2.11304691130189e-28,-3.7707551269564364e-28,6.103515625e-05,0.0001220703125
terminal46,I0/I1,200,s14,passiveFiber,0,0,67,x,0,0.0,0,6.103515625e-05,0.0001220703125
terminal46,I0/I1,200,s14,activePotential,1.357093192469811e-24,9,494,z,1.357093192469811e-24,-2.085536630111843e-28,-5.806016262426647e-28,6.103515625e-05,0.0001220703125
terminal46,I0/I1,200,s14,total,2.287671381591967e-24,9,494,z,-2.287671381591967e-24,1.8877467998845467e-28,-6.2477783693504135e-28,6.103515625e-05,0.0001220703125
terminal46,I0/I1,200,s15,matrix,1.6842180326468602e-27,9,494,z,1.6842180326468602e-27,3.647655277146301e-32,9.629649721936179e-33,3.0517578125e-05,6.103515625e-05
terminal46,I0/I1,200,s15,volume,7.496324301261813e-25,9,494,y,7.496324301261813e-25,2.985720651164548e-29,-1.0255191767873153e-28,3.0517578125e-05,6.103515625e-05
terminal46,I0/I1,200,s15,passiveFiber,0,0,67,x,0,0.0,0,3.0517578125e-05,6.103515625e-05
terminal46,I0/I1,200,s15,activePotential,2.6980305136006957e-25,9,494,z,2.6980305136006957e-25,3.2252215598072216e-30,1.5146129380243427e-28,3.0517578125e-05,6.103515625e-05
terminal46,I0/I1,200,s15,total,1.001664023013432e-24,9,494,y,1.001664023013432e-24,1.2923766544520018e-29,9.781875224740546e-29,3.0517578125e-05,6.103515625e-05
terminal46,I0/I1,200,s16,matrix,1.1004609627833115e-28,9,494,z,-1.1004609627833115e-28,-4.617373168564552e-34,-5.801863957466548e-33,1.52587890625e-05,3.0517578125e-05
terminal46,I0/I1,200,s16,volume,1.7569510081082375e-25,9,494,y,1.7569510081082375e-25,4.668113434591227e-30,-1.873544649899903e-29,1.52587890625e-05,3.0517578125e-05
terminal46,I0/I1,200,s16,passiveFiber,0,0,67,x,0,0.0,0,1.52587890625e-05,3.0517578125e-05
terminal46,I0/I1,200,s16,activePotential,4.2005265481208437e-26,9,494,z,4.2005265481208437e-26,-1.0019402266373554e-30,2.514494135391975e-29,1.52587890625e-05,3.0517578125e-05
terminal46,I0/I1,200,s16,total,2.148730888077201e-25,9,494,y,2.148730888077201e-25,-3.0978295742808664e-31,1.4495319133436092e-29,1.52587890625e-05,3.0517578125e-05
terminal46,I0/I1,200,s17,matrix,2.982880297866951e-29,9,494,z,2.982880297866951e-29,-1.426385476439645e-34,1.5196790967430533e-33,7.62939453125e-06,1.52587890625e-05
terminal46,I0/I1,200,s17,volume,1.3076158364943492e-26,9,494,y,-1.3076158364943492e-26,1.33675009490011e-31,1.2510840918739484e-30,7.62939453125e-06,1.52587890625e-05
terminal46,I0/I1,200,s17,passiveFiber,0,0,67,x,0,0.0,0,7.62939453125e-06,1.52587890625e-05
terminal46,I0/I1,200,s17,activePotential,1.1612032524853294e-27,6,495,z,-1.1612032524853294e-27,4.0133391733325047e-32,7.272311470006203e-31,7.62939453125e-06,1.52587890625e-05
terminal46,I0/I1,200,s17,total,1.4590771302967834e-26,9,494,y,-1.4590771302967834e-26,7.591273868926108e-31,2.588449845256445e-30,7.62939453125e-06,1.52587890625e-05
terminal46,I0/I1,200,s18,matrix,3.2694586735917716e-30,9,494,z,3.2694586735917716e-30,-3.59335025350642e-35,2.129055368209327e-34,3.814697265625e-06,7.62939453125e-06
terminal46,I0/I1,200,s18,volume,3.4394335467636115e-27,9,494,y,-3.4394335467636115e-27,7.212534427197146e-32,2.261041754710615e-31,3.814697265625e-06,7.62939453125e-06
terminal46,I0/I1,200,s18,passiveFiber,0,0,67,x,0,0.0,0,3.814697265625e-06,7.62939453125e-06
terminal46,I0/I1,200,s18,activePotential,3.660314600225495e-28,9,494,z,-3.660314600225495e-28,3.4002884870082035e-33,-1.8180778675015506e-31,3.814697265625e-06,7.62939453125e-06
terminal46,I0/I1,200,s18,total,2.1835669856517607e-27,9,494,y,-2.1835669856517607e-27,-7.043036603397214e-32,5.546678239835239e-32,3.814697265625e-06,7.62939453125e-06
terminal46,I0/I1,200,s19,matrix,2.0905969546323445e-31,9,494,x,2.0905969546323445e-31,5.171669289482422e-36,-1.344765537340697e-35,1.9073486328125e-06,3.814697265625e-06
terminal46,I0/I1,200,s19,volume,2.3192510613497747e-28,9,494,y,2.3192510613497747e-28,2.7464459871621078e-33,-1.872966870916587e-32,1.9073486328125e-06,3.814697265625e-06
terminal46,I0/I1,200,s19,passiveFiber,0,0,67,x,0,0.0,0,1.9073486328125e-06,3.814697265625e-06
terminal46,I0/I1,200,s19,activePotential,3.9048614808440084e-29,9,494,z,3.9048614808440084e-29,1.541880829505929e-33,3.871119188218344e-32,1.9073486328125e-06,3.814697265625e-06
terminal46,I0/I1,200,s19,total,1.1280710944660469e-28,9,494,y,1.1280710944660469e-28,1.1193959293459273e-32,1.829633447167874e-32,1.9073486328125e-06,3.814697265625e-06
terminal46,I0/I1,200,s20,matrix,7.169274217981485e-32,9,494,z,7.169274217981485e-32,-3.0385733301874147e-37,9.521504241660529e-37,9.5367431640625e-07,1.9073486328125e-06
terminal46,I0/I1,200,s20,volume,2.0313168309441054e-29,9,494,y,2.0313168309441054e-29,4.4188321514544175e-34,-9.449093789649876e-34,9.5367431640625e-07,1.9073486328125e-06
terminal46,I0/I1,200,s20,passiveFiber,0,0,67,x,0,0.0,0,9.5367431640625e-07,1.9073486328125e-06
terminal46,I0/I1,200,s20,activePotential,1.1487786932280984e-29,9,494,z,1.1487786932280984e-29,3.755269729393484e-34,5.946308703295591e-33,9.5367431640625e-07,1.9073486328125e-06
terminal46,I0/I1,200,s20,total,1.7946585593778019e-29,9,494,y,1.7946585593778019e-29,-3.5312756238077468e-34,6.018531076210112e-33,9.5367431640625e-07,1.9073486328125e-06
terminal46,I0/I1,200,core,matrix,6.0967719802008435e-33,9,494,z,6.0967719802008435e-33,3.025793276599783e-38,1.2269222286707626e-37,0,9.5367431640625e-07
terminal46,I0/I1,200,core,volume,3.623829783359023e-30,9,494,y,3.623829783359023e-30,3.390937472761388e-35,-3.964707346453411e-34,0,9.5367431640625e-07
terminal46,I0/I1,200,core,passiveFiber,0,0,67,x,0,0.0,0,0,9.5367431640625e-07
terminal46,I0/I1,200,core,activePotential,2.428212473883427e-30,9,494,z,2.428212473883427e-30,3.2024779665978826e-35,1.561808814276524e-33,0,9.5367431640625e-07
terminal46,I0/I1,200,core,total,3.747089299799806e-30,9,494,y,3.747089299799806e-30,7.513442345170519e-35,1.0622707349510848e-33,0,9.5367431640625e-07
terminal46,I0/I1,203,s1,matrix,7.676313263423745e-11,7,498,y,7.676313263423745e-11,-1.4897611569876758e-15,-2.3707215525544875e-15,0.5,1
terminal46,I0/I1,203,s1,volume,7.188205053410002e-08,7,498,y,7.188205053410002e-08,-1.2548294928997833e-12,-2.1952231699096103e-12,0.5,1
terminal46,I0/I1,203,s1,passiveFiber,0,0,67,x,0,0.0,0,0.5,1
terminal46,I0/I1,203,s1,activePotential,7.993605777301127e-13,6,451,z,7.993605777301127e-13,-2.356786006909592e-17,-1.942890293094024e-16,0.5,1
terminal46,I0/I1,203,s1,total,7.195811857485523e-08,7,498,y,7.195811857485523e-08,-1.2562198923375942e-12,-2.1980334219406927e-12,0.5,1
terminal46,I0/I1,203,s2,matrix,2.447764213542314e-13,7,498,y,2.447764213542314e-13,-4.574829605608696e-18,-6.273761282075789e-18,0.25,0.5
terminal46,I0/I1,203,s2,volume,2.1660717663962714e-10,7,498,y,2.1660717663962714e-10,-3.729031411288758e-15,-5.441610703704747e-15,0.25,0.5
terminal46,I0/I1,203,s2,passiveFiber,0,0,67,x,0,0.0,0,0.25,0.5
terminal46,I0/I1,203,s2,activePotential,2.717825964282383e-13,7,498,z,-2.717825964282383e-13,-3.5577709379558925e-18,-4.440892098500626e-16,0.25,0.5
terminal46,I0/I1,203,s2,total,2.1691981544336159e-10,7,498,y,2.1691981544336159e-10,-3.7438092878206595e-15,-5.85122228446977e-15,0.25,0.5
terminal46,I0/I1,203,s3,matrix,3.5063098258181213e-16,7,498,y,3.5063098258181213e-16,-8.844040261198855e-21,-1.5775988642611344e-20,0.125,0.25
terminal46,I0/I1,203,s3,volume,2.5490720645393594e-13,7,498,y,2.5490720645393594e-13,-6.123607631198156e-18,2.710505431213761e-18,0.125,0.25
terminal46,I0/I1,203,s3,passiveFiber,0,0,67,x,0,0.0,0,0.125,0.25
terminal46,I0/I1,203,s3,activePotential,2.1760371282653068e-14,7,498,z,-2.1760371282653068e-14,-3.8936831967441504e-19,-3.5344990823027445e-17,0.125,0.25
terminal46,I0/I1,203,s3,total,2.7977620220553945e-13,7,498,y,2.7977620220553945e-13,-6.457066466801921e-18,-2.7321894746634712e-17,0.125,0.25
terminal46,I0/I1,203,s4,matrix,1.1329912702473521e-17,7,498,y,-1.1329912702473521e-17,8.632188231729148e-23,3.308722450212111e-24,0.0625,0.125
terminal46,I0/I1,203,s4,volume,2.270406085358445e-14,7,498,y,-2.270406085358445e-14,1.5616690695265617e-19,2.507217523872729e-18,0.0625,0.125
terminal46,I0/I1,203,s4,passiveFiber,0,0,67,x,0,0.0,0,0.0625,0.125
terminal46,I0/I1,203,s4,activePotential,5.995204332975845e-15,7,498,z,-5.995204332975845e-15,-1.832043840097421e-19,-7.020209066843641e-18,0.0625,0.125
terminal46,I0/I1,203,s4,total,2.2926105458509483e-14,7,498,y,-2.2926105458509483e-14,-4.9943536337524367e-20,-2.9002408113987244e-18,0.0625,0.125
terminal46,I0/I1,203,s5,matrix,1.734723475976807e-18,7,498,z,-1.734723475976807e-18,2.4004036568730965e-23,-2.423639194780371e-22,0.03125,0.0625
terminal46,I0/I1,203,s5,volume,2.4771851236948805e-15,7,498,y,2.4771851236948805e-15,-1.4936572611373592e-19,-1.7872395187065737e-19,0.03125,0.0625
terminal46,I0/I1,203,s5,passiveFiber,0,0,67,x,0,0.0,0,0.03125,0.0625
terminal46,I0/I1,203,s5,activePotential,2.3765711620882257e-16,5,495,z,2.3765711620882257e-16,-3.423061234911679e-20,6.098637220230962e-20,0.03125,0.0625
terminal46,I0/I1,203,s5,total,9.818534874028728e-16,2,92,y,-9.818534874028728e-16,1.5746233795131943e-19,-2.0328790734103208e-19,0.03125,0.0625
terminal46,I0/I1,203,s6,matrix,3.0620241043242957e-19,7,498,z,-3.0620241043242957e-19,3.3112979006016415e-24,-2.641808081341232e-23,0.015625,0.03125
terminal46,I0/I1,203,s6,volume,3.5561831257524545e-17,7,498,y,3.5561831257524545e-17,-6.440670799207325e-22,-1.164670302474663e-20,0.015625,0.03125
terminal46,I0/I1,203,s6,passiveFiber,0,0,67,x,0,0.0,0,0.015625,0.03125
terminal46,I0/I1,203,s6,activePotential,3.5561831257524545e-17,5,495,z,3.5561831257524545e-17,-3.5330760360318356e-21,-3.5998900258307764e-20,0.015625,0.03125
terminal46,I0/I1,203,s6,total,1.3270634591222574e-16,7,498,y,1.3270634591222574e-16,-3.795322800403583e-21,-4.5528020914918643e-20,0.015625,0.03125
terminal46,I0/I1,203,s7,matrix,1.1202010727438122e-19,7,498,z,1.1202010727438122e-19,1.1902408698705314e-24,6.565746112139657e-24,0.0078125,0.015625
terminal46,I0/I1,203,s7,volume,6.396792817664476e-17,7,498,y,6.396792817664476e-17,-1.1374069913661754e-22,-8.854141276767608e-21,0.0078125,0.015625
terminal46,I0/I1,203,s7,passiveFiber,0,0,67,x,0,0.0,0,0.0078125,0.015625
terminal46,I0/I1,203,s7,activePotential,4.0332320816460765e-17,7,498,z,4.0332320816460765e-17,6.704672739058804e-22,2.991085094991748e-20,0.0078125,0.015625
terminal46,I0/I1,203,s7,total,7.058156142880634e-17,7,498,y,7.058156142880634e-17,2.178717317741225e-22,2.2472842881840656e-20,0.0078125,0.015625
terminal46,I0/I1,203,s8,matrix,3.0704944337968387e-21,7,498,z,-3.0704944337968387e-21,1.2133764601891445e-25,-1.2359241574278636e-25,0.00390625,0.0078125
terminal46,I0/I1,203,s8,volume,2.256495771485456e-18,9,500,y,2.256495771485456e-18,-1.629736388709782e-22,3.8712052667481695e-22,0.00390625,0.0078125
terminal46,I0/I1,203,s8,passiveFiber,0,0,67,x,0,0.0,0,0.00390625,0.0078125
terminal46,I0/I1,203,s8,activePotential,9.723938234479368e-19,9,500,z,9.723938234479368e-19,-1.2557731471776008e-22,-6.088049308390284e-22,0.00390625,0.0078125
terminal46,I0/I1,203,s8,total,2.656295322589486e-18,7,498,y,-2.656295322589486e-18,-6.381565469824794e-23,-3.6065074707312007e-22,0.00390625,0.0078125
terminal46,I0/I1,203,s9,matrix,9.529120656610879e-22,7,498,z,-9.529120656610879e-22,-3.885362443323782e-27,-6.502738213917845e-26,0.001953125,0.00390625
terminal46,I0/I1,203,s9,volume,4.87890977618477e-19,7,498,y,-4.87890977618477e-19,-8.897022929013127e-24,9.574615590301295e-23,0.001953125,0.00390625
terminal46,I0/I1,203,s9,passiveFiber,0,0,67,x,0,0.0,0,0.001953125,0.00390625
terminal46,I0/I1,203,s9,activePotential,4.54009659728305e-19,7,498,z,-4.54009659728305e-19,-6.82295522004754e-24,-3.019209235818551e-22,0.001953125,0.00390625
terminal46,I0/I1,203,s9,total,7.199780051661553e-19,7,498,y,-7.199780051661553e-19,-2.0663229043053458e-23,-2.4939495468473784e-22,0.001953125,0.00390625
terminal46,I0/I1,203,s10,matrix,1.137373342260413e-22,7,498,z,-1.137373342260413e-22,-2.0342996182387624e-27,-6.487592084537601e-27,0.0009765625,0.001953125
terminal46,I0/I1,203,s10,volume,5.992758101824175e-20,7,498,y,-5.992758101824175e-20,-7.440961376282568e-26,7.34122793640812e-24,0.0009765625,0.001953125
terminal46,I0/I1,203,s10,passiveFiber,0,0,67,x,0,0.0,0,0.0009765625,0.001953125
terminal46,I0/I1,203,s10,activePotential,1.7787691892340307e-20,7,498,z,-1.7787691892340307e-20,-4.894387204340146e-25,-2.7090165061111656e-23,0.0009765625,0.001953125
terminal46,I0/I1,203,s10,total,6.098637220230962e-20,7,498,y,-6.098637220230962e-20,3.3050146091208933e-25,-1.2356010400010851e-23,0.0009765625,0.001953125
terminal46,I0/I1,203,s11,matrix,2.663780066362172e-23,7,498,z,-2.663780066362172e-23,-7.456722537625347e-28,-1.744960322348878e-27,0.00048828125,0.0009765625
terminal46,I0/I1,203,s11,volume,1.683477982667922e-20,7,498,y,-1.683477982667922e-20,1.348859514672781e-25,2.468617140587942e-24,0.00048828125,0.0009765625
terminal46,I0/I1,203,s11,passiveFiber,0,0,67,x,0,0.0,0,0.00048828125,0.0009765625
terminal46,I0/I1,203,s11,activePotential,8.973255284975244e-21,7,498,z,-8.973255284975244e-21,-2.332747544444785e-25,-7.70311945440007e-24,0.00048828125,0.0009765625
terminal46,I0/I1,203,s11,total,2.2075796187815203e-20,7,498,y,-2.2075796187815203e-20,1.4721362753057163e-25,-5.467146861092667e-24,0.00048828125,0.0009765625
terminal46,I0/I1,203,s12,matrix,1.919317515064447e-24,7,498,z,-1.919317515064447e-24,-1.4541670600334443e-29,-1.467281283711082e-28,0.000244140625,0.00048828125
terminal46,I0/I1,203,s12,volume,3.474158572722716e-22,7,498,y,-3.474158572722716e-22,7.317185604236944e-27,6.664296927307108e-26,0.000244140625,0.00048828125
terminal46,I0/I1,203,s12,passiveFiber,0,0,67,x,0,0.0,0,0.000244140625,0.00048828125
terminal46,I0/I1,203,s12,activePotential,2.6469779601696886e-22,7,498,z,-2.6469779601696886e-22,-1.972752739549365e-26,-3.1827066537684854e-25,0.000244140625,0.00048828125
terminal46,I0/I1,203,s12,total,7.146840492458159e-22,7,498,z,-7.146840492458159e-22,-2.01164041516768e-26,-2.407224829500022e-25,0.000244140625,0.00048828125
terminal46,I0/I1,203,s13,matrix,7.532675011774398e-26,7,498,z,7.532675011774398e-26,6.808350436964746e-31,1.3805065841367707e-30,0.0001220703125,0.000244140625
terminal46,I0/I1,203,s13,volume,1.5344200362858663e-22,7,498,y,1.5344200362858663e-22,-4.9709967590486364e-27,-1.519661647817757e-26,0.0001220703125,0.000244140625
terminal46,I0/I1,203,s13,passiveFiber,0,0,67,x,0,0.0,0,0.0001220703125,0.000244140625
terminal46,I0/I1,203,s13,activePotential,6.245213624775359e-23,7,498,z,6.245213624775359e-23,2.0203190501554634e-27,3.8572142821686593e-26,0.0001220703125,0.000244140625
terminal46,I0/I1,203,s13,total,1.435158362779503e-22,7,498,y,1.435158362779503e-22,-8.36000669397379e-28,3.362440722414041e-26,0.0001220703125,0.000244140625
terminal46,I0/I1,203,s14,matrix,9.339324256911559e-27,7,498,x,9.339324256911559e-27,-2.0587065068952785e-31,2.033782021272921e-31,6.103515625e-05,0.0001220703125
terminal46,I0/I1,203,s14,volume,5.37667398159468e-24,7,498,y,5.37667398159468e-24,-4.647151334742208e-28,-3.7234234726431757e-28,6.103515625e-05,0.0001220703125
terminal46,I0/I1,203,s14,passiveFiber,0,0,67,x,0,0.0,0,6.103515625e-05,0.0001220703125
terminal46,I0/I1,203,s14,activePotential,5.7385654995866295e-24,7,498,z,-5.7385654995866295e-24,5.114569570343042e-28,4.291403324402304e-28,6.103515625e-05,0.0001220703125
terminal46,I0/I1,203,s14,total,8.06501097239202e-24,7,498,y,8.06501097239202e-24,-1.9151876375327235e-28,-9.213895372981418e-28,6.103515625e-05,0.0001220703125
terminal46,I0/I1,203,s15,matrix,7.156546132165019e-27,7,498,z,7.156546132165019e-27,9.482994800271539e-32,4.22934215787437e-31,3.0517578125e-05,6.103515625e-05
terminal46,I0/I1,203,s15,volume,1.5703506941436385e-24,7,498,y,1.5703506941436385e-24,2.3095622035202676e-29,-1.206957184988148e-28,3.0517578125e-05,6.103515625e-05
terminal46,I0/I1,203,s15,passiveFiber,0,0,67,x,0,0.0,0,3.0517578125e-05,6.103515625e-05
terminal46,I0/I1,203,s15,activePotential,8.982664464443035e-25,7,498,z,8.982664464443035e-25,2.82526749080655e-29,9.908092969575908e-28,3.0517578125e-05,6.103515625e-05
terminal46,I0/I1,203,s15,total,1.6220494824282027e-24,7,498,y,1.6220494824282027e-24,5.747703389001273e-29,7.7150596530614955e-28,3.0517578125e-05,6.103515625e-05
terminal46,I0/I1,203,s16,matrix,1.7461436137067096e-27,7,498,z,1.7461436137067096e-27,2.3591373683272598e-32,1.0390392049969137e-31,1.52587890625e-05,3.0517578125e-05
terminal46,I0/I1,203,s16,volume,8.58684561663934e-25,7,498,y,8.58684561663934e-25,-7.412872953414719e-30,-8.756356047953231e-29,1.52587890625e-05,3.0517578125e-05
terminal46,I0/I1,203,s16,passiveFiber,0,0,67,x,0,0.0,0,1.52587890625e-05,3.0517578125e-05
terminal46,I0/I1,203,s16,activePotential,4.67712475261917e-25,7,498,z,4.67712475261917e-25,6.988296508641339e-30,3.3644917607676154e-28,1.52587890625e-05,3.0517578125e-05
terminal46,I0/I1,203,s16,total,8.570689745300414e-25,7,498,y,8.570689745300414e-25,1.106610632915181e-29,2.3705270201891405e-28,1.52587890625e-05,3.0517578125e-05
terminal46,I0/I1,203,s17,matrix,9.727641037506602e-29,7,498,z,-9.727641037506602e-29,-1.4164096290361724e-33,-6.560198873069022e-33,7.62939453125e-06,1.52587890625e-05
terminal46,I0/I1,203,s17,volume,2.655621351336014e-26,7,498,y,-2.655621351336014e-26,4.140050876778457e-31,2.1323896344255475e-30,7.62939453125e-06,1.52587890625e-05
terminal46,I0/I1,203,s17,passiveFiber,0,0,67,x,0,0.0,0,7.62939453125e-06,1.52587890625e-05
terminal46,I0/I1,203,s17,activePotential,1.7367561689345796e-26,7,498,z,-1.7367561689345796e-26,-1.3635234836582645e-31,-1.0945445059941539e-29,7.62939453125e-06,1.52587890625e-05
terminal46,I0/I1,203,s17,total,2.2315297286891982e-26,7,498,z,-2.2315297286891982e-26,-1.8107024406471298e-31,-8.52955853770219e-30,7.62939453125e-06,1.52587890625e-05
terminal46,I0/I1,203,s18,matrix,1.0088791420678096e-29,7,498,z,1.0088791420678096e-29,-5.660486240747282e-35,8.847240682028865e-34,3.814697265625e-06,7.62939453125e-06
terminal46,I0/I1,203,s18,volume,5.62931141965714e-27,7,498,y,-5.62931141965714e-27,1.2066227701245533e-31,4.776306262080345e-31,3.814697265625e-06,7.62939453125e-06
terminal46,I0/I1,203,s18,passiveFiber,0,0,67,x,0,0.0,0,3.814697265625e-06,7.62939453125e-06
terminal46,I0/I1,203,s18,activePotential,3.060780312257526e-28,9,500,z,3.060780312257526e-28,7.406898705407877e-33,4.314083075427408e-31,3.814697265625e-06,7.62939453125e-06
terminal46,I0/I1,203,s18,total,2.7136815139602806e-27,7,498,y,-2.7136815139602806e-27,-1.0002694360339139e-31,7.796164414879531e-31,3.814697265625e-06,7.62939453125e-06
terminal46,I0/I1,203,s19,matrix,5.015121575184362e-31,7,498,x,5.015121575184362e-31,1.299083263598463e-35,2.1441016958998524e-35,1.9073486328125e-06,3.814697265625e-06
terminal46,I0/I1,203,s19,volume,3.4236563286591912e-28,7,498,y,3.4236563286591912e-28,2.698221049385883e-32,-6.259272319258517e-32,1.9073486328125e-06,3.814697265625e-06
terminal46,I0/I1,203,s19,passiveFiber,0,0,67,x,0,0.0,0,1.9073486328125e-06,3.814697265625e-06
terminal46,I0/I1,203,s19,activePotential,4.65427934080397e-28,7,498,z,4.65427934080397e-28,-5.694519589164173e-33,1.6100774335077292e-31,1.9073486328125e-06,3.814697265625e-06
terminal46,I0/I1,203,s19,total,7.446846945286351e-28,7,498,y,7.446846945286351e-28,4.683190060007658e-33,9.321500930834222e-32,1.9073486328125e-06,3.814697265625e-06
terminal46,I0/I1,203,s20,matrix,1.3269657316828055e-31,7,498,z,-1.3269657316828055e-31,-2.629647306173906e-36,-2.3744985886610208e-36,9.5367431640625e-07,1.9073486328125e-06
terminal46,I0/I1,203,s20,volume,1.374590127347613e-28,7,498,y,-1.374590127347613e-28,1.768855510571993e-33,1.7309295375180282e-32,9.5367431640625e-07,1.9073486328125e-06
terminal46,I0/I1,203,s20,passiveFiber,0,0,67,x,0,0.0,0,9.5367431640625e-07,1.9073486328125e-06
terminal46,I0/I1,203,s20,activePotential,8.066102755884846e-29,7,498,z,-8.066102755884846e-29,4.139220418147417e-34,-4.6414911659732384e-32,9.5367431640625e-07,1.9073486328125e-06
terminal46,I0/I1,203,s20,total,1.4791141972893971e-28,7,498,y,-1.4791141972893971e-28,-4.74622348793007e-34,-2.57111647575696e-32,9.5367431640625e-07,1.9073486328125e-06
terminal46,I0/I1,203,core,matrix,2.9900062386611837e-32,7,498,z,2.9900062386611837e-32,3.195345442323551e-37,1.848464866668047e-36,0,9.5367431640625e-07
terminal46,I0/I1,203,core,volume,6.409494854920721e-30,7,498,y,6.409494854920721e-30,-6.950746142284195e-35,-8.666684749742561e-34,0,9.5367431640625e-07
terminal46,I0/I1,203,core,passiveFiber,0,0,67,x,0,0.0,0,0,9.5367431640625e-07
terminal46,I0/I1,203,core,activePotential,6.360191048344408e-30,7,498,z,6.360191048344408e-30,3.3751497284355e-35,3.6231557078784874e-33,0,9.5367431640625e-07
terminal46,I0/I1,203,core,total,5.32481111024183e-30,7,498,y,5.32481111024183e-30,2.6679233745026068e-34,3.1898214703913594e-33,0,9.5367431640625e-07
terminal46,I0/I1,206,s1,matrix,1.527512632007455e-09,7,505,y,-1.527512632007455e-09,-3.102174754054243e-14,-1.1612851776526085e-14,0.5,1
terminal46,I0/I1,206,s1,volume,1.4172361364472863e-06,7,505,y,-1.4172361364472863e-06,-2.8236228604786156e-11,-1.0873970560792978e-11,0.5,1
terminal46,I0/I1,206,s1,passiveFiber,0,0,76,x,0,0.0,0,0.5,1
terminal46,I0/I1,206,s1,activePotential,5.044853423896711e-13,5,502,z,5.044853423896711e-13,-6.2264985077363265e-18,-5.551115123125783e-17,0.5,1
terminal46,I0/I1,206,s1,total,1.4187636576679097e-06,7,505,y,-1.4187636576679097e-06,-2.8267097390950526e-11,-1.0885643081381957e-11,0.5,1
terminal46,I0/I1,206,s2,matrix,1.1109292305522267e-11,7,505,y,-1.1109292305522267e-11,-2.1842498495426409e-16,-6.304222704441422e-17,0.25,0.5
terminal46,I0/I1,206,s2,volume,9.39596489502037e-09,7,505,y,-9.39596489502037e-09,-1.8190927568008049e-13,-5.433002138455212e-14,0.25,0.5
terminal46,I0/I1,206,s2,passiveFiber,0,0,76,x,0,0.0,0,0.25,0.5
terminal46,I0/I1,206,s2,activePotential,1.6342482922482304e-13,7,505,z,-1.6342482922482304e-13,1.630602672339499e-18,5.377642775528102e-17,0.25,0.5
terminal46,I0/I1,206,s2,total,9.407305157083101e-09,7,505,y,-9.407305157083101e-09,-1.8211342705721495e-13,-5.433067190585561e-14,0.25,0.5
terminal46,I0/I1,206,s3,matrix,3.340426893427839e-14,7,505,y,-3.340426893427839e-14,-6.577887911509713e-19,-1.7360204951772902e-19,0.125,0.25
terminal46,I0/I1,206,s3,volume,2.6466828728644032e-11,7,505,y,-2.6466828728644032e-11,-5.057341307407256e-16,-1.463672932855431e-16,0.125,0.25
terminal46,I0/I1,206,s3,passiveFiber,0,0,76,x,0,0.0,0,0.125,0.25
terminal46,I0/I1,206,s3,activePotential,1.7819079545233762e-14,8,500,z,1.7819079545233762e-14,-1.90231230952787e-18,1.599198204416119e-17,0.125,0.25
terminal46,I0/I1,206,s3,total,2.645261787392883e-11,7,505,y,-2.645261787392883e-11,-5.1228186938396e-16,-1.2790875129897739e-16,0.125,0.25
terminal46,I0/I1,206,s4,matrix,8.521829075736065e-17,7,505,y,-8.521829075736065e-17,-2.232827229227637e-21,-1.343341314786117e-21,0.0625,0.125
terminal46,I0/I1,206,s4,volume,7.327471962526033e-14,7,505,y,-7.327471962526033e-14,1.1132420735605812e-20,-6.572975670693371e-19,0.0625,0.125
terminal46,I0/I1,206,s4,passiveFiber,0,0,76,x,0,0.0,0,0.0625,0.125
terminal46,I0/I1,206,s4,activePotential,8.743006318923108e-16,7,505,z,-8.743006318923108e-16,-4.3337260417150646e-20,-4.743384504624082e-20,0.0625,0.125
terminal46,I0/I1,206,s4,total,7.616129948928574e-14,7,505,y,-7.616129948928574e-14,-6.138281224173833e-19,-1.2502206301473473e-18,0.0625,0.125
terminal46,I0/I1,206,s5,matrix,4.435350385443215e-17,7,505,z,-4.435350385443215e-17,-1.3669379010600435e-21,-1.0132962503774589e-21,0.03125,0.0625
terminal46,I0/I1,206,s5,volume,1.2601031329495527e-14,7,505,y,-1.2601031329495527e-14,-3.9104454351675936e-20,-4.434217478876262e-19,0.03125,0.0625
terminal46,I0/I1,206,s5,passiveFiber,0,0,76,x,0,0.0,0,0.03125,0.0625
terminal46,I0/I1,206,s5,activePotential,2.095545958979983e-15,7,505,z,-2.095545958979983e-15,-5.602231565248976e-20,8.82608331038981e-19,0.03125,0.0625
terminal46,I0/I1,206,s5,total,9.811595980124821e-15,7,505,y,-9.811595980124821e-15,-4.3225777609054746e-19,4.0488174878755556e-19,0.03125,0.0625
terminal46,I0/I1,206,s6,matrix,1.726253146504264e-18,7,505,y,1.726253146504264e-18,7.535326716951061e-23,4.890705371719776e-23,0.015625,0.03125
terminal46,I0/I1,206,s6,volume,8.291978215169138e-16,7,505,y,8.291978215169138e-16,2.805650216204503e-20,3.2081372877256625e-20,0.015625,0.03125
terminal46,I0/I1,206,s6,passiveFiber,0,0,76,x,0,0.0,0,0.015625,0.03125
terminal46,I0/I1,206,s6,activePotential,5.442694905877232e-17,7,505,z,5.442694905877232e-17,2.209962154893742e-21,-3.39871970085788e-20,0.015625,0.03125
terminal46,I0/I1,206,s6,total,1.0304257447302234e-15,7,505,y,1.0304257447302234e-15,1.5094857799308142e-20,1.0587911840678754e-21,0.015625,0.03125
terminal46,I0/I1,206,s7,matrix,3.409307612698559e-19,7,505,y,3.409307612698559e-19,9.04398115895014e-24,9.89385560795848e-24,0.0078125,0.015625
terminal46,I0/I1,206,s7,volume,1.8735013540549517e-16,7,505,y,1.8735013540549517e-16,4.34406070572238e-21,5.353512924443195e-21,0.0078125,0.015625
terminal46,I0/I1,206,s7,passiveFiber,0,0,76,x,0,0.0,0,0.0078125,0.015625
terminal46,I0/I1,206,s7,activePotential,5.44811591673966e-18,7,505,z,5.44811591673966e-18,2.5433522834186644e-22,-3.732238923839261e-21,0.0078125,0.015625
terminal46,I0/I1,206,s7,total,2.1510571102112408e-16,7,505,y,2.1510571102112408e-16,1.5055860412387211e-21,1.641126335305207e-21,0.0078125,0.015625
terminal46,I0/I1,206,s8,matrix,2.593883304601441e-20,7,505,z,2.593883304601441e-20,4.0365601325421035e-25,1.9387045606711586e-25,0.00390625,0.0078125
terminal46,I0/I1,206,s8,volume,1.089623183347932e-17,7,505,y,-1.089623183347932e-17,2.536923806976e-22,-2.8289576949313546e-22,0.00390625,0.0078125
terminal46,I0/I1,206,s8,passiveFiber,0,0,76,x,0,0.0,0,0.00390625,0.0078125
terminal46,I0/I1,206,s8,activePotential,8.707498697774207e-19,1,92,z,-8.707498697774207e-19,5.2450859471843105e-23,9.26442286059391e-23,0.00390625,0.0078125
terminal46,I0/I1,206,s8,total,7.968885967768458e-18,7,505,y,-7.968885967768458e-18,2.466733728207585e-22,-3.4245277359695346e-22,0.00390625,0.0078125
terminal46,I0/I1,206,s9,matrix,3.764796235761465e-21,7,505,z,-3.764796235761465e-21,-1.3464291682625736e-25,-1.1591837685679636e-25,0.001953125,0.00390625
terminal46,I0/I1,206,s9,volume,1.6805133673525319e-18,7,505,y,-1.6805133673525319e-18,-5.561861618297234e-23,-4.8079873104644734e-23,0.001953125,0.00390625
terminal46,I0/I1,206,s9,passiveFiber,0,0,76,x,0,0.0,0,0.001953125,0.00390625
terminal46,I0/I1,206,s9,activePotential,1.0545560193316039e-19,7,505,z,-1.0545560193316039e-19,-9.105103747125344e-25,3.970466940254533e-23,0.001953125,0.00390625
terminal46,I0/I1,206,s9,total,2.2632720350634905e-18,7,505,y,-2.2632720350634905e-18,-2.855515132835175e-23,-7.031035206700735e-24,0.001953125,0.00390625
terminal46,I0/I1,206,s10,matrix,2.2871543937091215e-22,7,505,y,-2.2871543937091215e-22,-6.508813939887202e-27,-6.904110642494295e-27,0.0009765625,0.001953125
terminal46,I0/I1,206,s10,volume,2.913793338554793e-19,7,505,y,-2.913793338554793e-19,-1.239984264484235e-23,-1.0236360080343717e-23,0.0009765625,0.001953125
terminal46,I0/I1,206,s10,passiveFiber,0,0,76,x,0,0.0,0,0.0009765625,0.001953125
terminal46,I0/I1,206,s10,activePotential,1.1805521702356811e-20,7,505,z,-1.1805521702356811e-20,-4.994445657846114e-25,6.2038545941477076e-24,0.0009765625,0.001953125
terminal46,I0/I1,206,s10,total,3.5151867311053464e-19,7,505,y,-3.5151867311053464e-19,-8.016671363928303e-24,-4.6270415514684986e-24,0.0009765625,0.001953125
terminal46,I0/I1,206,s11,matrix,3.4643438808843185e-23,7,505,z,3.4643438808843185e-23,6.513589778494556e-28,-3.660314600225495e-28,0.00048828125,0.0009765625
terminal46,I0/I1,206,s11,volume,4.351631766518968e-20,7,505,y,-4.351631766518968e-20,1.7021272855549276e-25,-8.449520710258466e-25,0.00048828125,0.0009765625
terminal46,I0/I1,206,s11,passiveFiber,0,0,76,x,0,0.0,0,0.00048828125,0.0009765625
terminal46,I0/I1,206,s11,activePotential,2.541098841762901e-21,7,505,z,2.541098841762901e-21,-6.071115290899515e-28,-1.2278462217584005e-25,0.00048828125,0.0009765625
terminal46,I0/I1,206,s11,total,3.186961464044305e-20,7,505,y,-3.186961464044305e-20,-1.3618650188109173e-24,-1.2019968276161183e-24,0.00048828125,0.0009765625
terminal46,I0/I1,206,s12,matrix,4.606013675178927e-24,7,505,z,4.606013675178927e-24,2.0420573184774932e-29,7.947773620101694e-29,0.000244140625,0.00048828125
terminal46,I0/I1,206,s12,volume,1.4426029882924803e-21,7,505,y,-1.4426029882924803e-21,-7.350079138104462e-26,-7.41150597673245e-26,0.000244140625,0.00048828125
terminal46,I0/I1,206,s12,passiveFiber,0,0,76,x,0,0.0,0,0.000244140625,0.00048828125
terminal46,I0/I1,206,s12,activePotential,1.8611563782443123e-22,1,92,z,1.8611563782443123e-22,-9.779288403975086e-27,3.877409121342317e-26,0.000244140625,0.00048828125
terminal46,I0/I1,206,s12,total,2.302870825347629e-21,7,505,y,-2.302870825347629e-21,-3.197639939160335e-26,-1.9992890781921323e-26,0.000244140625,0.00048828125
terminal46,I0/I1,206,s13,matrix,3.50464078918918e-24,7,505,z,-3.50464078918918e-24,-9.515899043278902e-29,-6.604244890897158e-29,0.0001220703125,0.000244140625
terminal46,I0/I1,206,s13,volume,2.895132143935597e-22,7,505,y,-2.895132143935597e-22,-3.5177493612752436e-27,-1.729183104244458e-26,0.0001220703125,0.000244140625
terminal46,I0/I1,206,s13,passiveFiber,0,0,76,x,0,0.0,0,0.0001220703125,0.000244140625
terminal46,I0/I1,206,s13,activePotential,1.79498192924007e-22,7,505,z,-1.79498192924007e-22,-5.193435975458987e-27,6.214961755693219e-26,0.0001220703125,0.000244140625
terminal46,I0/I1,206,s13,total,3.58996385848014e-22,7,505,y,-3.58996385848014e-22,-6.894993704210686e-27,4.238391871571452e-26,0.0001220703125,0.000244140625
terminal46,I0/I1,206,s14,matrix,7.350921459211476e-26,7,505,y,-7.350921459211476e-26,1.1400103876193652e-30,-1.377425096225751e-30,6.103515625e-05,0.0001220703125
terminal46,I0/I1,206,s14,volume,6.327931686030662e-23,7,505,y,-6.327931686030662e-23,-5.205343691332186e-28,-1.662918788205893e-27,6.103515625e-05,0.0001220703125
terminal46,I0/I1,206,s14,passiveFiber,0,0,76,x,0,0.0,0,6.103515625e-05,0.0001220703125
terminal46,I0/I1,206,s14,activePotential,1.5380389514657858e-24,1,92,z,-1.5380389514657858e-24,2.45259486876646e-28,4.417621069237666e-28,6.103515625e-05,0.0001220703125
terminal46,I0/I1,206,s14,total,8.085690487705846e-23,7,505,y,-8.085690487705846e-23,-9.131748448408148e-28,-1.880644398046892e-27,6.103515625e-05,0.0001220703125
terminal46,I0/I1,206,s15,matrix,3.2718696297333533e-26,7,505,z,3.2718696297333533e-26,9.407973570491642e-31,6.263124179147291e-31,3.0517578125e-05,6.103515625e-05
terminal46,I0/I1,206,s15,volume,3.0890026000027127e-24,1,92,y,-3.0890026000027127e-24,2.333063225768028e-28,1.9011547815826385e-28,3.0517578125e-05,6.103515625e-05
terminal46,I0/I1,206,s15,passiveFiber,0,0,76,x,0,0.0,0,3.0517578125e-05,6.103515625e-05
terminal46,I0/I1,206,s15,activePotential,1.9128551665288765e-24,7,505,z,1.9128551665288765e-24,5.245941735521312e-29,-5.806016262426647e-28,3.0517578125e-05,6.103515625e-05
terminal46,I0/I1,206,s15,total,4.006656092053728e-24,7,505,y,4.006656092053728e-24,1.7228297117773139e-28,-3.8378083039002224e-28,3.0517578125e-05,6.103515625e-05
terminal46,I0/I1,206,s16,matrix,8.517910513398536e-28,7,505,z,-8.517910513398536e-28,9.056456950129369e-33,1.8103741477240017e-32,1.52587890625e-05,3.0517578125e-05
terminal46,I0/I1,206,s16,volume,1.2730826615073942e-24,7,505,y,1.2730826615073942e-24,1.5998825873049653e-29,3.520291789548765e-29,1.52587890625e-05,3.0517578125e-05
terminal46,I0/I1,206,s16,passiveFiber,0,0,76,x,0,0.0,0,1.52587890625e-05,3.0517578125e-05
terminal46,I0/I1,206,s16,activePotential,2.039678756539448e-26,7,505,z,-2.039678756539448e-26,1.7063970093104836e-30,-6.803925307531227e-30,1.52587890625e-05,3.0517578125e-05
terminal46,I0/I1,206,s16,total,1.3409373211308847e-24,7,505,y,1.3409373211308847e-24,2.4450815145055995e-29,2.923715729975375e-29,1.52587890625e-05,3.0517578125e-05
terminal46,I0/I1,206,s17,matrix,1.919813190883862e-28,7,505,z,-1.919813190883862e-28,-3.512952465339874e-33,-2.1606526563594302e-33,7.62939453125e-06,1.52587890625e-05
terminal46,I0/I1,206,s17,volume,5.553580772755923e-26,1,92,y,-5.553580772755923e-26,5.6543816649866465e-30,7.395570986446986e-32,7.62939453125e-06,1.52587890625e-05
terminal46,I0/I1,206,s17,passiveFiber,0,0,76,x,0,0.0,0,7.62939453125e-06,1.52587890625e-05
terminal46,I0/I1,206,s17,activePotential,1.0703264762038688e-26,7,505,z,-1.0703264762038688e-26,-1.3570122260584012e-31,4.3757128336478e-30,7.62939453125e-06,1.52587890625e-05
terminal46,I0/I1,206,s17,total,6.220010465486634e-26,7,505,y,6.220010465486634e-26,-9.309399310050699e-31,3.931978574460981e-30,7.62939453125e-06,1.52587890625e-05
terminal46,I0/I1,206,s18,matrix,1.486509768275844e-29,7,505,y,-1.486509768275844e-29,-2.3950149325319953e-34,-3.490748024201865e-34,3.814697265625e-06,7.62939453125e-06
terminal46,I0/I1,206,s18,volume,1.6155871338926322e-26,7,505,y,-1.6155871338926322e-26,-5.759291421953532e-32,-4.922676937853775e-31,3.814697265625e-06,7.62939453125e-06
terminal46,I0/I1,206,s18,passiveFiber,0,0,76,x,0,0.0,0,3.814697265625e-06,7.62939453125e-06
terminal46,I0/I1,206,s18,activePotential,3.060780312257526e-28,7,505,z,-3.060780312257526e-28,-4.468913005269628e-32,3.0814879110195774e-31,3.814697265625e-06,7.62939453125e-06
terminal46,I0/I1,206,s18,total,1.1208135741380136e-26,7,505,y,-1.1208135741380136e-26,-4.549418183577528e-31,-1.7102257906158654e-31,3.814697265625e-06,7.62939453125e-06
terminal46,I0/I1,206,s19,matrix,7.68509844239915e-30,7,505,z,7.68509844239915e-30,1.6430966883480675e-34,1.1359977406346586e-34,1.9073486328125e-06,3.814697265625e-06
terminal46,I0/I1,206,s19,volume,5.869125134844328e-28,7,505,y,-5.869125134844328e-28,5.528416741927617e-33,-1.3096323621833204e-32,1.9073486328125e-06,3.814697265625e-06
terminal46,I0/I1,206,s19,passiveFiber,0,0,76,x,0,0.0,0,1.9073486328125e-06,3.814697265625e-06
terminal46,I0/I1,206,s19,activePotential,1.8341016046388524e-28,7,505,z,1.8341016046388524e-28,1.082149204636306e-32,-6.914088500350177e-32,1.9073486328125e-06,3.814697265625e-06
terminal46,I0/I1,206,s19,total,4.543838814073028e-28,7,505,y,-4.543838814073028e-28,-1.1511479462464948e-32,-8.89779634306903e-32,1.9073486328125e-06,3.814697265625e-06
terminal46,I0/I1,206,s20,matrix,3.304850645585425e-31,7,505,z,-3.304850645585425e-31,-5.171707593870586e-36,-2.2804590405952378e-36,9.5367431640625e-07,1.9073486328125e-06
terminal46,I0/I1,206,s20,volume,8.559140821647978e-29,1,92,y,-8.559140821647978e-29,1.2606421653155468e-32,3.394451526982503e-33,9.5367431640625e-07,1.9073486328125e-06
terminal46,I0/I1,206,s20,passiveFiber,0,0,76,x,0,0.0,0,9.5367431640625e-07,1.9073486328125e-06
terminal46,I0/I1,206,s20,activePotential,1.035379938102578e-29,7,505,z,-1.035379938102578e-29,1.6022481578040123e-34,5.296307347064899e-34,9.5367431640625e-07,1.9073486328125e-06
terminal46,I0/I1,206,s20,total,1.7197167733818057e-28,7,505,y,1.7197167733818057e-28,-2.2073075490349632e-33,3.442599775592184e-33,9.5367431640625e-07,1.9073486328125e-06
terminal46,I0/I1,206,core,matrix,4.622231866529366e-32,7,505,y,4.622231866529366e-32,1.4233418838020971e-36,1.3283086164291849e-36,0,9.5367431640625e-07
terminal46,I0/I1,206,core,volume,2.4849118514461872e-29,7,505,y,2.4849118514461872e-29,6.538615202788754e-34,7.583349156024741e-34,0,9.5367431640625e-07
terminal46,I0/I1,206,core,passiveFiber,0,0,76,x,0,0.0,0,0,9.5367431640625e-07
terminal46,I0/I1,206,core,activePotential,8.997944700177166e-31,7,505,z,8.997944700177166e-31,2.66344625719208e-35,-5.055566104016494e-34,0,9.5367431640625e-07
terminal46,I0/I1,206,core,total,3.0864182916772087e-29,7,505,y,3.0864182916772087e-29,5.230346182240131e-34,2.2719954812693173e-34,0,9.5367431640625e-07
terminal46,I0/I1,246,s1,matrix,4.884906160129709e-10,4,505,y,-4.884906160129709e-10,-1.1186169810748673e-14,-2.8332506696662763e-15,0.5,1
terminal46,I0/I1,246,s1,volume,1.7804810137356242e-07,4,505,y,-1.7804810137356242e-07,-4.0533413554239095e-12,-1.031496936476639e-12,0.5,1
terminal46,I0/I1,246,s1,passiveFiber,3.6548541970660153e-13,8,575,z,-3.6548541970660153e-13,1.2774542484803782e-17,2.185751579730777e-16,0.5,1
terminal46,I0/I1,246,s1,activePotential,0,0,92,x,0,0.0,3.95516952522712e-16,0.5,1
terminal46,I0/I1,246,s1,total,1.7853664746603215e-07,4,505,y,-1.7853664746603215e-07,-4.064508382741267e-12,-1.0349013312982436e-12,0.5,1
terminal46,I0/I1,246,s2,matrix,4.437540612745039e-12,4,505,y,-4.437540612745039e-12,-1.0376272856042464e-16,-1.99433907431025e-17,0.25,0.5
terminal46,I0/I1,246,s2,volume,1.536808014179769e-09,4,505,y,-1.536808014179769e-09,-3.5890386755654114e-14,-6.956349558884245e-15,0.25,0.5
terminal46,I0/I1,246,s2,passiveFiber,4.196643033083092e-14,6,573,z,4.196643033083092e-14,-1.7450727577080364e-18,6.375108774214766e-17,0.25,0.5
terminal46,I0/I1,246,s2,activePotential,0,0,92,x,0,0.0,5.117434254131581e-17,0.25,0.5
terminal46,I0/I1,246,s2,total,1.5411796283615331e-09,4,505,y,-1.5411796283615331e-09,-3.599199377755072e-14,-6.975323096902741e-15,0.25,0.5
terminal46,I0/I1,246,s3,matrix,1.5328016633731067e-14,4,505,y,-1.5328016633731067e-14,-3.5794415770825883e-19,-6.585681164902185e-20,0.125,0.25
terminal46,I0/I1,246,s3,volume,5.083267140548742e-12,4,505,y,-5.083267140548742e-12,-1.2131579498878233e-16,-1.772501145424349e-17,0.125,0.25
terminal46,I0/I1,246,s3,passiveFiber,7.382983113757291e-15,4,505,z,-7.382983113757291e-15,-2.561059958912177e-19,7.101524229780054e-18,0.125,0.25
terminal46,I0/I1,246,s3,activePotential,0,0,92,x,0,0.0,9.215718466126788e-19,0.125,0.25
terminal46,I0/I1,246,s3,total,5.10702591327572e-12,4,505,y,-5.10702591327572e-12,-1.2055734388917672e-16,-2.0057740190981832e-17,0.125,0.25
terminal46,I0/I1,246,s4,matrix,2.3852447794681098e-17,4,505,y,-2.3852447794681098e-17,-8.635309719335531e-22,1.3234889800848443e-23,0.0625,0.125
terminal46,I0/I1,246,s4,volume,1.3558598688234724e-14,4,505,y,-1.3558598688234724e-14,-1.6502289990198483e-19,-1.5008365034162134e-20,0.0625,0.125
terminal46,I0/I1,246,s4,passiveFiber,1.7763568394002505e-15,4,505,z,-1.7763568394002505e-15,-1.241640659135146e-20,1.07742590890747e-18,0.0625,0.125
terminal46,I0/I1,246,s4,activePotential,0,0,92,x,0,0.0,8.673617379884035e-19,0.0625,0.125
terminal46,I0/I1,246,s4,total,1.0852430065710905e-14,4,505,y,-1.0852430065710905e-14,-3.716601240676956e-19,1.395910297075087e-18,0.0625,0.125
terminal46,I0/I1,246,s5,matrix,4.228388472693467e-18,0,92,y,4.228388472693467e-18,-3.8771699849752334e-22,-7.940933880509066e-23,0.03125,0.0625
terminal46,I0/I1,246,s5,volume,3.3475826277662435e-15,4,505,y,-3.3475826277662435e-15,-6.291088188089555e-20,3.9928008167934646e-21,0.03125,0.0625
terminal46,I0/I1,246,s5,passiveFiber,6.201636426617085e-16,4,505,z,-6.201636426617085e-16,-1.0793540250624017e-22,3.1679032227310833e-19,0.03125,0.0625
terminal46,I0/I1,246,s5,activePotential,0,0,92,x,0,0.0,6.945670167485263e-20,0.03125,0.0625
terminal46,I0/I1,246,s5,total,3.325248063013042e-15,4,505,y,-3.325248063013042e-15,-7.413298115017554e-20,1.3721933745519665e-19,0.03125,0.0625
terminal46,I0/I1,246,s6,matrix,2.146487367460804e-18,4,505,z,-2.146487367460804e-18,-1.04656090244956e-22,-7.899574849881414e-23,0.015625,0.03125
terminal46,I0/I1,246,s6,volume,5.667937907211096e-16,4,505,y,-5.667937907211096e-16,-1.1027359227346301e-20,-2.5969593825043727e-22,0.015625,0.03125
terminal46,I0/I1,246,s6,passiveFiber,3.892285799222961e-17,4,505,z,-3.892285799222961e-17,-6.377144965381621e-22,2.0381730293306602e-20,0.015625,0.03125
terminal46,I0/I1,246,s6,activePotential,0,0,92,x,0,0.0,-6.1409888675936775e-21,0.015625,0.03125
terminal46,I0/I1,246,s6,total,5.708324438136181e-16,4,505,y,-5.708324438136181e-16,-1.128072180264094e-20,-1.4399560103323106e-20,0.015625,0.03125
terminal46,I0/I1,246,s7,matrix,9.323979864697728e-20,4,505,z,9.323979864697728e-20,6.907349132533324e-24,4.652890945610781e-25,0.0078125,0.015625
terminal46,I0/I1,246,s7,volume,4.063047641389428e-17,4,505,y,4.063047641389428e-17,8.037022102814905e-22,5.831623318498845e-23,0.0078125,0.015625
terminal46,I0/I1,246,s7,passiveFiber,8.700722434196173e-18,4,505,z,8.700722434196173e-18,1.163622529014059e-22,-5.049110459023681e-21,0.0078125,0.015625
terminal46,I0/I1,246,s7,activePotential,0,0,92,x,0,0.0,2.448454613156962e-21,0.0078125,0.015625
terminal46,I0/I1,246,s7,total,4.115902497298096e-17,4,505,y,4.115902497298096e-17,9.236302855588213e-22,-1.826414792517085e-21,0.0078125,0.015625
terminal46,I0/I1,246,s8,matrix,1.8949053472364758e-20,4,505,z,1.8949053472364758e-20,-7.231731549926666e-25,-8.239494382852424e-25,0.00390625,0.0078125
terminal46,I0/I1,246,s8,volume,9.185225280025633e-18,4,505,y,-9.185225280025633e-18,-1.9255518607676448e-22,-1.422201353965684e-23,0.00390625,0.0078125
terminal46,I0/I1,246,s8,passiveFiber,4.506215279392878e-19,4,505,z,-4.506215279392878e-19,-6.917151293966813e-24,3.6065074707312007e-22,0.00390625,0.0078125
terminal46,I0/I1,246,s8,activePotential,0,0,92,x,0,0.0,2.5477162866633252e-22,0.00390625,0.0078125
terminal46,I0/I1,246,s8,total,9.3952894509447e-18,4,505,y,-9.3952894509447e-18,-1.738799238301158e-22,2.845501307182415e-22,0.00390625,0.0078125
terminal46,I0/I1,246,s9,matrix,6.898686308692251e-22,4,505,x,-6.898686308692251e-22,-6.755158789360226e-27,-4.4024749398574227e-26,0.001953125,0.00390625
terminal46,I0/I1,246,s9,volume,2.5474515888673083e-19,4,505,y,2.5474515888673083e-19,3.849448063455202e-24,4.626637654685025e-25,0.001953125,0.00390625
terminal46,I0/I1,246,s9,passiveFiber,1.7131241358218224e-19,4,505,z,1.7131241358218224e-19,8.965156438242004e-25,-8.478601278668534e-23,0.001953125,0.00390625
terminal46,I0/I1,246,s9,activePotential,0,0,92,x,0,0.0,2.895132143935597e-23,0.001953125,0.00390625
terminal46,I0/I1,246,s9,total,2.7337988372632543e-19,4,505,y,2.7337988372632543e-19,6.657103189087908e-24,-7.610061635487855e-23,0.001953125,0.00390625
terminal46,I0/I1,246,s10,matrix,1.810362318754728e-22,4,505,z,-1.810362318754728e-22,-8.196171464978229e-27,1.4136387421560532e-27,0.0009765625,0.001953125
terminal46,I0/I1,246,s10,volume,2.8190315275807183e-20,4,505,y,-2.8190315275807183e-20,-7.300983515758034e-25,-5.278426089014834e-26,0.0009765625,0.001953125
terminal46,I0/I1,246,s10,passiveFiber,2.1440521477374477e-21,0,92,z,2.1440521477374477e-21,-2.22889446826788e-25,3.838635030128894e-24,0.0009765625,0.001953125
terminal46,I0/I1,246,s10,activePotential,0,0,92,x,0,0.0,4.420246398330242e-24,0.0009765625,0.001953125
terminal46,I0/I1,246,s10,total,3.2848996485705835e-20,4,505,y,-3.2848996485705835e-20,-2.1780665418449876e-25,4.3943970041879595e-24,0.0009765625,0.001953125
terminal46,I0/I1,246,s11,matrix,7.332988442025268e-23,4,505,z,-7.332988442025268e-23,-3.4523273941054494e-28,1.470436727331966e-27,0.00048828125,0.0009765625
terminal46,I0/I1,246,s11,volume,1.5875250316117707e-20,4,505,y,1.5875250316117707e-20,3.115914850713438e-25,2.86608944084898e-26,0.00048828125,0.0009765625
terminal46,I0/I1,246,s11,passiveFiber,9.065899513581183e-22,4,505,z,-9.065899513581183e-22,-1.8200343273763444e-26,4.765982044983265e-25,0.00048828125,0.0009765625
terminal46,I0/I1,246,s11,activePotential,0,0,92,x,0,0.0,2.714186384939622e-25,0.00048828125,0.0009765625
terminal46,I0/I1,246,s11,total,1.5809075867113465e-20,4,505,y,1.5809075867113465e-20,3.447176103552769e-25,4.200526548120844e-25,0.00048828125,0.0009765625
terminal46,I0/I1,246,s12,matrix,8.972970941639679e-24,4,505,z,-8.972970941639679e-24,-1.103385505852081e-28,-3.076557530361946e-29,0.000244140625,0.00048828125
terminal46,I0/I1,246,s12,volume,1.613002194478404e-21,4,505,y,1.613002194478404e-21,2.663584615599158e-26,2.8320106497434324e-27,0.000244140625,0.00048828125
terminal46,I0/I1,246,s12,passiveFiber,2.4319110009059014e-22,4,505,z,2.4319110009059014e-22,2.448284865076415e-27,-1.6054897143058032e-25,0.000244140625,0.00048828125
terminal46,I0/I1,246,s12,activePotential,0,0,92,x,0,0.0,1.2116903504194741e-27,0.000244140625,0.00048828125
terminal46,I0/I1,246,s12,total,1.5675072607879874e-21,4,505,y,1.5675072607879874e-21,3.156460480140255e-26,-2.011405981696327e-25,0.000244140625,0.00048828125
terminal46,I0/I1,246,s13,matrix,4.2719657916976585e-25,4,505,z,-4.2719657916976585e-25,-2.6666861942059555e-29,-1.8636838885846404e-29,0.0001220703125,0.000244140625
terminal46,I0/I1,246,s13,volume,4.5288138537278265e-23,4,505,y,-4.5288138537278265e-23,-1.2105702492959945e-27,-8.973292796889009e-29,0.0001220703125,0.000244140625
terminal46,I0/I1,246,s13,passiveFiber,2.4608623223452573e-23,4,505,z,2.4608623223452573e-23,5.663244940713048e-28,-1.6155871338926322e-26,0.0001220703125,0.000244140625
terminal46,I0/I1,246,s13,activePotential,0,0,92,x,0,0.0,5.20017108721691e-27,0.0001220703125,0.000244140625
terminal46,I0/I1,246,s13,total,5.107840282514946e-23,4,505,y,-5.107840282514946e-23,-5.226381250825349e-28,-2.50416005753358e-26,0.0001220703125,0.000244140625
terminal46,I0/I1,246,s14,matrix,2.2132281556880707e-25,4,505,z,2.2132281556880707e-25,4.45554584972858e-30,2.871946733070246e-30,6.103515625e-05,0.0001220703125
terminal46,I0/I1,246,s14,volume,9.111911435154445e-25,4,505,y,-9.111911435154445e-25,4.559075852971616e-29,-1.9721522630525295e-31,6.103515625e-05,0.0001220703125
terminal46,I0/I1,246,s14,passiveFiber,3.0373038117181485e-25,6,573,z,-3.0373038117181485e-25,4.788881068517538e-29,-3.155443620884047e-29,6.103515625e-05,0.0001220703125
terminal46,I0/I1,246,s14,activePotential,0,0,92,x,0,0.0,2.0510383535746307e-27,6.103515625e-05,0.0001220703125
terminal46,I0/I1,246,s14,total,7.173206874483287e-25,4,505,y,7.173206874483287e-25,-7.519985371284185e-29,1.3505298697383722e-27,6.103515625e-05,0.0001220703125
terminal46,I0/I1,246,s15,matrix,1.3164905216780856e-26,4,505,z,1.3164905216780856e-26,5.3716566351836766e-33,-4.637639306084464e-31,3.0517578125e-05,6.103515625e-05
terminal46,I0/I1,246,s15,volume,3.692424394511611e-24,4,505,y,-3.692424394511611e-24,-6.973886305366595e-29,-6.799303075664697e-30,3.0517578125e-05,6.103515625e-05
terminal46,I0/I1,246,s15,passiveFiber,2.5364718002114325e-25,4,505,z,2.5364718002114325e-25,3.2961979472931644e-31,-1.2582331438275138e-28,3.0517578125e-05,6.103515625e-05
terminal46,I0/I1,246,s15,activePotential,0,0,92,x,0,0.0,8.598583866909029e-29,3.0517578125e-05,6.103515625e-05
terminal46,I0/I1,246,s15,total,3.872562359940639e-24,4,505,y,-3.872562359940639e-24,-5.403214129259924e-29,-1.2779546664580391e-28,3.0517578125e-05,6.103515625e-05
terminal46,I0/I1,246,s16,matrix,1.8518509750063252e-27,4,505,z,1.8518509750063252e-27,7.884742403737464e-32,3.216303007126684e-32,1.52587890625e-05,3.0517578125e-05
terminal46,I0/I1,246,s16,volume,2.1527698559119324e-25,4,505,y,2.1527698559119324e-25,2.6449935153377223e-30,3.8297116944140185e-31,1.52587890625e-05,3.0517578125e-05
terminal46,I0/I1,246,s16,passiveFiber,1.4944180988506848e-26,4,505,z,1.4944180988506848e-26,-1.4063851600841035e-31,-1.479114197289397e-29,1.52587890625e-05,3.0517578125e-05
terminal46,I0/I1,246,s16,activePotential,0,0,92,x,0,0.0,2.6426840324903895e-29,1.52587890625e-05,3.0517578125e-05
terminal46,I0/I1,246,s16,total,1.8740810753154533e-25,4,505,y,1.8740810753154533e-25,5.474593764597149e-30,5.5220263365470826e-30,1.52587890625e-05,3.0517578125e-05
terminal46,I0/I1,246,s17,matrix,2.609403963051378e-28,4,505,z,-2.609403963051378e-28,-6.330722260008488e-33,-3.4185256512873436e-33,7.62939453125e-06,1.52587890625e-05
terminal46,I0/I1,246,s17,volume,2.7894121608614977e-27,4,505,y,2.7894121608614977e-27,9.612272829758714e-32,4.501861245005164e-33,7.62939453125e-06,1.52587890625e-05
terminal46,I0/I1,246,s17,passiveFiber,1.4388822911231255e-27,6,573,z,-1.4388822911231255e-27,4.237218324715304e-32,-1.7687740609252374e-30,7.62939453125e-06,1.52587890625e-05
terminal46,I0/I1,246,s17,activePotential,0,0,92,x,0,0.0,-9.860761315262648e-32,7.62939453125e-06,1.52587890625e-05
terminal46,I0/I1,246,s17,total,3.887506540929146e-27,4,505,y,3.887506540929146e-27,4.519321105872726e-32,-5.053640174072107e-30,7.62939453125e-06,1.52587890625e-05
terminal46,I0/I1,246,s18,matrix,1.2128736417773057e-29,4,505,y,-1.2128736417773057e-29,-6.623792130909593e-34,-5.5069559347322525e-34,3.814697265625e-06,7.62939453125e-06
terminal46,I0/I1,246,s18,volume,9.766098006636126e-27,4,505,y,-9.766098006636126e-27,-1.7648839561554516e-31,-1.7473300347007008e-32,3.814697265625e-06,7.62939453125e-06
terminal46,I0/I1,246,s18,passiveFiber,1.006586515062011e-27,4,505,z,-1.006586515062011e-27,-1.6509013197539738e-32,6.378679975810525e-31,3.814697265625e-06,7.62939453125e-06
terminal46,I0/I1,246,s18,activePotential,0,0,92,x,0,0.0,2.326523372819781e-31,3.814697265625e-06,7.62939453125e-06
terminal46,I0/I1,246,s18,total,9.554683284036895e-27,4,505,y,-9.554683284036895e-27,-1.826627594658463e-31,4.807121141190541e-31,3.814697265625e-06,7.62939453125e-06
terminal46,I0/I1,246,s19,matrix,1.2942249226282225e-30,4,505,y,1.2942249226282225e-30,-1.470177504779664e-34,3.799197741857633e-35,1.9073486328125e-06,3.814697265625e-06
terminal46,I0/I1,246,s19,volume,2.327139670401985e-28,4,505,y,-2.327139670401985e-28,-2.6542391200539278e-33,-4.16030960643024e-34,1.9073486328125e-06,3.814697265625e-06
terminal46,I0/I1,246,s19,passiveFiber,1.1596255306748874e-28,4,505,z,-1.1596255306748874e-28,-1.3333924223033392e-34,7.771127325602497e-32,1.9073486328125e-06,3.814697265625e-06
terminal46,I0/I1,246,s19,activePotential,0,0,92,x,0,0.0,4.140749380432557e-32,1.9073486328125e-06,3.814697265625e-06
terminal46,I0/I1,246,s19,total,2.250225732142936e-28,4,505,y,-2.250225732142936e-28,-6.136624650172259e-33,7.588163980885709e-32,1.9073486328125e-06,3.814697265625e-06
terminal46,I0/I1,246,s20,matrix,1.8930687647111286e-31,4,505,z,1.8930687647111286e-31,5.185764841089487e-36,3.103305086170839e-36,9.5367431640625e-07,1.9073486328125e-06
terminal46,I0/I1,246,s20,volume,1.1191964092823105e-29,4,505,y,1.1191964092823105e-29,3.1635590914205095e-35,1.9536716110666418e-35,9.5367431640625e-07,1.9073486328125e-06
terminal46,I0/I1,246,s20,passiveFiber,4.979684464207637e-30,4,505,z,-4.979684464207637e-30,-4.758535129198361e-35,1.4203733339855864e-33,9.5367431640625e-07,1.9073486328125e-06
terminal46,I0/I1,246,s20,activePotential,0,0,92,x,0,0.0,4.044452883213195e-33,9.5367431640625e-07,1.9073486328125e-06
terminal46,I0/I1,246,s20,total,7.740697632481178e-30,4,505,y,7.740697632481178e-30,4.7647434943510356e-34,2.5518571763130875e-33,9.5367431640625e-07,1.9073486328125e-06
terminal46,I0/I1,246,core,matrix,8.994092840288391e-32,4,505,y,8.994092840288391e-32,3.5188335481683366e-36,3.649909959303203e-36,0,9.5367431640625e-07
terminal46,I0/I1,246,core,volume,1.8116067428884095e-29,4,505,y,1.8116067428884095e-29,3.3652191770326827e-34,3.250829627199036e-35,0,9.5367431640625e-07
terminal46,I0/I1,246,core,passiveFiber,2.2648936145993894e-30,4,505,z,-2.2648936145993894e-30,-4.078318340624516e-35,1.8055593228630336e-33,0,9.5367431640625e-07
terminal46,I0/I1,246,core,activePotential,0,0,92,x,0,0.0,4.2129717533470784e-34,0,9.5367431640625e-07
terminal46,I0/I1,246,core,total,1.8242408433235898e-29,4,505,y,1.8242408433235898e-29,3.0973644209723463e-34,2.0162079105303875e-33,0,9.5367431640625e-07
terminal46,I0/I1,247,s1,matrix,8.29672999157205e-08,5,505,y,-8.29672999157205e-08,-6.229979529882488e-12,-1.0057190811488953e-12,0.5,1
terminal46,I0/I1,247,s1,volume,2.883870247938347e-05,5,505,y,-2.883870247938347e-05,-2.1689859133663097e-09,-3.499769050951951e-10,0.5,1
terminal46,I0/I1,247,s1,passiveFiber,3.157474282033945e-13,9,575,z,3.157474282033945e-13,-5.693295179342143e-18,-1.3877787807814457e-16,0.5,1
terminal46,I0/I1,247,s1,activePotential,0,0,92,x,0,0.0,-6.591949208711867e-16,0.5,1
terminal46,I0/I1,247,s1,total,2.892166977197519e-05,5,505,y,-2.892166977197519e-05,-2.1752158996009526e-09,-3.509830759362842e-10,0.5,1
terminal46,I0/I1,247,s2,matrix,3.45377444699313e-08,5,505,y,-3.45377444699313e-08,-2.542420262834958e-12,-1.9919843142465537e-13,0.25,0.5
terminal46,I0/I1,247,s2,volume,9.797622674057038e-06,5,505,y,-9.797622674057038e-06,-7.213523050807139e-10,-5.7421943827455635e-11,0.25,0.5
terminal46,I0/I1,247,s2,passiveFiber,3.197442310920451e-14,5,505,z,3.197442310920451e-14,2.8766102115511804e-19,-1.691355389077387e-17,0.25,0.5
terminal46,I0/I1,247,s2,activePotential,0,0,92,x,0,0.0,-7.502679033599691e-17,0.25,0.5
terminal46,I0/I1,247,s2,total,9.832160698053372e-06,5,505,y,-9.832160698053372e-06,-7.238946848503817e-10,-5.7621139630537055e-11,0.25,0.5
terminal46,I0/I1,247,s3,matrix,1.4027869046917552e-08,5,505,y,-1.4027869046917552e-08,-1.0230291195198422e-12,-3.949733288947466e-14,0.125,0.25
terminal46,I0/I1,247,s3,volume,3.0687044105803807e-06,5,505,y,-3.0687044105803807e-06,-2.2377658837680734e-10,-8.886985765343969e-12,0.125,0.25
terminal46,I0/I1,247,s3,passiveFiber,4.440892098500626e-15,5,505,z,4.440892098500626e-15,1.273516580310915e-19,-3.2526065174565133e-18,0.125,0.25
terminal46,I0/I1,247,s3,activePotential,0,0,92,x,0,0.0,-1.431146867680866e-17,0.125,0.25
terminal46,I0/I1,247,s3,total,3.082732304093838e-06,5,505,y,-3.082732304093838e-06,-2.247995955124048e-10,-8.926482599966312e-12,0.125,0.25
terminal46,I0/I1,247,s4,matrix,5.630796016953266e-09,5,505,y,-5.630796016953266e-09,-4.087872021759693e-13,-7.834626110491408e-15,0.0625,0.125
terminal46,I0/I1,247,s4,volume,9.178769584394786e-07,5,505,y,-9.178769584394786e-07,-6.662982734062488e-11,-1.32452952956736e-12,0.0625,0.125
terminal46,I0/I1,247,s4,passiveFiber,1.169203622808368e-15,5,505,z,-1.169203622808368e-15,-4.901846381357758e-21,4.980553729855286e-19,0.0625,0.125
terminal46,I0/I1,247,s4,activePotential,0,0,92,x,0,0.0,-9.893344823930228e-19,0.0625,0.125
terminal46,I0/I1,247,s4,total,9.235077813585235e-07,5,505,y,-9.235077813585235e-07,-6.70386155602701e-11,-1.3323620635594113e-12,0.0625,0.125
terminal46,I0/I1,247,s5,matrix,2.2471527139078518e-09,5,505,y,-2.2471527139078518e-09,-1.6277586192002699e-13,-1.5542652109117567e-15,0.03125,0.0625
terminal46,I0/I1,247,s5,volume,2.6653939322329734e-07,5,505,y,-2.6653939322329734e-07,-1.930578767028506e-11,-1.9226689400189505e-13,0.03125,0.0625
terminal46,I0/I1,247,s5,passiveFiber,5.117434254131581e-17,5,505,z,5.117434254131581e-17,-3.884749402685855e-21,-1.4823076576950256e-20,0.03125,0.0625
terminal46,I0/I1,247,s5,activePotential,0,0,92,x,0,0.0,-1.2790197503539935e-19,0.03125,0.0625
terminal46,I0/I1,247,s5,total,2.6878652459316754e-07,5,505,y,-2.6878652459316754e-07,-1.9468563309657598e-11,-1.9382127061087426e-13,0.03125,0.0625
terminal46,I0/I1,247,s6,matrix,8.941948115119558e-10,5,505,y,-8.941948115119558e-10,-6.470055285089654e-14,-3.0834877041407604e-16,0.015625,0.03125
terminal46,I0/I1,247,s6,volume,7.581242111864839e-08,5,505,y,-7.581242111864839e-08,-5.485256368998643e-12,-2.7369766931231157e-14,0.015625,0.03125
terminal46,I0/I1,247,s6,passiveFiber,5.746271514173174e-17,5,505,z,-5.746271514173174e-17,-9.099614470438102e-22,2.763444990417155e-20,0.015625,0.03125
terminal46,I0/I1,247,s6,activePotential,0,0,92,x,0,0.0,-2.9434394917086937e-20,0.015625,0.03125
terminal46,I0/I1,247,s6,total,7.670662494074776e-08,5,505,y,-7.670662494074776e-08,-5.549956249749695e-12,-2.767815087501924e-14,0.015625,0.03125
terminal46,I0/I1,247,s7,matrix,3.552677323333253e-10,5,505,y,-3.552677323333253e-10,-2.569164074612451e-14,-6.116455269651783e-17,0.0078125,0.015625
terminal46,I0/I1,247,s7,volume,2.123200351644705e-08,5,505,y,-2.123200351644705e-08,-1.5353791042934864e-12,-3.83732045484709e-15,0.0078125,0.015625
terminal46,I0/I1,247,s7,passiveFiber,3.4558944247975454e-18,5,505,z,-3.4558944247975454e-18,-4.47771047039077e-23,1.9521462456251453e-21,0.0078125,0.015625
terminal46,I0/I1,247,s7,activePotential,0,0,92,x,0,0.0,-3.321957340012959e-21,0.0078125,0.015625
terminal46,I0/I1,247,s7,total,2.158727116507997e-08,5,505,y,-2.158727116507997e-08,-1.5610709343287186e-12,-3.898485021605678e-15,0.0078125,0.015625
terminal46,I0/I1,247,s8,matrix,1.4101847901210052e-10,5,505,y,-1.4101847901210052e-10,-1.0195119567636435e-14,-1.2131559180095226e-17,0.00390625,0.0078125
terminal46,I0/I1,247,s8,volume,5.874664615879155e-09,5,505,y,-5.874664615879155e-09,-4.2471063854757025e-13,-5.316920571726217e-16,0.00390625,0.0078125
terminal46,I0/I1,247,s8,passiveFiber,3.032377951170395e-19,5,505,z,3.032377951170395e-19,7.816825041722077e-24,-9.181704799338607e-23,0.00390625,0.0078125
terminal46,I0/I1,247,s8,activePotential,0,0,92,x,0,0.0,-1.224227306578481e-22,0.00390625,0.0078125
terminal46,I0/I1,247,s8,total,6.015683604032596e-09,5,505,y,-6.015683604032596e-09,-4.3490585375822927e-13,-5.438239777272471e-16,0.00390625,0.0078125
terminal46,I0/I1,247,s9,matrix,5.5923292797792346e-11,5,505,y,-5.5923292797792346e-11,-4.042492787293217e-15,-2.4044147806369057e-18,0.001953125,0.00390625
terminal46,I0/I1,247,s9,volume,1.608967254568272e-09,5,505,y,-1.608967254568272e-09,-1.1630550805151712e-13,-7.287833758740068e-17,0.001953125,0.00390625
terminal46,I0/I1,247,s9,passiveFiber,9.973812953919386e-20,5,505,z,9.973812953919386e-20,1.438105070993448e-24,-7.113753267956038e-23,0.001953125,0.00390625
terminal46,I0/I1,247,s9,activePotential,0,0,92,x,0,0.0,-4.1359030627651384e-23,0.001953125,0.00390625
terminal46,I0/I1,247,s9,total,1.6648906385474671e-09,5,505,y,-1.6648906385474671e-09,-1.203479997252729e-13,-7.528264391690446e-17,0.001953125,0.00390625
terminal46,I0/I1,247,s10,matrix,2.2153029776805604e-11,5,505,y,-2.2153029776805604e-11,-1.6012525256762718e-15,-4.762607503513218e-19,0.0009765625,0.001953125
terminal46,I0/I1,247,s10,volume,4.368526746942325e-10,5,505,y,-4.368526746942325e-10,-3.15761788572401e-14,-9.910019130718072e-18,0.0009765625,0.001953125
terminal46,I0/I1,247,s10,passiveFiber,1.514071393217062e-20,5,505,z,1.514071393217062e-20,1.6395434250444418e-25,-8.42690249038397e-24,0.0009765625,0.001953125
terminal46,I0/I1,247,s10,activePotential,0,0,92,x,0,0.0,-5.350824587452398e-24,0.0009765625,0.001953125
terminal46,I0/I1,247,s10,total,4.590056451245217e-10,5,505,y,-4.590056451245217e-10,-3.317744289525666e-14,-1.0386326271038356e-17,0.0009765625,0.001953125
terminal46,I0/I1,247,s11,matrix,8.756008606700377e-12,5,505,y,-8.756008606700377e-12,-6.328748308918069e-16,-9.41268327238732e-20,0.00048828125,0.0009765625
terminal46,I0/I1,247,s11,volume,1.175739189167302e-10,5,505,y,-1.175739189167302e-10,-8.498093160542262e-15,-1.33517549117657e-18,0.00048828125,0.0009765625
terminal46,I0/I1,247,s11,passiveFiber,7.940933880509066e-23,5,505,z,-7.940933880509066e-23,-1.761479500057887e-27,2.4718483148557272e-25,0.00048828125,0.0009765625
terminal46,I0/I1,247,s11,activePotential,0,0,92,x,0,0.0,-6.785465962349055e-25,0.00048828125,0.0009765625
terminal46,I0/I1,247,s11,total,1.2632989923253013e-10,5,505,y,-1.2632989923253013e-10,-9.130974452770654e-15,-1.429296909260164e-18,0.00048828125,0.0009765625
terminal46,I0/I1,247,s12,matrix,3.4475320869435796e-12,5,505,y,-3.4475320869435796e-12,-2.491796795867965e-16,-1.8550430268219213e-20,0.000244140625,0.00048828125
terminal46,I0/I1,247,s12,volume,3.1357091673667875e-11,5,505,y,-3.1357091673667875e-11,-2.266413943645628e-15,-1.7871469778755443e-19,0.000244140625,0.00048828125
terminal46,I0/I1,247,s12,passiveFiber,1.435158362779503e-22,5,505,z,-1.435158362779503e-22,8.064316678584329e-29,6.038256912923713e-26,0.000244140625,0.00048828125
terminal46,I0/I1,247,s12,activePotential,0,0,92,x,0,0.0,-1.1470668650637688e-25,0.000244140625,0.00048828125
terminal46,I0/I1,247,s12,total,3.480461329297829e-11,5,505,y,-3.480461329297829e-11,-2.5155948136315814e-15,-1.9726529577391298e-19,0.000244140625,0.00048828125
terminal46,I0/I1,247,s13,matrix,1.3460320275984522e-12,5,505,y,-1.3460320275984522e-12,-9.728725311943416e-17,-3.622172127850777e-21,0.0001220703125,0.000244140625
terminal46,I0/I1,247,s13,volume,8.250948657488079e-12,5,505,y,-8.250948657488079e-12,-5.963539583396378e-16,-2.3501902415883505e-20,0.0001220703125,0.000244140625
terminal46,I0/I1,247,s13,passiveFiber,1.1270335846035002e-23,5,505,z,-1.1270335846035002e-23,-8.220954502979884e-29,4.695300107875462e-27,0.0001220703125,0.000244140625
terminal46,I0/I1,247,s13,activePotential,0,0,92,x,0,0.0,-1.0501316370302109e-26,0.0001220703125,0.000244140625
terminal46,I0/I1,247,s13,total,9.596978919022836e-12,5,505,y,-9.596978919022836e-12,-6.936412191993081e-16,-2.71241828638029e-20,0.0001220703125,0.000244140625
terminal46,I0/I1,247,s14,matrix,5.172195700736389e-13,5,505,y,-5.172195700736389e-13,-3.7382947724082266e-17,-6.986817028608201e-22,6.103515625e-05,0.0001220703125
terminal46,I0/I1,247,s14,volume,2.130419965603019e-12,5,505,y,-2.130419965603019e-12,-1.539797111615789e-16,-3.0702401807716424e-21,6.103515625e-05,0.0001220703125
terminal46,I0/I1,247,s14,passiveFiber,1.3506308439342405e-24,5,505,z,-1.3506308439342405e-24,-3.011267420978051e-29,8.74057882984881e-28,6.103515625e-05,0.0001220703125
terminal46,I0/I1,247,s14,activePotential,0,0,92,x,0,0.0,-4.733165431326071e-28,6.103515625e-05,0.0001220703125
terminal46,I0/I1,247,s14,total,2.6476396013217114e-12,5,505,y,-2.6476396013217114e-12,-1.9136276911645368e-16,-3.768922647249819e-21,6.103515625e-05,0.0001220703125
terminal46,I0/I1,247,s15,matrix,1.9142742357655207e-13,5,505,y,-1.9142742357655207e-13,-1.3835718600026787e-17,-1.2866422575008842e-22,3.0517578125e-05,6.103515625e-05
terminal46,I0/I1,247,s15,volume,5.263475219503865e-13,5,505,y,-5.263475219503865e-13,-3.804256626523769e-17,-3.707928729851697e-22,3.0517578125e-05,6.103515625e-05
terminal46,I0/I1,247,s15,passiveFiber,7.51248017260074e-26,5,505,z,7.51248017260074e-26,2.327835366765725e-30,-3.865418435582958e-29,3.0517578125e-05,6.103515625e-05
terminal46,I0/I1,247,s15,activePotential,0,0,92,x,0,0.0,-1.1911799668837278e-28,3.0517578125e-05,6.103515625e-05
terminal46,I0/I1,247,s15,total,7.177748402830949e-13,5,505,y,-7.177748402830949e-13,-5.1878329005913075e-17,-4.994576517267527e-22,3.0517578125e-05,6.103515625e-05
terminal46,I0/I1,247,s16,matrix,6.69322080669877e-14,5,505,y,-6.69322080669877e-14,-4.837627146508084e-18,-2.2816520178977235e-23,1.52587890625e-05,3.0517578125e-05
terminal46,I0/I1,247,s16,volume,1.2348158960455175e-13,5,505,y,-1.2348158960455175e-13,-8.924819683164302e-18,-4.431224186687297e-23,1.52587890625e-05,3.0517578125e-05
terminal46,I0/I1,247,s16,passiveFiber,1.7973406864555533e-26,5,505,z,1.7973406864555533e-26,3.911396288365142e-31,-1.3952977261096646e-29,1.52587890625e-05,3.0517578125e-05
terminal46,I0/I1,247,s16,activePotential,0,0,92,x,0,0.0,-8.184431891667997e-30,1.52587890625e-05,3.0517578125e-05
terminal46,I0/I1,247,s16,total,1.904137921658253e-13,5,505,y,-1.904137921658253e-13,-1.3762446024051096e-17,-6.712864884431031e-23,1.52587890625e-05,3.0517578125e-05
terminal46,I0/I1,247,s17,matrix,2.0725349484211484e-14,5,505,y,-2.0725349484211484e-14,-1.4979553748352735e-18,-3.876072741665066e-24,7.62939453125e-06,1.52587890625e-05
terminal46,I0/I1,247,s17,volume,2.6350621865413348e-14,5,505,y,-2.6350621865413348e-14,-1.904530682052138e-18,-6.244834340452129e-24,7.62939453125e-06,1.52587890625e-05
terminal46,I0/I1,247,s17,passiveFiber,2.7894121608614977e-27,5,505,z,2.7894121608614977e-27,1.743213374219576e-32,-1.4113214632469664e-30,7.62939453125e-06,1.52587890625e-05
terminal46,I0/I1,247,s17,activePotential,0,0,92,x,0,0.0,-2.8596207814261678e-30,7.62939453125e-06,1.52587890625e-05
terminal46,I0/I1,247,s17,total,4.707596600272935e-14,5,505,y,-4.707596600272935e-14,-3.4024862121349277e-18,-1.0120921330917295e-23,7.62939453125e-06,1.52587890625e-05
terminal46,I0/I1,247,s18,matrix,4.6495614245312465e-15,5,505,y,-4.6495614245312465e-15,-3.360538542991297e-19,-3.7511447227799825e-25,3.814697265625e-06,7.62939453125e-06
terminal46,I0/I1,247,s18,volume,3.7599980464053564e-15,5,505,y,-3.7599980464053564e-15,-2.7175900204945765e-19,-2.007105703686741e-25,3.814697265625e-06,7.62939453125e-06
terminal46,I0/I1,247,s18,passiveFiber,1.0791617183423441e-27,5,505,z,1.0791617183423441e-27,5.45454660237605e-33,-6.078234904486116e-31,3.814697265625e-06,7.62939453125e-06
terminal46,I0/I1,247,s18,activePotential,0,0,92,x,0,0.0,-2.9274135154685985e-31,3.814697265625e-06,7.62939453125e-06
terminal46,I0/I1,247,s18,total,8.409557611434586e-15,5,505,y,-8.409557611434586e-15,-6.0781286659569e-19,-5.758283275127855e-25,3.814697265625e-06,7.62939453125e-06
terminal46,I0/I1,247,s19,matrix,6.835481802046543e-16,5,505,y,-6.835481802046543e-16,-4.940438727217557e-20,-2.668217087246702e-26,1.9073486328125e-06,3.814697265625e-06
terminal46,I0/I1,247,s19,volume,3.723910538559832e-16,5,505,y,-3.723910538559832e-16,-2.6915005919906386e-20,-5.803551072097831e-28,1.9073486328125e-06,3.814697265625e-06
terminal46,I0/I1,247,s19,passiveFiber,6.981419011205954e-29,5,505,z,-6.981419011205954e-29,-5.324077924624058e-34,4.7377876631926e-32,1.9073486328125e-06,3.814697265625e-06
terminal46,I0/I1,247,s19,activePotential,0,0,92,x,0,0.0,-3.4666738998970245e-32,1.9073486328125e-06,3.814697265625e-06
terminal46,I0/I1,247,s19,total,1.0559386748865435e-15,5,505,y,-1.0559386748865435e-15,-7.631941811953053e-20,-2.726171400761225e-26,1.9073486328125e-06,3.814697265625e-06
terminal46,I0/I1,247,s20,matrix,6.074147793733779e-17,5,505,y,-6.074147793733779e-17,-4.390183362408121e-21,-1.7889059992269116e-27,9.5367431640625e-07,1.9073486328125e-06
terminal46,I0/I1,247,s20,volume,2.7319398315546027e-17,5,505,y,-2.7319398315546027e-17,-1.9745748796055855e-21,-5.616473941019833e-29,9.5367431640625e-07,1.9073486328125e-06
terminal46,I0/I1,247,s20,passiveFiber,1.0674274123771816e-29,5,505,z,1.0674274123771816e-29,8.012664324168464e-35,-4.7064913015963076e-33,9.5367431640625e-07,1.9073486328125e-06
terminal46,I0/I1,247,s20,activePotential,0,0,92,x,0,0.0,-4.1648235047373975e-33,9.5367431640625e-07,1.9073486328125e-06
terminal46,I0/I1,247,s20,total,8.806113681477677e-17,5,505,y,-8.806113681477677e-17,-6.364731415871423e-21,-1.8451240868965695e-27,9.5367431640625e-07,1.9073486328125e-06
terminal46,I0/I1,247,core,matrix,9.308009902201473e-18,5,505,y,-9.308009902201473e-18,-6.727501306696563e-22,-7.497063642656304e-28,0,9.5367431640625e-07
terminal46,I0/I1,247,core,volume,6.7940206642440786e-18,5,505,y,-6.7940206642440786e-18,-4.910488893287292e-22,-8.884434241114871e-28,0,9.5367431640625e-07
terminal46,I0/I1,247,core,passiveFiber,1.1309060633441849e-30,5,505,z,1.1309060633441849e-30,1.6863348764140053e-35,-5.702558194709081e-34,0,9.5367431640625e-07
terminal46,I0/I1,247,core,activePotential,0,0,92,x,0,0.0,4.2129717533470784e-35,0,9.5367431640625e-07
terminal46,I0/I1,247,core,total,1.6102045455696577e-17,5,505,y,-1.6102045455696577e-17,-1.1637982554330373e-21,-1.638154410608984e-27,0,9.5367431640625e-07
terminal46,I0/I1,248,s1,matrix,7.123001910525062e-10,5,576,y,-7.123001910525062e-10,-1.828591861669879e-14,-6.0072457533540125e-15,0.5,1
terminal46,I0/I1,248,s1,volume,2.570679313862456e-07,5,576,y,-2.570679313862456e-07,-6.5978685634726566e-12,-2.1704556554813514e-12,0.5,1
terminal46,I0/I1,248,s1,passiveFiber,1.5720758028692217e-13,8,574,z,1.5720758028692217e-13,4.5942388831712615e-18,2.1337098754514727e-16,0.5,1
terminal46,I0/I1,248,s1,activePotential,0,0,92,x,0,0.0,-3.2959746043559335e-15,0.5,1
terminal46,I0/I1,248,s1,total,2.5778029666412294e-07,5,576,y,-2.5778029666412294e-07,-6.616155090343946e-12,-2.1769044900032952e-12,0.5,1
terminal46,I0/I1,248,s2,matrix,6.349330783361751e-12,5,576,y,-6.349330783361751e-12,-1.6312020731008752e-16,-3.907151227447274e-17,0.25,0.5
terminal46,I0/I1,248,s2,volume,2.1585755405340024e-09,5,576,y,-2.1585755405340024e-09,-5.5453741439327166e-14,-1.3403422252297736e-14,0.25,0.5
terminal46,I0/I1,248,s2,passiveFiber,3.8413716652030416e-14,4,566,z,-3.8413716652030416e-14,3.4651234062318763e-19,-4.2717565595928875e-17,0.25,0.5
terminal46,I0/I1,248,s2,activePotential,0,0,92,x,0,0.0,-3.465110143263672e-16,0.25,0.5
terminal46,I0/I1,248,s2,total,2.1647448278372394e-09,5,576,y,-2.1647448278372394e-09,-5.5607150038798986e-14,-1.3519567410025246e-14,0.25,0.5
terminal46,I0/I1,248,s3,matrix,2.0035188785794134e-14,5,576,y,-2.0035188785794134e-14,-5.187839422486802e-19,-1.1064367873509298e-19,0.125,0.25
terminal46,I0/I1,248,s3,volume,6.5175642660619815e-12,5,576,y,-6.5175642660619815e-12,-1.6777713544857674e-16,-3.198819925305865e-17,0.125,0.25
terminal46,I0/I1,248,s3,passiveFiber,3.3861802251067274e-15,4,566,z,3.3861802251067274e-15,-1.595623036964668e-19,7.589415207398531e-19,0.125,0.25
terminal46,I0/I1,248,s3,activePotential,0,0,92,x,0,0.0,-5.2366964931049864e-17,0.125,0.25
terminal46,I0/I1,248,s3,total,6.537992369715084e-12,5,576,y,-6.537992369715084e-12,-1.682703321471439e-16,-3.63207727782644e-17,0.125,0.25
terminal46,I0/I1,248,s4,matrix,7.654467337747661e-17,5,576,y,-7.654467337747661e-17,-2.3177795968728822e-21,-3.1499037726019294e-21,0.0625,0.125
terminal46,I0/I1,248,s4,volume,1.8963997039378455e-14,5,576,y,-1.8963997039378455e-14,-4.9074857761916e-19,2.312135248208223e-20,0.0625,0.125
terminal46,I0/I1,248,s4,passiveFiber,2.8796409701215e-16,4,566,z,-2.8796409701215e-16,2.204327424599629e-20,2.744386749103933e-19,0.0625,0.125
terminal46,I0/I1,248,s4,activePotential,0,0,92,x,0,0.0,-5.421010862427522e-18,0.0625,0.125
terminal46,I0/I1,248,s4,total,1.697253448895708e-14,5,576,y,-1.697253448895708e-14,-3.8706484551504755e-19,-2.710505431213761e-19,0.0625,0.125
terminal46,I0/I1,248,s5,matrix,3.713392440762853e-18,5,576,y,-3.713392440762853e-18,-1.6788329336348788e-22,9.26442286059391e-23,0.03125,0.0625
terminal46,I0/I1,248,s5,volume,3.3745792618611326e-17,5,576,y,-3.3745792618611326e-17,-7.62227486984951e-22,7.567668629094512e-22,0.03125,0.0625
terminal46,I0/I1,248,s5,passiveFiber,2.862293735361732e-17,0,92,z,2.862293735361732e-17,-1.6909240489409508e-21,-3.5998900258307764e-20,0.03125,0.0625
terminal46,I0/I1,248,s5,activePotential,0,0,92,x,0,0.0,-6.301925127571995e-19,0.03125,0.0625
terminal46,I0/I1,248,s5,total,4.163336342344337e-17,0,92,z,4.163336342344337e-17,-4.778286537659523e-21,3.049318610115481e-20,0.03125,0.0625
terminal46,I0/I1,248,s6,matrix,8.233160247311799e-19,5,576,y,-8.233160247311799e-19,-2.956224173310055e-23,-3.350081480839762e-23,0.015625,0.03125
terminal46,I0/I1,248,s6,volume,3.2233330587994047e-16,5,576,y,-3.2233330587994047e-16,-8.243384431645627e-21,-5.84764994286706e-22,0.015625,0.03125
terminal46,I0/I1,248,s6,passiveFiber,6.396792817664476e-18,0,92,z,6.396792817664476e-18,-5.093339021082896e-22,0.0,0.015625,0.03125
terminal46,I0/I1,248,s6,activePotential,0,0,92,x,0,0.0,-8.777378915922687e-20,0.015625,0.03125
terminal46,I0/I1,248,s6,total,3.108949729602184e-16,5,576,y,-3.108949729602184e-16,-7.827865476286948e-21,-1.418780186650953e-20,0.015625,0.03125
terminal46,I0/I1,248,s7,matrix,9.052664623780335e-20,5,576,z,9.052664623780335e-20,2.096782539902541e-24,3.877409121342317e-25,0.0078125,0.015625
terminal46,I0/I1,248,s7,volume,3.67544536472586e-17,5,576,y,3.67544536472586e-17,9.534429412242835e-22,9.298027072978877e-23,0.0078125,0.015625
terminal46,I0/I1,248,s7,passiveFiber,2.358139725155972e-18,4,566,z,-2.358139725155972e-18,-3.016098815717129e-23,-8.404155023538761e-22,0.0078125,0.015625
terminal46,I0/I1,248,s7,activePotential,0,0,92,x,0,0.0,-1.0733495628488087e-20,0.0078125,0.015625
terminal46,I0/I1,248,s7,total,3.371868756429919e-17,5,576,y,3.371868756429919e-17,8.200254827340551e-22,-8.470329472543003e-22,0.0078125,0.015625
terminal46,I0/I1,248,s8,matrix,1.9574402015454847e-20,5,576,z,-1.9574402015454847e-20,4.115586538666244e-25,5.816113682013476e-25,0.00390625,0.0078125
terminal46,I0/I1,248,s8,volume,3.6591823321385775e-18,5,576,y,3.6591823321385775e-18,9.465096124658399e-23,1.1502980393315541e-23,0.00390625,0.0078125
terminal46,I0/I1,248,s8,passiveFiber,5.031375706690544e-19,4,566,z,-5.031375706690544e-19,-1.0015721343565028e-23,-4.334426409777865e-22,0.00390625,0.0078125
terminal46,I0/I1,248,s8,activePotential,0,0,92,x,0,0.0,-1.4459117107426924e-21,0.00390625,0.0078125
terminal46,I0/I1,248,s8,total,3.967502324939143e-18,5,576,y,3.967502324939143e-18,9.727120703193004e-23,-5.69100261436483e-22,0.00390625,0.0078125
terminal46,I0/I1,248,s9,matrix,1.0860881442821253e-21,5,576,z,1.0860881442821253e-21,6.864291152440751e-27,-2.5849394142282115e-26,0.001953125,0.00390625
terminal46,I0/I1,248,s9,volume,1.9481757786848908e-20,4,566,y,-1.9481757786848908e-20,-2.2581087605607667e-25,6.54312789226516e-26,0.001953125,0.00390625
terminal46,I0/I1,248,s9,passiveFiber,2.4034559878340772e-20,0,92,z,2.4034559878340772e-20,-1.3711894628611752e-24,-1.4372263143108856e-23,0.001953125,0.00390625
terminal46,I0/I1,248,s9,activePotential,0,0,92,x,0,0.0,-1.6584971281688205e-22,0.001953125,0.00390625
terminal46,I0/I1,248,s9,total,4.341043854678289e-20,5,576,y,4.341043854678289e-20,2.1463564624026885e-24,-1.3648480107124957e-23,0.001953125,0.00390625
terminal46,I0/I1,248,s10,matrix,2.2251158477676444e-22,5,576,y,-2.2251158477676444e-22,-5.2430228517803414e-27,-1.1561545426919149e-26,0.0009765625,0.001953125
terminal46,I0/I1,248,s10,volume,5.1192553749681777e-20,5,576,y,-5.1192553749681777e-20,-1.251182889722846e-24,-1.6716278125995329e-25,0.0009765625,0.001953125
terminal46,I0/I1,248,s10,passiveFiber,4.129285617864714e-21,4,566,z,-4.129285617864714e-21,-1.7466824146141688e-27,-8.401053096241687e-25,0.0009765625,0.001953125
terminal46,I0/I1,248,s10,activePotential,0,0,92,x,0,0.0,-2.1920286232655233e-23,0.0009765625,0.001953125
terminal46,I0/I1,248,s10,total,5.066315815764784e-20,5,576,y,-5.066315815764784e-20,-1.2715116103055005e-24,-3.9291079096268815e-24,0.0009765625,0.001953125
terminal46,I0/I1,248,s11,matrix,6.625199718666906e-23,5,576,z,-6.625199718666906e-23,8.988415307497574e-28,1.1612032524853294e-27,0.00048828125,0.0009765625
terminal46,I0/I1,248,s11,volume,5.353512924443195e-21,5,576,y,5.353512924443195e-21,1.5236419675683799e-25,1.7241343944510434e-26,0.00048828125,0.0009765625
terminal46,I0/I1,248,s11,passiveFiber,7.543887186483612e-22,0,92,z,7.543887186483612e-22,-3.7435291582329306e-26,-7.916376956073898e-25,0.00048828125,0.0009765625
terminal46,I0/I1,248,s11,activePotential,0,0,92,x,0,0.0,-2.74972930188526e-24,0.00048828125,0.0009765625
terminal46,I0/I1,248,s11,total,5.042493014123257e-21,5,576,y,5.042493014123257e-21,1.3397945891594078e-25,-8.271806125530277e-25,0.00048828125,0.0009765625
terminal46,I0/I1,248,s12,matrix,5.4929962552349494e-24,5,576,y,-5.4929962552349494e-24,-1.4347049586198842e-28,-1.7276053824340159e-28,0.000244140625,0.00048828125
terminal46,I0/I1,248,s12,volume,1.076989157544042e-21,5,576,y,-1.076989157544042e-21,-2.874689763433178e-26,-3.34477023813709e-27,0.000244140625,0.00048828125
terminal46,I0/I1,248,s12,passiveFiber,4.9217246446905147e-23,4,566,z,-4.9217246446905147e-23,6.005329220614904e-28,8.077935669463161e-28,0.000244140625,0.00048828125
terminal46,I0/I1,248,s12,activePotential,0,0,92,x,0,0.0,-3.1342390397517064e-25,0.000244140625,0.00048828125
terminal46,I0/I1,248,s12,total,1.0079195763958642e-21,5,576,y,-1.0079195763958642e-21,-2.9806256554490845e-26,3.7966297646476856e-26,0.000244140625,0.00048828125
terminal46,I0/I1,248,s13,matrix,1.0985992510469899e-25,6,573,y,-1.0985992510469899e-25,4.6532940186592e-30,1.1635698352009924e-29,0.0001220703125,0.000244140625
terminal46,I0/I1,248,s13,volume,2.5745996565712986e-23,5,576,y,2.5745996565712986e-23,7.685615643416351e-28,1.0235470245242628e-28,0.0001220703125,0.000244140625
terminal46,I0/I1,248,s13,passiveFiber,1.1839022517165209e-23,4,566,z,1.1839022517165209e-23,2.3939487151748426e-29,6.083695301064443e-27,0.0001220703125,0.000244140625
terminal46,I0/I1,248,s13,activePotential,0,0,92,x,0,0.0,-3.862262991962074e-26,0.0001220703125,0.000244140625
terminal46,I0/I1,248,s13,total,3.567216391634932e-23,5,576,y,3.567216391634932e-23,7.7526180476203135e-28,8.27988406119974e-27,0.0001220703125,0.000244140625
terminal46,I0/I1,248,s14,matrix,7.063145000986851e-26,5,576,z,-7.063145000986851e-26,-9.539390115468427e-31,9.860761315262648e-31,6.103515625e-05,0.0001220703125
terminal46,I0/I1,248,s14,volume,1.3480459045200123e-23,5,576,y,-1.3480459045200123e-23,-3.416499593303069e-28,-4.9907778206873075e-29,6.103515625e-05,0.0001220703125
terminal46,I0/I1,248,s14,passiveFiber,2.3522948669476725e-24,4,566,z,2.3522948669476725e-24,2.0375788486659025e-29,1.4799030581946181e-27,6.103515625e-05,0.0001220703125
terminal46,I0/I1,248,s14,activePotential,0,0,92,x,0,0.0,-5.46522835137117e-27,6.103515625e-05,0.0001220703125
terminal46,I0/I1,248,s14,total,1.4023296322188047e-23,5,576,y,-1.4023296322188047e-23,-3.939780133234593e-28,9.592548607487504e-28,6.103515625e-05,0.0001220703125
terminal46,I0/I1,248,s15,matrix,4.392377520270594e-27,5,576,y,4.392377520270594e-27,1.4954984001488652e-31,1.8643001861668443e-31,3.0517578125e-05,6.103515625e-05
terminal46,I0/I1,248,s15,volume,1.55904158420639e-25,5,576,y,1.55904158420639e-25,5.51766372163978e-30,5.7777898331617076e-31,3.0517578125e-05,6.103515625e-05
terminal46,I0/I1,248,s15,passiveFiber,3.27156394613258e-25,4,566,z,3.27156394613258e-25,4.9748254074979396e-30,3.139666402779627e-28,3.0517578125e-05,6.103515625e-05
terminal46,I0/I1,248,s15,activePotential,0,0,92,x,0,0.0,-7.273297546137729e-28,3.0517578125e-05,6.103515625e-05
terminal46,I0/I1,248,s15,total,4.491332232221517e-25,4,566,z,4.491332232221517e-25,1.4915649244336369e-29,3.9600817442094793e-28,3.0517578125e-05,6.103515625e-05
terminal46,I0/I1,248,s16,matrix,4.00741339852274e-28,4,566,y,-4.00741339852274e-28,1.0644729548795916e-32,3.697785493223493e-32,1.52587890625e-05,3.0517578125e-05
terminal46,I0/I1,248,s16,volume,1.9710163033490113e-25,5,576,y,1.9710163033490113e-25,5.0642498337251834e-30,6.571272970249249e-31,1.52587890625e-05,3.0517578125e-05
terminal46,I0/I1,248,s16,passiveFiber,2.3224065049706588e-26,4,566,z,2.3224065049706588e-26,-1.7674078816549369e-31,1.691120565567544e-29,1.52587890625e-05,3.0517578125e-05
terminal46,I0/I1,248,s16,activePotential,0,0,92,x,0,0.0,-7.37584946381646e-29,1.52587890625e-05,3.0517578125e-05
terminal46,I0/I1,248,s16,total,2.011405981696327e-25,5,576,y,2.011405981696327e-25,6.2089148799323735e-30,1.479114197289397e-29,1.52587890625e-05,3.0517578125e-05
terminal46,I0/I1,248,s17,matrix,2.194019392645939e-28,5,576,z,2.194019392645939e-28,-5.8713698171560574e-33,-6.187049946343995e-33,7.62939453125e-06,1.52587890625e-05
terminal46,I0/I1,248,s17,volume,2.2542489227595633e-26,5,576,y,-2.2542489227595633e-26,-6.193187377359345e-31,-7.848164523377986e-32,7.62939453125e-06,1.52587890625e-05
terminal46,I0/I1,248,s17,passiveFiber,5.806016262426647e-28,5,576,z,5.806016262426647e-28,3.5989541646322157e-32,6.964162678904245e-31,7.62939453125e-06,1.52587890625e-05
terminal46,I0/I1,248,s17,activePotential,0,0,92,x,0,0.0,-9.490982765940298e-30,7.62939453125e-06,1.52587890625e-05
terminal46,I0/I1,248,s17,total,2.410758926355412e-26,5,576,y,-2.410758926355412e-26,-5.190946964898525e-31,-8.135128085091684e-31,7.62939453125e-06,1.52587890625e-05
terminal46,I0/I1,248,s18,matrix,1.1438483125704671e-29,5,576,y,1.1438483125704671e-29,4.546628154626347e-34,1.9560225997682864e-34,3.814697265625e-06,7.62939453125e-06
terminal46,I0/I1,248,s18,volume,4.40499929475413e-27,5,576,y,4.40499929475413e-27,1.1143847806243847e-31,1.550975458339346e-32,3.814697265625e-06,7.62939453125e-06
terminal46,I0/I1,248,s18,passiveFiber,1.5777218104420236e-28,0,92,z,1.5777218104420236e-28,-1.0459321172668452e-32,-9.013352139732264e-32,3.814697265625e-06,7.62939453125e-06
terminal46,I0/I1,248,s18,activePotential,0,0,92,x,0,0.0,-1.2772767391176148e-30,3.814697265625e-06,7.62939453125e-06
terminal46,I0/I1,248,s18,total,4.543838814073028e-27,5,576,y,4.543838814073028e-27,1.3169321033885288e-31,-1.4791141972893971e-31,3.814697265625e-06,7.62939453125e-06
terminal46,I0/I1,248,s19,matrix,1.6170107813075232e-30,5,576,z,-1.6170107813075232e-30,-4.4199155896729064e-35,4.890056499420716e-36,1.9073486328125e-06,3.814697265625e-06
terminal46,I0/I1,248,s19,volume,1.9682079585264245e-28,5,576,y,-1.9682079585264245e-28,-4.7229679238737104e-33,-7.372700568357387e-34,1.9073486328125e-06,3.814697265625e-06
terminal46,I0/I1,248,s19,passiveFiber,1.5777218104420236e-29,0,92,z,-1.5777218104420236e-29,6.874557076393641e-34,9.244463733058732e-33,1.9073486328125e-06,3.814697265625e-06
terminal46,I0/I1,248,s19,activePotential,0,0,92,x,0,0.0,-1.6293367329516015e-31,1.9073486328125e-06,3.814697265625e-06
terminal46,I0/I1,248,s19,total,2.2364206663015685e-28,5,576,y,-2.2364206663015685e-28,-4.4263843586364094e-33,8.474091755303838e-33,1.9073486328125e-06,3.814697265625e-06
terminal46,I0/I1,248,s20,matrix,2.295708493709585e-31,5,576,y,-2.295708493709585e-31,-6.101926160102842e-36,-5.736412432012763e-36,9.5367431640625e-07,1.9073486328125e-06
terminal46,I0/I1,248,s20,volume,2.5391460386801317e-30,5,576,y,-2.5391460386801317e-30,-1.2716436883053189e-34,-1.001521186900589e-35,9.5367431640625e-07,1.9073486328125e-06
terminal46,I0/I1,248,s20,passiveFiber,5.7562194177845705e-30,0,92,z,5.7562194177845705e-30,-2.0804574745561215e-34,-4.778713674510829e-33,9.5367431640625e-07,1.9073486328125e-06
terminal46,I0/I1,248,s20,activePotential,0,0,92,x,0,0.0,-2.1329674134088637e-32,9.5367431640625e-07,1.9073486328125e-06
terminal46,I0/I1,248,s20,total,5.546678239835239e-30,4,566,z,-5.546678239835239e-30,-1.8971775649285442e-35,-3.9963046346035144e-33,9.5367431640625e-07,1.9073486328125e-06
terminal46,I0/I1,248,core,matrix,3.697785493223493e-32,5,576,y,3.697785493223493e-32,1.0920112063888424e-36,1.5281426560689738e-36,0,9.5367431640625e-07
terminal46,I0/I1,248,core,volume,9.152019095728145e-30,5,576,y,9.152019095728145e-30,2.3480747854213485e-34,3.2490663856728027e-35,0,9.5367431640625e-07
terminal46,I0/I1,248,core,passiveFiber,4.59141698741917e-31,4,566,z,-4.59141698741917e-31,-2.856211221173007e-36,-2.949080227342955e-34,0,9.5367431640625e-07
terminal46,I0/I1,248,core,activePotential,0,0,92,x,0,0.0,-1.023150282955719e-34,0,9.5367431640625e-07
terminal46,I0/I1,248,core,total,9.509471693406416e-30,5,576,y,9.509471693406416e-30,2.593392352545485e-34,-5.89816045468591e-34,0,9.5367431640625e-07
terminal46,P8/I1,197,s1,matrix,9.113391465087606e-14,3,92,y,-9.113391465087606e-14,7.5657915439110455e-19,-1.590727874943576e-18,0.5,1
terminal46,P8/I1,197,s1,volume,9.593836836074843e-11,3,92,y,-9.593836836074843e-11,8.948145844022925e-16,-1.562552170986109e-15,0.5,1
terminal46,P8/I1,197,s1,passiveFiber,0,0,68,x,0,0.0,0,0.5,1
terminal46,P8/I1,197,s1,activePotential,3.3928415632544784e-13,6,490,z,3.3928415632544784e-13,-2.490454641764222e-18,-1.4224732503009818e-16,0.5,1
terminal46,P8/I1,197,s1,total,9.604317341427304e-11,3,92,y,-9.604317341427304e-11,7.892549304324898e-16,-1.7034984534092246e-15,0.5,1
terminal46,P8/I1,197,s2,matrix,3.903127820947816e-16,3,92,y,-3.903127820947816e-16,9.713689858068335e-22,-1.5087774372967225e-20,0.25,0.5
terminal46,P8/I1,197,s2,volume,4.169997680492088e-13,8,494,y,4.169997680492088e-13,3.1828293143859882e-21,3.144186300207963e-17,0.25,0.5
terminal46,P8/I1,197,s2,passiveFiber,0,0,68,x,0,0.0,0,0.25,0.5
terminal46,P8/I1,197,s2,activePotential,6.772360450213455e-14,6,490,z,6.772360450213455e-14,-3.3722643398908245e-18,-1.3791051634015616e-16,0.25,0.5
terminal46,P8/I1,197,s2,total,3.5438318946034997e-13,3,92,y,-3.5438318946034997e-13,1.6475857590642878e-18,-8.716985466783456e-17,0.25,0.5
terminal46,P8/I1,197,s3,matrix,6.762711050878334e-17,3,92,x,6.762711050878334e-17,-1.217469008241243e-21,-6.28657265540301e-22,0.125,0.25
terminal46,P8/I1,197,s3,volume,1.8096635301390052e-14,3,92,y,-1.8096635301390052e-14,9.215905487682016e-19,-9.961107459710572e-19,0.125,0.25
terminal46,P8/I1,197,s3,passiveFiber,0,0,68,x,0,0.0,0,0.125,0.25
terminal46,P8/I1,197,s3,activePotential,2.2093438190040615e-14,8,494,z,-2.2093438190040615e-14,-7.802077414479802e-20,-3.577867169202165e-18,0.125,0.25
terminal46,P8/I1,197,s3,total,1.2656542480726785e-14,8,494,z,-1.2656542480726785e-14,-4.957626541868922e-19,-8.294146619514109e-18,0.125,0.25
terminal46,P8/I1,197,s4,matrix,2.7342223537368815e-17,8,494,z,-2.7342223537368815e-17,-3.127234253538619e-22,-1.5435190230239496e-21,0.0625,0.125
terminal46,P8/I1,197,s4,volume,8.56259507742152e-15,3,92,y,8.56259507742152e-15,-2.2405400889673303e-19,9.385125055577648e-19,0.0625,0.125
terminal46,P8/I1,197,s4,passiveFiber,0,0,68,x,0,0.0,0,0.0625,0.125
terminal46,P8/I1,197,s4,activePotential,4.718447854656915e-15,8,494,z,-4.718447854656915e-15,-8.462653182700081e-20,-4.099639464710814e-18,0.0625,0.125
terminal46,P8/I1,197,s4,total,1.2739809207573671e-14,8,494,y,-1.2739809207573671e-14,-2.196266450039519e-19,-3.333921680392926e-18,0.0625,0.125
terminal46,P8/I1,197,s5,matrix,5.7208605257555445e-18,8,494,z,5.7208605257555445e-18,6.153671511370469e-23,2.3709064307301156e-22,0.03125,0.0625
terminal46,P8/I1,197,s5,volume,1.6323747908941755e-15,8,494,y,1.6323747908941755e-15,1.511125349280695e-20,-1.9227647902672618e-19,0.03125,0.0625
terminal46,P8/I1,197,s5,passiveFiber,0,0,68,x,0,0.0,0,0.03125,0.0625
terminal46,P8/I1,197,s5,activePotential,1.3478801408339791e-15,8,494,z,1.3478801408339791e-15,2.4040809083363643e-20,9.325832749269847e-19,0.03125,0.0625
terminal46,P8/I1,197,s5,total,1.826663820203578e-15,3,92,y,-1.826663820203578e-15,6.04636489025153e-20,7.843525091574821e-19,0.03125,0.0625
terminal46,P8/I1,197,s6,matrix,3.885763645529103e-19,8,494,z,-3.885763645529103e-19,-5.050456695620383e-24,-1.4074995110472612e-23,0.015625,0.03125
terminal46,P8/I1,197,s6,volume,5.616167253474913e-17,3,92,y,5.616167253474913e-17,-2.3150315104238167e-21,6.961552035246281e-21,0.015625,0.03125
terminal46,P8/I1,197,s6,passiveFiber,0,0,68,x,0,0.0,0,0.015625,0.03125
terminal46,P8/I1,197,s6,activePotential,7.632783294297951e-17,3,92,z,7.632783294297951e-17,-3.092743742749616e-21,-5.452774597949558e-20,0.015625,0.03125
terminal46,P8/I1,197,s6,total,1.3118846287074604e-16,8,494,z,-1.3118846287074604e-16,-2.411162342403429e-21,-4.4998625322884706e-20,0.015625,0.03125
terminal46,P8/I1,197,s7,matrix,8.528562987666737e-20,8,494,z,-8.528562987666737e-20,-9.910346629862808e-25,-2.864435988391637e-24,0.0078125,0.015625
terminal46,P8/I1,197,s7,volume,3.485709984540897e-17,8,494,y,-3.485709984540897e-17,9.294732372351135e-23,3.563494078878443e-21,0.0078125,0.015625
terminal46,P8/I1,197,s7,passiveFiber,0,0,68,x,0,0.0,0,0.0078125,0.015625
terminal46,P8/I1,197,s7,activePotential,2.74574200181954e-17,8,494,z,-2.74574200181954e-17,-7.73802823864779e-23,-1.6424498242852918e-20,0.0078125,0.015625
terminal46,P8/I1,197,s7,total,3.688997891881929e-17,8,494,y,-3.688997891881929e-17,-1.1672019482045653e-21,-1.1560676241041115e-20,0.0078125,0.015625
terminal46,P8/I1,197,s8,matrix,1.735424925136252e-21,8,494,x,-1.735424925136252e-21,3.724843461722298e-26,2.7464981276174747e-26,0.00390625,0.0078125
terminal46,P8/I1,197,s8,volume,6.979551485375435e-19,8,494,y,6.979551485375435e-19,-2.142548963543714e-23,-8.644037401179139e-23,0.00390625,0.0078125
terminal46,P8/I1,197,s8,passiveFiber,0,0,68,x,0,0.0,0,0.00390625,0.0078125
terminal46,P8/I1,197,s8,activePotential,2.541098841762901e-19,3,92,z,-2.541098841762901e-19,-1.2288663894163632e-23,3.970466940254533e-23,0.00390625,0.0078125
terminal46,P8/I1,197,s8,total,8.605854744103691e-19,3,92,y,-8.605854744103691e-19,4.9305028968255306e-23,8.271806125530277e-24,0.00390625,0.0078125
terminal46,P8/I1,197,s9,matrix,4.721133346146405e-22,8,494,z,4.721133346146405e-22,2.8574521194359454e-27,2.7995095804483267e-26,0.001953125,0.00390625
terminal46,P8/I1,197,s9,volume,1.0587911840678754e-19,3,92,y,1.0587911840678754e-19,-4.704696743116335e-24,8.375203702099405e-24,0.001953125,0.00390625
terminal46,P8/I1,197,s9,passiveFiber,0,0,68,x,0,0.0,0,0.001953125,0.00390625
terminal46,P8/I1,197,s9,activePotential,8.809142651444724e-20,3,92,z,-8.809142651444724e-20,4.9982154467187866e-24,5.500751073477634e-23,0.001953125,0.00390625
terminal46,P8/I1,197,s9,total,1.2790197503539935e-19,8,494,z,1.2790197503539935e-19,-1.2796746752176487e-24,3.9291079096268815e-23,0.001953125,0.00390625
terminal46,P8/I1,197,s10,matrix,5.034169509209442e-23,8,494,x,-5.034169509209442e-23,1.7613303099507304e-28,4.1020767071492614e-27,0.0009765625,0.001953125
terminal46,P8/I1,197,s10,volume,1.2176098616780567e-20,3,92,y,1.2176098616780567e-20,-6.567748353650462e-25,1.2536956159006826e-24,0.0009765625,0.001953125
terminal46,P8/I1,197,s10,passiveFiber,0,0,68,x,0,0.0,0,0.0009765625,0.001953125
terminal46,P8/I1,197,s10,activePotential,1.3234889800848443e-20,8,494,z,1.3234889800848443e-20,3.840980629734382e-25,4.6270415514684986e-24,0.0009765625,0.001953125
terminal46,P8/I1,197,s10,total,2.345222472710344e-20,3,92,y,2.345222472710344e-20,-1.8145453610379894e-24,6.462348535570529e-24,0.0009765625,0.001953125
terminal46,P8/I1,197,s11,matrix,3.638302225526208e-24,3,92,y,-3.638302225526208e-24,5.419605881028403e-29,-1.2897875800363543e-28,0.00048828125,0.0009765625
terminal46,P8/I1,197,s11,volume,4.195460066868956e-21,8,494,y,4.195460066868956e-21,4.4098998692230804e-26,-4.071279577409433e-25,0.00048828125,0.0009765625
terminal46,P8/I1,197,s11,passiveFiber,0,0,68,x,0,0.0,0,0.00048828125,0.0009765625
terminal46,P8/I1,197,s11,activePotential,4.632211430296955e-22,3,92,z,4.632211430296955e-22,-3.464913383752104e-26,2.1971985020939798e-25,0.00048828125,0.0009765625
terminal46,P8/I1,197,s11,total,4.29472174037532e-21,8,494,y,4.29472174037532e-21,-1.8094399673067515e-26,-4.362085261510107e-26,0.00048828125,0.0009765625
terminal46,P8/I1,197,s12,matrix,6.046334848593176e-25,8,494,x,-6.046334848593176e-25,-1.0514818153348271e-29,-1.873544649899903e-30,0.000244140625,0.00048828125
terminal46,P8/I1,197,s12,volume,1.373119816838026e-22,3,92,y,1.373119816838026e-22,-8.234386581352311e-27,7.371116298385134e-27,0.000244140625,0.00048828125
terminal46,P8/I1,197,s12,passiveFiber,0,0,68,x,0,0.0,0,0.000244140625,0.00048828125
terminal46,P8/I1,197,s12,activePotential,7.196471329211341e-23,8,494,z,-7.196471329211341e-23,1.0732746053626522e-26,1.8983148823238428e-26,0.000244140625,0.00048828125
terminal46,P8/I1,197,s12,total,1.108422020821057e-22,3,92,y,1.108422020821057e-22,-1.603138917988337e-27,3.776434925474028e-26,0.000244140625,0.00048828125
terminal46,P8/I1,197,s13,matrix,1.8538862361417954e-25,8,494,z,1.8538862361417954e-25,1.5790868524199982e-30,1.0951608035763578e-29,0.0001220703125,0.000244140625
terminal46,P8/I1,197,s13,volume,9.057627707455653e-23,3,92,y,-9.057627707455653e-23,3.482923668948265e-27,-9.112921177113128e-27,0.0001220703125,0.000244140625
terminal46,P8/I1,197,s13,passiveFiber,0,0,68,x,0,0.0,0,0.0001220703125,0.000244140625
terminal46,P8/I1,197,s13,activePotential,4.487454823100175e-23,8,494,z,4.487454823100175e-23,1.3896192287405187e-28,3.523999435803304e-26,0.0001220703125,0.000244140625
terminal46,P8/I1,197,s13,total,9.740051712811901e-23,3,92,y,-9.740051712811901e-23,2.4155231378247644e-27,2.251724567862856e-26,0.0001220703125,0.000244140625
terminal46,P8/I1,197,s14,matrix,1.0750596416351949e-26,8,494,x,-1.0750596416351949e-26,1.0356520697386333e-31,3.420451581231731e-31,6.103515625e-05,0.0001220703125
terminal46,P8/I1,197,s14,volume,4.730439128037627e-24,3,92,y,-4.730439128037627e-24,3.111657553648626e-28,-3.2343297114061484e-28,6.103515625e-05,0.0001220703125
terminal46,P8/I1,197,s14,passiveFiber,0,0,68,x,0,0.0,0,6.103515625e-05,0.0001220703125
terminal46,P8/I1,197,s14,activePotential,3.0502285087892896e-24,8,494,z,-3.0502285087892896e-24,1.2910598555526166e-28,-2.7136815139602806e-28,6.103515625e-05,0.0001220703125
terminal46,P8/I1,197,s14,total,4.110053668622856e-24,3,92,y,-4.110053668622856e-24,3.1695989064015007e-28,-3.2501069295105686e-28,6.103515625e-05,0.0001220703125
terminal46,P8/I1,197,s15,matrix,3.320315550075239e-27,8,494,z,3.320315550075239e-27,5.85293393143619e-32,8.002238918928965e-32,3.0517578125e-05,6.103515625e-05
terminal46,P8/I1,197,s15,volume,1.9871721746879376e-24,8,494,y,1.9871721746879376e-24,3.3472317927745575e-29,-2.16739533709473e-28,3.0517578125e-05,6.103515625e-05
terminal46,P8/I1,197,s15,passiveFiber,0,0,68,x,0,0.0,0,3.0517578125e-05,6.103515625e-05
terminal46,P8/I1,197,s15,activePotential,1.0598251598335667e-24,8,494,z,1.0598251598335667e-24,-8.647479595738888e-30,6.358218896081355e-28,3.0517578125e-05,6.103515625e-05
terminal46,P8/I1,197,s15,total,2.2909025558597524e-24,8,494,y,2.2909025558597524e-24,8.810692237315032e-29,4.02319061662716e-28,3.0517578125e-05,6.103515625e-05
terminal46,P8/I1,197,s16,matrix,2.1328826724913107e-28,3,92,z,-2.1328826724913107e-28,1.1711975898227547e-33,1.2482433452059772e-32,1.52587890625e-05,3.0517578125e-05
terminal46,P8/I1,197,s16,volume,4.52364397489937e-26,3,92,y,4.52364397489937e-26,-1.4267250334421755e-30,5.226203497089203e-30,1.52587890625e-05,3.0517578125e-05
terminal46,P8/I1,197,s16,passiveFiber,0,0,68,x,0,0.0,0,1.52587890625e-05,3.0517578125e-05
terminal46,P8/I1,197,s16,activePotential,1.6155871338926322e-26,9,493,z,-1.6155871338926322e-26,1.9776861789481205e-30,8.480254731125877e-30,1.52587890625e-05,3.0517578125e-05
terminal46,P8/I1,197,s16,total,6.341179500528581e-26,8,494,y,-6.341179500528581e-26,-3.3811866744981727e-31,1.1832913578315177e-29,1.52587890625e-05,3.0517578125e-05
terminal46,P8/I1,197,s17,matrix,2.3425471099570827e-29,8,494,x,2.3425471099570827e-29,-1.932330175465716e-34,-1.1134282490988707e-33,7.62939453125e-06,1.52587890625e-05
terminal46,P8/I1,197,s17,volume,1.6206358436860467e-26,8,494,y,-1.6206358436860467e-26,6.738946333365528e-31,1.5808032983530432e-30,7.62939453125e-06,1.52587890625e-05
terminal46,P8/I1,197,s17,passiveFiber,0,0,68,x,0,0.0,0,7.62939453125e-06,1.52587890625e-05
terminal46,P8/I1,197,s17,activePotential,3.332148463653554e-27,8,494,z,-3.332148463653554e-27,6.61479601227272e-32,-2.9705543462228726e-30,7.62939453125e-06,1.52587890625e-05
terminal46,P8/I1,197,s17,total,1.751902298314823e-26,3,92,y,1.751902298314823e-26,-7.4239491451251895e-31,-1.7441221576370808e-30,7.62939453125e-06,1.52587890625e-05
terminal46,P8/I1,197,s18,matrix,8.880848159558422e-30,8,494,z,8.880848159558422e-30,8.120053994367631e-35,3.940257063956308e-34,3.814697265625e-06,7.62939453125e-06
terminal46,P8/I1,197,s18,volume,1.5209238252661108e-27,3,92,y,-1.5209238252661108e-27,6.596317841955722e-32,-1.9528929636086572e-31,3.814697265625e-06,7.62939453125e-06
terminal46,P8/I1,197,s18,passiveFiber,0,0,68,x,0,0.0,0,3.814697265625e-06,7.62939453125e-06
terminal46,P8/I1,197,s18,activePotential,2.3034738432453545e-27,8,494,z,2.3034738432453545e-27,3.4371657013507084e-32,1.254165579784968e-30,3.814697265625e-06,7.62939453125e-06
terminal46,P8/I1,197,s18,total,2.4391579189433685e-27,8,494,z,2.4391579189433685e-27,6.057592687024005e-32,1.1401505270772436e-30,3.814697265625e-06,7.62939453125e-06
terminal46,P8/I1,197,s19,matrix,1.0887281975621044e-30,8,494,z,1.0887281975621044e-30,8.14194556663741e-36,6.33591455093213e-35,1.9073486328125e-06,3.814697265625e-06
terminal46,P8/I1,197,s19,volume,1.1044052673094165e-28,8,494,y,1.1044052673094165e-28,7.917154015847957e-34,-9.581501473326498e-33,1.9073486328125e-06,3.814697265625e-06
terminal46,P8/I1,197,s19,passiveFiber,0,0,68,x,0,0.0,0,1.9073486328125e-06,3.814697265625e-06
terminal46,P8/I1,197,s19,activePotential,1.262177448353619e-28,8,494,z,1.262177448353619e-28,5.58804250275562e-33,1.1074097180226606e-31,1.9073486328125e-06,3.814697265625e-06
terminal46,P8/I1,197,s19,total,2.1693674893577825e-28,8,494,y,2.1693674893577825e-28,-7.848610692905216e-33,9.35038988000003e-32,1.9073486328125e-06,3.814697265625e-06
terminal46,P8/I1,197,s20,matrix,2.123097022443879e-31,8,494,z,2.123097022443879e-31,2.25849423195145e-36,8.869104876954159e-36,9.5367431640625e-07,1.9073486328125e-06
terminal46,P8/I1,197,s20,volume,5.531887097862345e-29,8,494,y,5.531887097862345e-29,-3.3800392375887437e-34,-4.724546894824938e-33,9.5367431640625e-07,1.9073486328125e-06
terminal46,P8/I1,197,s20,passiveFiber,0,0,68,x,0,0.0,0,9.5367431640625e-07,1.9073486328125e-06
terminal46,P8/I1,197,s20,activePotential,5.433279484709719e-29,8,494,z,5.433279484709719e-29,7.428504329871178e-34,2.9803765889392475e-32,9.5367431640625e-07,1.9073486328125e-06
terminal46,P8/I1,197,s20,total,5.694589659564179e-29,8,494,y,5.694589659564179e-29,2.9510352904949744e-34,2.4507458542327576e-32,9.5367431640625e-07,1.9073486328125e-06
terminal46,P8/I1,197,core,matrix,1.0044928366194677e-32,8,494,z,1.0044928366194677e-32,3.5669373971467933e-38,7.783976654351335e-37,0,9.5367431640625e-07
terminal46,P8/I1,197,core,volume,4.067564042545842e-31,8,494,y,4.067564042545842e-31,-2.446244418836823e-35,-3.912045199536573e-35,0,9.5367431640625e-07
terminal46,P8/I1,197,core,passiveFiber,0,0,68,x,0,0.0,0,0,9.5367431640625e-07
terminal46,P8/I1,197,core,activePotential,1.6455145444844543e-30,8,494,z,1.6455145444844543e-30,5.422844096279075e-35,1.0081039552651938e-33,0,9.5367431640625e-07
terminal46,P8/I1,197,core,total,2.0954117794933126e-30,3,92,z,-2.0954117794933126e-30,1.2960872623478271e-34,1.0682892660272949e-33,0,9.5367431640625e-07
terminal46,P8/I1,200,s1,matrix,2.6362495086224014e-13,9,494,y,2.6362495086224014e-13,-8.280231351941935e-19,-4.873404062027617e-18,0.5,1
terminal46,P8/I1,200,s1,volume,2.67290412026e-10,9,494,y,2.67290412026e-10,-7.065212350886272e-16,-4.9318188422020626e-15,0.5,1
terminal46,P8/I1,200,s1,passiveFiber,0,0,67,x,0,0.0,0,0.5,1
terminal46,P8/I1,200,s1,activePotential,2.7355895326763857e-13,6,495,z,-2.7355895326763857e-13,3.598115009964364e-18,1.4224732503009818e-16,0.5,1
terminal46,P8/I1,200,s1,total,2.675899501980439e-10,9,494,y,2.675899501980439e-10,-7.134745066306071e-16,-4.85722573273506e-15,0.5,1
terminal46,P8/I1,200,s2,matrix,1.3739009929736312e-15,9,494,z,-1.3739009929736312e-15,3.6108470305951966e-21,-3.832824086325709e-20,0.25,0.5
terminal46,P8/I1,200,s2,volume,9.388045896230324e-13,9,494,y,9.388045896230324e-13,-3.3730135406660867e-18,4.185020385794047e-17,0.25,0.5
terminal46,P8/I1,200,s2,passiveFiber,0,0,67,x,0,0.0,0,0.25,0.5
terminal46,P8/I1,200,s2,activePotential,1.3322676295501878e-13,9,494,z,-1.3322676295501878e-13,-1.0670393804755188e-18,-3.0878077872387166e-16,0.25,0.5
terminal46,P8/I1,200,s2,total,8.752998326144734e-13,9,494,y,8.752998326144734e-13,-5.518414803457635e-18,-2.40692882291782e-16,0.25,0.5
terminal46,P8/I1,200,s3,matrix,9.662951862277058e-17,9,494,x,-9.662951862277058e-17,-5.716757785841665e-22,2.1705219273391446e-21,0.125,0.25
terminal46,P8/I1,200,s3,volume,8.115730310009894e-14,9,494,y,-8.115730310009894e-14,-1.3816652689199594e-18,1.1370570283941728e-17,0.125,0.25
terminal46,P8/I1,200,s3,passiveFiber,0,0,67,x,0,0.0,0,0.125,0.25
terminal46,P8/I1,200,s3,activePotential,2.4868995751603507e-14,9,494,z,-2.4868995751603507e-14,-8.769114482899951e-20,-2.9110828331235794e-17,0.125,0.25
terminal46,P8/I1,200,s3,total,8.970602038971265e-14,9,494,y,-8.970602038971265e-14,-8.942037895442703e-19,-2.054563116860031e-17,0.125,0.25
terminal46,P8/I1,200,s4,matrix,3.721523957056494e-17,9,494,z,-3.721523957056494e-17,-9.553386355263034e-23,-9.107258544208835e-22,0.0625,0.125
terminal46,P8/I1,200,s4,volume,1.6209256159527285e-14,9,494,y,-1.6209256159527285e-14,1.9163560107103274e-19,1.6127507315721878e-18,0.0625,0.125
terminal46,P8/I1,200,s4,passiveFiber,0,0,67,x,0,0.0,0,0.0625,0.125
terminal46,P8/I1,200,s4,activePotential,7.854827899222983e-15,9,494,z,-7.854827899222983e-15,1.3179092848365151e-20,-5.8140341499535175e-18,0.0625,0.125
terminal46,P8/I1,200,s4,total,1.6486811915683575e-14,9,494,y,-1.6486811915683575e-14,7.850189239777206e-20,-4.255493527005605e-18,0.0625,0.125
terminal46,P8/I1,200,s5,matrix,1.0274509650194663e-18,9,494,z,1.0274509650194663e-18,3.791584943652898e-23,-1.7163997710475324e-23,0.03125,0.0625
terminal46,P8/I1,200,s5,volume,1.8388068845354155e-15,9,494,y,1.8388068845354155e-15,-1.4539405670190854e-21,-1.4568966692773966e-19,0.03125,0.0625
terminal46,P8/I1,200,s5,passiveFiber,0,0,67,x,0,0.0,0,0.03125,0.0625
terminal46,P8/I1,200,s5,activePotential,4.475586568020162e-16,9,494,z,4.475586568020162e-16,1.3543571524151265e-20,4.1504614415460717e-19,0.03125,0.0625
terminal46,P8/I1,200,s5,total,1.807581861967833e-15,9,494,y,1.807581861967833e-15,2.2115658468606326e-20,2.0667603913004928e-19,0.03125,0.0625
terminal46,P8/I1,200,s6,matrix,4.648093298057973e-19,9,494,z,-4.648093298057973e-19,-9.934441625930601e-25,-1.722862119583103e-23,0.015625,0.03125
terminal46,P8/I1,200,s6,volume,1.5655879370690684e-16,9,494,y,-1.5655879370690684e-16,2.062434103515331e-21,1.0376153603865179e-20,0.015625,0.03125
terminal46,P8/I1,200,s6,passiveFiber,0,0,67,x,0,0.0,0,0.015625,0.03125
terminal46,P8/I1,200,s6,activePotential,5.442694905877232e-17,9,494,z,-5.442694905877232e-17,-1.8966515178710904e-21,-5.219840537454626e-20,0.015625,0.03125
terminal46,P8/I1,200,s6,total,1.496198998029996e-16,9,494,y,-1.496198998029996e-16,9.4481164183218e-22,-4.2034010007494654e-20,0.015625,0.03125
terminal46,P8/I1,200,s7,matrix,2.2234614865425384e-20,9,494,y,-2.2234614865425384e-20,-2.8399545573858497e-26,1.0469004627624257e-24,0.0078125,0.015625
terminal46,P8/I1,200,s7,volume,4.336808689942018e-18,3,92,y,4.336808689942018e-18,-4.477991689820301e-22,7.146840492458159e-22,0.0078125,0.015625
terminal46,P8/I1,200,s7,passiveFiber,0,0,67,x,0,0.0,0,0.0078125,0.015625
terminal46,P8/I1,200,s7,activePotential,5.583641188300348e-18,9,494,z,5.583641188300348e-18,1.1580826678888963e-22,2.898440866385809e-21,0.0078125,0.015625
terminal46,P8/I1,200,s7,total,7.209944447028604e-18,9,494,y,-7.209944447028604e-18,-2.166323938821161e-22,2.236696376343387e-21,0.0078125,0.015625
terminal46,P8/I1,200,s8,matrix,1.1282743555223297e-21,9,494,x,-1.1282743555223297e-21,-4.413942837253032e-26,1.2116903504194741e-26,0.00390625,0.0078125
terminal46,P8/I1,200,s8,volume,6.776263578034403e-19,9,494,y,-6.776263578034403e-19,8.30292883160268e-23,-3.1846453583291565e-23,0.00390625,0.0078125
terminal46,P8/I1,200,s8,passiveFiber,0,0,67,x,0,0.0,0,0.00390625,0.0078125
terminal46,P8/I1,200,s8,activePotential,2.574980159653073e-19,9,494,z,2.574980159653073e-19,-4.015570313122156e-23,1.075334796318936e-22,0.00390625,0.0078125
terminal46,P8/I1,200,s8,total,8.063753657860939e-19,9,494,y,8.063753657860939e-19,-8.338229590608745e-23,3.474158572722716e-23,0.00390625,0.0078125
terminal46,P8/I1,200,s9,matrix,9.427791031573133e-22,9,494,z,9.427791031573133e-22,7.611364951447931e-27,2.2416271482760271e-26,0.001953125,0.00390625
terminal46,P8/I1,200,s9,volume,8.555032767268433e-20,9,494,y,8.555032767268433e-20,-7.8788619678106e-24,-5.37667398159468e-24,0.001953125,0.00390625
terminal46,P8/I1,200,s9,passiveFiber,0,0,67,x,0,0.0,0,0.001953125,0.00390625
terminal46,P8/I1,200,s9,activePotential,8.427977825180288e-20,9,494,z,8.427977825180288e-20,4.329667529650917e-25,6.452008777913616e-23,0.001953125,0.00390625
terminal46,P8/I1,200,s9,total,1.1350241493207625e-19,9,494,y,1.1350241493207625e-19,-2.413121568272536e-24,5.769584772557368e-23,0.001953125,0.00390625
terminal46,P8/I1,200,s10,matrix,2.1183578499600193e-22,9,494,z,-2.1183578499600193e-22,-1.2275917824135554e-27,-5.7807727134595745e-27,0.0009765625,0.001953125
terminal46,P8/I1,200,s10,volume,1.0302038220980428e-19,9,494,y,-1.0302038220980428e-19,-1.3476611535200018e-24,1.2239688126370581e-23,0.0009765625,0.001953125
terminal46,P8/I1,200,s10,passiveFiber,0,0,67,x,0,0.0,0,0.0009765625,0.001953125
terminal46,P8/I1,200,s10,activePotential,4.775148240146118e-20,9,494,z,-4.775148240146118e-20,1.9974847177106086e-25,-3.838635030128894e-23,0.0009765625,0.001953125
terminal46,P8/I1,200,s10,total,1.2419620589116179e-19,9,494,y,-1.2419620589116179e-19,-1.2934361667049442e-24,-2.628883384270091e-23,0.0009765625,0.001953125
terminal46,P8/I1,200,s11,matrix,3.5646314522207036e-23,9,494,z,-3.5646314522207036e-23,-3.146913252467191e-29,-1.2219455421873473e-27,0.00048828125,0.0009765625
terminal46,P8/I1,200,s11,volume,9.396771758602394e-21,9,494,y,-9.396771758602394e-21,-1.7897121255582145e-25,1.0695186826369225e-24,0.00048828125,0.0009765625
terminal46,P8/I1,200,s11,passiveFiber,0,0,67,x,0,0.0,0,0.00048828125,0.0009765625
terminal46,P8/I1,200,s11,activePotential,6.7696461331339785e-21,9,494,z,-6.7696461331339785e-21,-5.86281182502524e-26,-4.849992575945682e-24,0.00048828125,0.0009765625
terminal46,P8/I1,200,s11,total,1.1315830779725419e-20,9,494,y,-1.1315830779725419e-20,-2.2708763332902516e-25,-3.780473893308759e-24,0.00048828125,0.0009765625
terminal46,P8/I1,200,s12,matrix,1.3817308962616737e-24,9,494,z,1.3817308962616737e-24,3.069189470793925e-30,6.340469525713882e-29,0.000244140625,0.00048828125
terminal46,P8/I1,200,s12,volume,2.746239633676052e-22,9,494,y,2.746239633676052e-22,1.2268560769695447e-26,-3.07971297398283e-26,0.000244140625,0.00048828125
terminal46,P8/I1,200,s12,passiveFiber,0,0,67,x,0,0.0,0,0.000244140625,0.00048828125
terminal46,P8/I1,200,s12,activePotential,3.085383684822793e-22,9,494,z,3.085383684822793e-22,1.9516516911260694e-27,1.8619641718112586e-25,0.000244140625,0.00048828125
terminal46,P8/I1,200,s12,total,2.69660879692287e-22,3,92,y,-2.69660879692287e-22,2.369397210307532e-26,1.4782622275117584e-25,0.000244140625,0.00048828125
terminal46,P8/I1,200,s13,matrix,3.6274979865683007e-26,9,494,x,3.6274979865683007e-26,-1.5692318518841469e-30,-1.7256332301709633e-30,0.0001220703125,0.000244140625
terminal46,P8/I1,200,s13,volume,5.661017317159783e-24,8,498,x,5.661017317159783e-24,1.6757183261708408e-28,2.398137151871876e-28,0.0001220703125,0.000244140625
terminal46,P8/I1,200,s13,passiveFiber,0,0,67,x,0,0.0,0,0.0001220703125,0.000244140625
terminal46,P8/I1,200,s13,activePotential,7.806517030969199e-24,6,495,z,-7.806517030969199e-24,1.2098016029386601e-27,-2.0194839173657902e-28,0.0001220703125,0.000244140625
terminal46,P8/I1,200,s13,total,9.926167350636332e-24,9,494,y,9.926167350636332e-24,3.854477679242178e-28,3.988480736797436e-27,0.0001220703125,0.000244140625
terminal46,P8/I1,200,s14,matrix,3.25578672802816e-26,9,494,z,3.25578672802816e-26,1.0965070049739423e-31,1.0292169622805388e-30,6.103515625e-05,0.0001220703125
terminal46,P8/I1,200,s14,volume,9.874468562351768e-24,9,494,y,9.874468562351768e-24,-1.3200025037724343e-28,-8.882573792788593e-28,6.103515625e-05,0.0001220703125
terminal46,P8/I1,200,s14,passiveFiber,0,0,67,x,0,0.0,0,6.103515625e-05,0.0001220703125
terminal46,P8/I1,200,s14,activePotential,4.691665036824204e-24,9,494,z,4.691665036824204e-24,-1.6136350461679963e-28,3.546718629873669e-27,6.103515625e-05,0.0001220703125
terminal46,P8/I1,200,s14,total,8.297655519672559e-24,9,494,y,8.297655519672559e-24,2.799048571170177e-28,2.751546837410889e-27,6.103515625e-05,0.0001220703125
terminal46,P8/I1,200,s15,matrix,8.425034467760406e-28,9,494,y,8.425034467760406e-28,3.4545252509142085e-32,-8.204461563089625e-32,3.0517578125e-05,6.103515625e-05
terminal46,P8/I1,200,s15,volume,5.977672395402739e-25,9,494,y,5.977672395402739e-25,9.663227727593755e-30,-6.843368352792277e-29,3.0517578125e-05,6.103515625e-05
terminal46,P8/I1,200,s15,passiveFiber,0,0,67,x,0,0.0,0,3.0517578125e-05,6.103515625e-05
terminal46,P8/I1,200,s15,activePotential,1.1309109937248425e-25,9,494,z,1.1309109937248425e-25,-1.2502509732708716e-30,-2.129924444096732e-29,3.0517578125e-05,6.103515625e-05
terminal46,P8/I1,200,s15,total,7.367077330550403e-25,9,494,y,7.367077330550403e-25,1.4190627539714276e-30,-4.9698237028923744e-29,3.0517578125e-05,6.103515625e-05
terminal46,P8/I1,200,s16,matrix,2.2630447218527776e-28,9,494,z,2.2630447218527776e-28,4.728677729389599e-34,1.0785207688568521e-32,1.52587890625e-05,3.0517578125e-05
terminal46,P8/I1,200,s16,volume,2.0679515313825692e-25,9,494,y,2.0679515313825692e-25,3.07697036532012e-30,-2.0830858278492343e-29,1.52587890625e-05,3.0517578125e-05
terminal46,P8/I1,200,s16,passiveFiber,0,0,67,x,0,0.0,0,1.52587890625e-05,3.0517578125e-05
terminal46,P8/I1,200,s16,activePotential,8.643391166325582e-26,9,494,z,8.643391166325582e-26,-2.585727915190687e-31,6.271444196507044e-29,1.52587890625e-05,3.0517578125e-05
terminal46,P8/I1,200,s16,total,2.617251156906064e-25,9,494,y,2.617251156906064e-25,-2.891778522024573e-30,4.812051521848172e-29,1.52587890625e-05,3.0517578125e-05
terminal46,P8/I1,200,s17,matrix,2.7166397423548594e-29,9,494,z,-2.7166397423548594e-29,-4.6284434795978815e-35,-7.583349156024741e-34,7.62939453125e-06,1.52587890625e-05
terminal46,P8/I1,200,s17,volume,1.327810675668007e-26,9,494,y,-1.327810675668007e-26,-2.6192220202383685e-31,1.5623143708869257e-30,7.62939453125e-06,1.52587890625e-05
terminal46,P8/I1,200,s17,passiveFiber,0,0,67,x,0,0.0,0,7.62939453125e-06,1.52587890625e-05
terminal46,P8/I1,200,s17,activePotential,1.6913177807938493e-27,3,92,z,1.6913177807938493e-27,-4.921512387906058e-32,-3.697785493223493e-30,7.62939453125e-06,1.52587890625e-05
terminal46,P8/I1,200,s17,total,1.9235584312909152e-26,9,494,y,-1.9235584312909152e-26,5.5525651830326225e-31,-1.787262988391355e-30,7.62939453125e-06,1.52587890625e-05
terminal46,P8/I1,200,s18,matrix,5.204633081712066e-30,9,494,z,5.204633081712066e-30,-3.61112676623105e-36,1.8356519782440842e-34,3.814697265625e-06,7.62939453125e-06
terminal46,P8/I1,200,s18,volume,1.1485814780017932e-27,3,92,y,-1.1485814780017932e-27,1.2329397976563687e-31,-1.771855548836257e-31,3.814697265625e-06,7.62939453125e-06
terminal46,P8/I1,200,s18,passiveFiber,0,0,67,x,0,0.0,0,3.814697265625e-06,7.62939453125e-06
terminal46,P8/I1,200,s18,activePotential,1.0381409512708515e-27,9,494,z,1.0381409512708515e-27,2.4478584535685775e-32,9.906983633927941e-31,3.814697265625e-06,7.62939453125e-06
terminal46,P8/I1,200,s18,total,2.0321056918493264e-27,9,494,y,2.0321056918493264e-27,-5.36074465237669e-32,7.565052821553062e-31,3.814697265625e-06,7.62939453125e-06
terminal46,P8/I1,200,s19,matrix,4.599120707196719e-31,9,494,z,4.599120707196719e-31,5.2029207572095445e-36,2.162909605513009e-36,1.9073486328125e-06,3.814697265625e-06
terminal46,P8/I1,200,s19,volume,2.4928004604983973e-28,9,494,y,2.4928004604983973e-28,1.1299275458983221e-33,-1.6322256278681824e-32,1.9073486328125e-06,3.814697265625e-06
terminal46,P8/I1,200,s19,passiveFiber,0,0,67,x,0,0.0,0,1.9073486328125e-06,3.814697265625e-06
terminal46,P8/I1,200,s19,activePotential,4.4570641144987167e-29,9,494,z,4.4570641144987167e-29,-7.728060326834211e-34,3.2548216060144286e-32,1.9073486328125e-06,3.814697265625e-06
terminal46,P8/I1,200,s19,total,1.0531293084700508e-28,3,92,y,-1.0531293084700508e-28,1.8395949280482158e-32,1.9066706449433635e-32,1.9073486328125e-06,3.814697265625e-06
terminal46,P8/I1,200,s20,matrix,1.8895780166869268e-31,9,494,z,1.8895780166869268e-31,-4.14744294004127e-37,7.205780370540622e-36,9.5367431640625e-07,1.9073486328125e-06
terminal46,P8/I1,200,s20,volume,2.573658703283551e-29,9,494,y,2.573658703283551e-29,6.708937532967734e-34,-1.8657446336251347e-33,9.5367431640625e-07,1.9073486328125e-06
terminal46,P8/I1,200,s20,passiveFiber,0,0,67,x,0,0.0,0,9.5367431640625e-07,1.9073486328125e-06
terminal46,P8/I1,200,s20,activePotential,2.75608278761591e-29,9,494,z,2.75608278761591e-29,3.6941305311139344e-34,2.0125967918846615e-32,9.5367431640625e-07,1.9073486328125e-06
terminal46,P8/I1,200,s20,total,2.3172789090867222e-29,9,494,y,2.3172789090867222e-29,7.941913514897755e-34,1.820003797445938e-32,9.5367431640625e-07,1.9073486328125e-06
terminal46,P8/I1,200,core,matrix,2.4086161366992868e-32,9,494,z,2.4086161366992868e-32,1.415793322073832e-38,1.0278228730002376e-36,0,9.5367431640625e-07
terminal46,P8/I1,200,core,volume,2.3665827156630354e-30,9,494,y,2.3665827156630354e-30,-3.028960728974072e-35,-2.0613468936019634e-34,0,9.5367431640625e-07
terminal46,P8/I1,200,core,passiveFiber,0,0,67,x,0,0.0,0,0,9.5367431640625e-07
terminal46,P8/I1,200,core,activePotential,4.2401273655629385e-30,9,494,z,4.2401273655629385e-30,2.0039427852313254e-35,3.009265538105056e-33,0,9.5367431640625e-07
terminal46,P8/I1,200,core,total,4.2401273655629385e-30,9,494,z,4.2401273655629385e-30,1.7493960234480087e-34,2.584959097232243e-33,0,9.5367431640625e-07
terminal46,P8/I1,203,s1,matrix,9.148235012405859e-13,7,498,y,9.148235012405859e-13,-1.2194390414647371e-17,-2.5664251268858046e-17,0.5,1
terminal46,P8/I1,203,s1,volume,9.310143767038426e-10,7,498,y,9.310143767038426e-10,-1.1147018722594293e-14,-2.529053355626587e-14,0.5,1
terminal46,P8/I1,203,s1,passiveFiber,0,0,67,x,0,0.0,0,0.5,1
terminal46,P8/I1,203,s1,activePotential,6.714628852932947e-13,6,451,z,6.714628852932947e-13,-5.0099997212380886e-17,2.0816681711721685e-16,0.5,1
terminal46,P8/I1,203,s1,total,9.318226190657697e-10,7,498,y,9.318226190657697e-10,-1.1146408646836147e-14,-2.5868196473766147e-14,0.5,1
terminal46,P8/I1,203,s2,matrix,5.294376048681215e-15,7,498,y,5.294376048681215e-15,-8.724418773769658e-20,-1.8338263308055602e-19,0.25,0.5
terminal46,P8/I1,203,s2,volume,4.671818487622659e-12,7,498,y,4.671818487622659e-12,-7.673592751448907e-17,-3.165870343657673e-17,0.25,0.5
terminal46,P8/I1,203,s2,passiveFiber,0,0,67,x,0,0.0,0,0.25,0.5
terminal46,P8/I1,203,s2,activePotential,2.575717417130363e-13,7,498,z,-2.575717417130363e-13,-1.505238671969651e-18,-4.909267437014364e-16,0.25,0.5
terminal46,P8/I1,203,s2,total,4.668265773943858e-12,7,498,y,4.668265773943858e-12,-7.729429438176907e-17,-4.822531263215524e-16,0.25,0.5
terminal46,P8/I1,203,s3,matrix,5.197394164352387e-17,7,498,x,-5.197394164352387e-17,7.781122060761608e-22,4.870439446712227e-21,0.125,0.25
terminal46,P8/I1,203,s3,volume,9.725553695716371e-14,7,498,y,-9.725553695716371e-14,-9.341221180760955e-19,1.577514160966409e-17,0.125,0.25
terminal46,P8/I1,203,s3,passiveFiber,0,0,67,x,0,0.0,0,0.125,0.25
terminal46,P8/I1,203,s3,activePotential,1.071365218763276e-14,7,498,x,-1.071365218763276e-14,-4.084841825621355e-19,-2.927345865710862e-17,0.125,0.25
terminal46,P8/I1,203,s3,total,5.706546346573305e-14,9,500,y,5.706546346573305e-14,-3.5021268628329e-18,-9.75781955236954e-18,0.125,0.25
terminal46,P8/I1,203,s4,matrix,2.0681156440160997e-17,7,498,y,-2.0681156440160997e-17,-2.345427390658648e-22,-1.9190590211230242e-22,0.0625,0.125
terminal46,P8/I1,203,s4,volume,3.3084646133829665e-14,7,498,y,-3.3084646133829665e-14,3.30649144487078e-19,4.323256162785949e-18,0.0625,0.125
terminal46,P8/I1,203,s4,passiveFiber,0,0,67,x,0,0.0,0,0.0625,0.125
terminal46,P8/I1,203,s4,activePotential,2.7200464103316335e-15,7,498,z,-2.7200464103316335e-15,-3.199514628789963e-19,-8.61940727125976e-18,0.0625,0.125
terminal46,P8/I1,203,s4,total,3.441691376337985e-14,7,498,y,-3.441691376337985e-14,-1.3564688462799245e-20,-2.7647155398380363e-18,0.0625,0.125
terminal46,P8/I1,203,s5,matrix,2.405573570202213e-18,7,498,y,2.405573570202213e-18,1.839102450462746e-23,-3.5982356646056704e-22,0.03125,0.0625
terminal46,P8/I1,203,s5,volume,3.7192471324942744e-15,7,498,y,3.7192471324942744e-15,-9.471428219018062e-20,-4.353749348887104e-19,0.03125,0.0625
terminal46,P8/I1,203,s5,passiveFiber,0,0,67,x,0,0.0,0,0.03125,0.0625
terminal46,P8/I1,203,s5,activePotential,4.0939474033052647e-16,7,498,z,4.0939474033052647e-16,-3.451795514455963e-20,5.38712954453735e-19,0.03125,0.0625
terminal46,P8/I1,203,s5,total,2.5118795932144167e-15,7,498,y,2.5118795932144167e-15,9.772859545384757e-20,-3.8963515573697816e-20,0.03125,0.0625
terminal46,P8/I1,203,s6,matrix,6.954140496957806e-19,7,498,z,-6.954140496957806e-19,-6.013285420079766e-24,-4.6994198550668885e-23,0.015625,0.03125
terminal46,P8/I1,203,s6,volume,3.0010716134398763e-16,7,498,y,-3.0010716134398763e-16,4.4195761658667906e-21,3.091670257478196e-20,0.015625,0.03125
terminal46,P8/I1,203,s6,passiveFiber,0,0,67,x,0,0.0,0,0.015625,0.03125
terminal46,P8/I1,203,s6,activePotential,1.3010426069826053e-16,7,498,z,-1.3010426069826053e-16,-6.001933338685073e-21,-1.6263032587282567e-19,0.015625,0.03125
terminal46,P8/I1,203,s6,total,2.1684043449710089e-16,7,498,y,-2.1684043449710089e-16,-8.646459945209197e-21,-1.2345505206231427e-19,0.015625,0.03125
terminal46,P8/I1,203,s7,matrix,1.8385908911338657e-19,7,498,z,1.8385908911338657e-19,2.280254001673727e-24,1.0540090461515532e-23,0.0078125,0.015625
terminal46,P8/I1,203,s7,volume,7.925517880869037e-17,7,498,y,7.925517880869037e-17,6.434294637706091e-22,-1.1196716771517783e-20,0.0078125,0.015625
terminal46,P8/I1,203,s7,passiveFiber,0,0,67,x,0,0.0,0,0.0078125,0.015625
terminal46,P8/I1,203,s7,activePotential,5.833007687972014e-17,7,498,z,5.833007687972014e-17,1.1463630379012052e-21,4.2298707803511623e-20,0.0078125,0.015625
terminal46,P8/I1,203,s7,total,9.443400922348744e-17,7,498,y,9.443400922348744e-17,5.663489870641435e-22,3.0969642133985356e-20,0.0078125,0.015625
terminal46,P8/I1,203,s8,matrix,6.1145190879919806e-21,7,498,y,-6.1145190879919806e-21,2.4007241134758827e-26,-8.077935669463161e-28,0.00390625,0.0078125
terminal46,P8/I1,203,s8,volume,4.187730891225261e-18,7,498,y,-4.187730891225261e-18,-1.7605336888754488e-22,7.593518023236794e-22,0.00390625,0.0078125
terminal46,P8/I1,203,s8,passiveFiber,0,0,67,x,0,0.0,0,0.00390625,0.0078125
terminal46,P8/I1,203,s8,activePotential,8.029872339970767e-19,2,92,z,8.029872339970767e-19,-1.1267149562425522e-22,-1.1911400820763599e-21,0.00390625,0.0078125
terminal46,P8/I1,203,s8,total,5.244828009398628e-18,7,498,y,-5.244828009398628e-18,-8.180098757654523e-23,-2.481541837659083e-22,0.00390625,0.0078125
terminal46,P8/I1,203,s9,matrix,2.034864306880448e-21,7,498,z,-2.034864306880448e-21,-1.8107081326225913e-26,-1.1571642846505978e-25,0.001953125,0.00390625
terminal46,P8/I1,203,s9,volume,7.589415207398531e-19,7,498,y,-7.589415207398531e-19,-2.0604667657426524e-23,1.41654679899706e-22,0.001953125,0.00390625
terminal46,P8/I1,203,s9,passiveFiber,0,0,67,x,0,0.0,0,0.001953125,0.00390625
terminal46,P8/I1,203,s9,activePotential,5.89534931288993e-19,7,498,z,-5.89534931288993e-19,-1.0508709984072803e-23,-4.756288522179909e-22,0.001953125,0.00390625
terminal46,P8/I1,203,s9,total,9.84252284709497e-19,7,498,y,-9.84252284709497e-19,-4.3195636822360036e-23,-3.5486048278524887e-22,0.001953125,0.00390625
terminal46,P8/I1,203,s10,matrix,3.8422539453088135e-22,7,498,z,-3.8422539453088135e-22,-6.4072044401817104e-27,-2.506684412430287e-26,0.0009765625,0.001953125
terminal46,P8/I1,203,s10,volume,1.9439406139486193e-19,7,498,y,-1.9439406139486193e-19,-4.0601376614130116e-25,2.5487502624290165e-23,0.0009765625,0.001953125
terminal46,P8/I1,203,s10,passiveFiber,0,0,67,x,0,0.0,0,0.0009765625,0.001953125
terminal46,P8/I1,203,s10,activePotential,9.550296480292236e-20,7,498,z,-9.550296480292236e-20,-2.0844795956793866e-24,-8.664716916492965e-23,0.0009765625,0.001953125
terminal46,P8/I1,203,s10,total,2.303929616531697e-19,7,498,y,-2.303929616531697e-19,-1.2134523277404488e-25,-5.73856549958663e-23,0.0009765625,0.001953125
terminal46,P8/I1,203,s11,matrix,2.4505225646883445e-23,7,498,z,-2.4505225646883445e-23,-6.078596349254229e-28,-1.3505298697383722e-27,0.00048828125,0.0009765625
terminal46,P8/I1,203,s11,volume,2.1546400595781265e-20,7,498,y,-2.1546400595781265e-20,-1.767689696409501e-25,3.389501806906742e-24,0.00048828125,0.0009765625
terminal46,P8/I1,203,s11,passiveFiber,0,0,67,x,0,0.0,0,0.00048828125,0.0009765625
terminal46,P8/I1,203,s11,activePotential,9.873227791432938e-21,7,498,z,-9.873227791432938e-21,-2.56315903880173e-25,-9.422104164861831e-24,0.00048828125,0.0009765625
terminal46,P8/I1,203,s11,total,3.102258169318875e-20,7,498,y,-3.102258169318875e-20,4.438260872014197e-26,-5.790264287871194e-24,0.00048828125,0.0009765625
terminal46,P8/I1,203,s12,matrix,1.1826097820094068e-24,7,498,z,1.1826097820094068e-24,1.2331007477752517e-29,9.702989134218445e-29,0.000244140625,0.00048828125
terminal46,P8/I1,203,s12,volume,3.2756352257099896e-22,7,498,y,3.2756352257099896e-22,2.0406128614507478e-27,-3.4331226595218434e-26,0.000244140625,0.00048828125
terminal46,P8/I1,203,s12,passiveFiber,0,0,67,x,0,0.0,0,0.000244140625,0.00048828125
terminal46,P8/I1,203,s12,activePotential,5.260868695837256e-22,7,498,z,5.260868695837256e-22,-4.826126223069959e-27,2.714186384939622e-25,0.000244140625,0.00048828125
terminal46,P8/I1,203,s12,total,9.496033432108758e-22,7,498,y,9.496033432108758e-22,-1.6438911935467895e-26,2.859589226989959e-25,0.000244140625,0.00048828125
terminal46,P8/I1,203,s13,matrix,1.627704037396827e-25,7,498,y,1.627704037396827e-25,1.1419568127190515e-30,8.38164711797325e-31,0.0001220703125,0.000244140625
terminal46,P8/I1,203,s13,volume,2.005912985441092e-22,7,498,y,2.005912985441092e-22,-4.588677024399532e-27,-2.1305555328209087e-26,0.0001220703125,0.000244140625
terminal46,P8/I1,203,s13,passiveFiber,0,0,67,x,0,0.0,0,0.0001220703125,0.000244140625
terminal46,P8/I1,203,s13,activePotential,3.0605682664462024e-23,7,498,z,3.0605682664462024e-23,2.6651946767239297e-27,4.0389678347315804e-26,0.0001220703125,0.000244140625
terminal46,P8/I1,203,s13,total,1.9893693731900316e-22,7,498,y,1.9893693731900316e-22,-8.88144887609318e-29,2.706108449270159e-26,0.0001220703125,0.000244140625
terminal46,P8/I1,203,s14,matrix,9.213895372981418e-27,7,498,z,9.213895372981418e-27,-2.0788297151076565e-31,8.936314941956774e-31,6.103515625e-05,0.0001220703125
terminal46,P8/I1,203,s14,volume,7.599721877830942e-24,7,498,y,7.599721877830942e-24,5.8151749124976394e-30,-1.1738250269688656e-27,6.103515625e-05,0.0001220703125
terminal46,P8/I1,203,s14,passiveFiber,0,0,67,x,0,0.0,0,6.103515625e-05,0.0001220703125
terminal46,P8/I1,203,s14,activePotential,5.2732764050255514e-24,5,495,z,-5.2732764050255514e-24,6.287794487145816e-28,3.3826355615876986e-27,6.103515625e-05,0.0001220703125
terminal46,P8/I1,203,s14,total,1.1839022517165209e-23,7,498,y,1.1839022517165209e-23,3.452413956260764e-28,9.718766352322865e-28,6.103515625e-05,0.0001220703125
terminal46,P8/I1,203,s15,matrix,2.9219407929386277e-27,7,498,y,2.9219407929386277e-27,-6.378928504638185e-33,-2.6192647243666408e-31,3.0517578125e-05,6.103515625e-05
terminal46,P8/I1,203,s15,volume,2.016252743098005e-24,7,498,y,2.016252743098005e-24,-7.316466806226551e-30,-1.4278382384500314e-28,3.0517578125e-05,6.103515625e-05
terminal46,P8/I1,203,s15,passiveFiber,0,0,67,x,0,0.0,0,3.0517578125e-05,6.103515625e-05
terminal46,P8/I1,203,s15,activePotential,3.360421238496675e-25,7,498,z,-3.360421238496675e-25,2.4088578462936816e-29,2.208810534618833e-28,3.0517578125e-05,6.103515625e-05
terminal46,P8/I1,203,s15,total,1.576813042679209e-24,7,498,y,1.576813042679209e-24,4.117737437100763e-29,-9.624103043696344e-29,3.0517578125e-05,6.103515625e-05
terminal46,P8/I1,203,s16,matrix,2.7219645534651012e-27,7,498,z,2.7219645534651012e-27,3.877904938630064e-32,1.6601516120617973e-31,1.52587890625e-05,3.0517578125e-05
terminal46,P8/I1,203,s16,volume,1.075981031172493e-24,7,498,y,1.075981031172493e-24,-1.4761935187088382e-29,-1.1221546376768893e-28,1.52587890625e-05,3.0517578125e-05
terminal46,P8/I1,203,s16,passiveFiber,0,0,67,x,0,0.0,0,1.52587890625e-05,3.0517578125e-05
terminal46,P8/I1,203,s16,activePotential,6.631985184629255e-25,7,498,z,6.631985184629255e-25,9.143307096445842e-30,4.871216089739748e-28,1.52587890625e-05,3.0517578125e-05
terminal46,P8/I1,203,s16,total,1.0848667604089025e-24,7,498,y,1.0848667604089025e-24,1.1925993281957583e-29,3.6958133409604403e-28,1.52587890625e-05,3.0517578125e-05
terminal46,P8/I1,203,s17,matrix,6.606710081225974e-29,7,498,z,-6.606710081225974e-29,-9.06246715279918e-34,-5.549085652265723e-33,7.62939453125e-06,1.52587890625e-05
terminal46,P8/I1,203,s17,volume,2.0194839173657902e-26,7,498,y,-2.0194839173657902e-26,5.857221265043778e-31,1.3065508742723008e-30,7.62939453125e-06,1.52587890625e-05
terminal46,P8/I1,203,s17,passiveFiber,0,0,67,x,0,0.0,0,7.62939453125e-06,1.52587890625e-05
terminal46,P8/I1,203,s17,activePotential,1.4136387421560532e-26,7,498,z,-1.4136387421560532e-26,-2.3953523114118214e-31,-8.776077570583756e-30,7.62939453125e-06,1.52587890625e-05
terminal46,P8/I1,203,s17,total,2.4334781204257772e-26,7,498,z,-2.4334781204257772e-26,1.391422066810558e-31,-7.518830502887769e-30,7.62939453125e-06,1.52587890625e-05
terminal46,P8/I1,203,s18,matrix,2.4047931657596782e-29,7,498,z,2.4047931657596782e-29,2.091241252442591e-34,1.5001188707453704e-33,3.814697265625e-06,7.62939453125e-06
terminal46,P8/I1,203,s18,volume,3.4331226595218434e-27,7,498,y,3.4331226595218434e-27,1.012870736145297e-31,-5.947271668267784e-31,3.814697265625e-06,7.62939453125e-06
terminal46,P8/I1,203,s18,passiveFiber,0,0,67,x,0,0.0,0,3.814697265625e-06,7.62939453125e-06
terminal46,P8/I1,203,s18,activePotential,4.392377520270594e-27,7,498,z,4.392377520270594e-27,1.813079881261331e-31,4.129193800766234e-30,3.814697265625e-06,7.62939453125e-06
terminal46,P8/I1,203,s18,total,5.7176638410418936e-27,7,498,z,5.7176638410418936e-27,1.1455257360009039e-31,3.478999851541103e-30,3.814697265625e-06,7.62939453125e-06
terminal46,P8/I1,203,s19,matrix,1.85890758232256e-30,7,498,z,-1.85890758232256e-30,-2.3948113090292066e-35,-1.0363158196849287e-34,1.9073486328125e-06,3.814697265625e-06
terminal46,P8/I1,203,s19,volume,5.758684608113386e-28,7,498,y,-5.758684608113386e-28,3.027249495287269e-32,7.222237291452134e-32,1.9073486328125e-06,3.814697265625e-06
terminal46,P8/I1,203,s19,passiveFiber,0,0,67,x,0,0.0,0,1.9073486328125e-06,3.814697265625e-06
terminal46,P8/I1,203,s19,activePotential,1.7197167733818057e-28,7,498,z,-1.7197167733818057e-28,-1.6263590310365496e-32,-3.2047474274603605e-31,1.9073486328125e-06,3.814697265625e-06
terminal46,P8/I1,203,s19,total,5.679798517591285e-28,7,498,z,-5.679798517591285e-28,3.2349564257960776e-33,-2.834968878138011e-31,1.9073486328125e-06,3.814697265625e-06
terminal46,P8/I1,203,s20,matrix,2.7415612758352302e-31,7,498,z,2.7415612758352302e-31,3.169093385640842e-36,1.6127782493281785e-35,9.5367431640625e-07,1.9073486328125e-06
terminal46,P8/I1,203,s20,volume,1.1221546376768893e-28,7,498,y,1.1221546376768893e-28,1.8951236601787618e-33,-1.7598184866838368e-32,9.5367431640625e-07,1.9073486328125e-06
terminal46,P8/I1,203,s20,passiveFiber,0,0,67,x,0,0.0,0,9.5367431640625e-07,1.9073486328125e-06
terminal46,P8/I1,203,s20,activePotential,4.476785637129242e-29,7,498,z,4.476785637129242e-29,2.532926421976372e-33,5.411863143728133e-32,9.5367431640625e-07,1.9073486328125e-06
terminal46,P8/I1,203,s20,total,1.2207622508295158e-28,7,498,y,1.2207622508295158e-28,1.911268878725664e-33,4.0107491091864187e-32,9.5367431640625e-07,1.9073486328125e-06
terminal46,P8/I1,203,core,matrix,1.2227398197705369e-32,7,498,x,1.2227398197705369e-32,5.735595803514293e-38,2.527312854267918e-37,0,9.5367431640625e-07
terminal46,P8/I1,203,core,volume,8.52955853770219e-30,7,498,y,8.52955853770219e-30,1.329914979902374e-34,-1.5768551419670494e-33,0,9.5367431640625e-07
terminal46,P8/I1,203,core,passiveFiber,0,0,67,x,0,0.0,0,0,9.5367431640625e-07
terminal46,P8/I1,203,core,activePotential,6.261583435191781e-30,7,498,z,6.261583435191781e-30,-4.783377419699482e-35,3.8879710752317324e-33,0,9.5367431640625e-07
terminal46,P8/I1,203,core,total,9.195159926482419e-30,7,498,y,9.195159926482419e-30,3.8368893742624946e-34,2.359264181874364e-33,0,9.5367431640625e-07
terminal46,P8/I1,206,s1,matrix,1.4859854666204875e-11,7,505,y,-1.4859854666204875e-11,-2.608632741738333e-16,-1.1043912027833107e-16,0.5,1
terminal46,P8/I1,206,s1,volume,1.4073878062959011e-08,7,505,y,-1.4073878062959011e-08,-2.256847555438392e-13,-1.0315229573287787e-13,0.5,1
terminal46,P8/I1,206,s1,passiveFiber,0,0,76,x,0,0.0,0,0.5,1
terminal46,P8/I1,206,s1,activePotential,1.0267342531733448e-12,8,500,z,1.0267342531733448e-12,4.455531738441734e-18,8.534839501805891e-16,0.5,1
terminal46,P8/I1,206,s1,total,1.4088536559597742e-08,7,505,y,-1.4088536559597742e-08,-2.2580179992914662e-13,-1.0250481019546953e-13,0.5,1
terminal46,P8/I1,206,s2,matrix,2.2970687851842087e-13,7,505,y,-2.2970687851842087e-13,-4.196892856410367e-18,-1.2989250246144696e-18,0.25,0.5
terminal46,P8/I1,206,s2,volume,1.9548807017599756e-10,7,505,y,-1.9548807017599756e-10,-3.3993300413344966e-15,-1.1364607171993057e-15,0.25,0.5
terminal46,P8/I1,206,s2,passiveFiber,0,0,76,x,0,0.0,0,0.25,0.5
terminal46,P8/I1,206,s2,activePotential,2.7355895326763857e-13,7,505,z,-2.7355895326763857e-13,-1.772256650718034e-18,1.5655879370690684e-16,0.25,0.5
terminal46,P8/I1,206,s2,total,1.9611690049714525e-10,7,505,y,-1.9611690049714525e-10,-3.3721709596275318e-15,-9.8207032783737e-16,0.25,0.5
terminal46,P8/I1,206,s3,matrix,1.427243739859918e-15,7,505,y,-1.427243739859918e-15,-3.393350707411417e-20,-1.7456819647319096e-20,0.125,0.25
terminal46,P8/I1,206,s3,volume,1.113775738303957e-12,7,505,y,-1.113775738303957e-12,-2.3035418578864654e-17,-1.9353008778866254e-17,0.125,0.25
terminal46,P8/I1,206,s3,passiveFiber,0,0,76,x,0,0.0,0,0.125,0.25
terminal46,P8/I1,206,s3,activePotential,1.454392162258955e-14,7,505,z,1.454392162258955e-14,-9.631738061591782e-19,6.776263578034403e-18,0.125,0.25
terminal46,P8/I1,206,s3,total,1.0809131367750524e-12,7,505,y,-1.0809131367750524e-12,-2.72125892209026e-17,-1.1411227865409934e-17,0.125,0.25
terminal46,P8/I1,206,s4,matrix,4.815399245799643e-16,7,505,z,-4.815399245799643e-16,-1.443390119712882e-20,-9.909623738385272e-21,0.0625,0.125
terminal46,P8/I1,206,s4,volume,1.197930643570544e-13,7,505,y,-1.197930643570544e-13,-1.2461038999464798e-18,-4.346973085309069e-18,0.0625,0.125
terminal46,P8/I1,206,s4,passiveFiber,0,0,76,x,0,0.0,0,0.0625,0.125
terminal46,P8/I1,206,s4,activePotential,2.5618396293225487e-14,7,505,z,-2.5618396293225487e-14,-7.830167515259978e-19,9.073416930988065e-18,0.0625,0.125
terminal46,P8/I1,206,s4,total,1.2723155862204294e-13,7,505,y,-1.2723155862204294e-13,-2.1181045774107816e-18,4.6485168145316e-18,0.0625,0.125
terminal46,P8/I1,206,s5,matrix,5.483447778552005e-17,7,505,z,-5.483447778552005e-17,-1.9376820247206106e-21,-1.7035784715529605e-21,0.03125,0.0625
terminal46,P8/I1,206,s5,volume,3.2210345501937354e-14,7,505,y,-3.2210345501937354e-14,-3.74298259438345e-19,-1.1943164556285635e-18,0.03125,0.0625
terminal46,P8/I1,206,s5,passiveFiber,0,0,76,x,0,0.0,0,0.03125,0.0625
terminal46,P8/I1,206,s5,activePotential,3.0149494012476907e-15,7,505,z,-3.0149494012476907e-15,-8.757814885229499e-20,1.4772254600114998e-18,0.03125,0.0625
terminal46,P8/I1,206,s5,total,2.957356581845261e-14,7,505,y,-2.957356581845261e-14,-8.065076315626413e-19,2.922263668027336e-19,0.03125,0.0625
terminal46,P8/I1,206,s6,matrix,5.374860801691964e-18,7,505,z,5.374860801691964e-18,2.0839354069648608e-22,1.4816872722356108e-22,0.015625,0.03125
terminal46,P8/I1,206,s6,volume,2.3939183968479938e-15,7,505,y,2.3939183968479938e-15,4.229453526713343e-20,8.205631676526035e-20,0.015625,0.03125
terminal46,P8/I1,206,s6,passiveFiber,0,0,76,x,0,0.0,0,0.015625,0.03125
terminal46,P8/I1,206,s6,activePotential,2.409097227262791e-16,7,505,z,2.409097227262791e-16,8.74818814964444e-21,-1.1032604137987262e-19,0.015625,0.03125
terminal46,P8/I1,206,s6,total,2.6818824938601438e-15,7,505,y,2.6818824938601438e-15,4.4811898125863945e-20,-2.175815883259484e-20,0.015625,0.03125
terminal46,P8/I1,206,s7,matrix,3.705769144237564e-19,7,505,y,3.705769144237564e-19,9.071776277759099e-24,1.1341421679926278e-23,0.0078125,0.015625
terminal46,P8/I1,206,s7,volume,2.714842239903703e-16,7,505,y,2.714842239903703e-16,6.0381005715453255e-21,9.661469554619363e-21,0.0078125,0.015625
terminal46,P8/I1,206,s7,passiveFiber,0,0,76,x,0,0.0,0,0.0078125,0.015625
terminal46,P8/I1,206,s7,activePotential,8.375461782450522e-18,7,505,z,8.375461782450522e-18,2.0766230522931219e-22,-6.45862622281404e-21,0.0078125,0.015625
terminal46,P8/I1,206,s7,total,3.0097452308197603e-16,7,505,y,3.0097452308197603e-16,5.380160714091717e-21,2.6734477397713854e-21,0.0078125,0.015625
terminal46,P8/I1,206,s8,matrix,1.7969361434372266e-20,7,505,z,-1.7969361434372266e-20,-2.0499839993597337e-25,-1.0743654440386004e-25,0.00390625,0.0078125
terminal46,P8/I1,206,s8,volume,1.1600963245594897e-17,7,505,y,1.1600963245594897e-17,1.635427862871652e-23,2.721424215299461e-22,0.00390625,0.0078125
terminal46,P8/I1,206,s8,passiveFiber,0,0,76,x,0,0.0,0,0.00390625,0.0078125
terminal46,P8/I1,206,s8,activePotential,4.506215279392878e-19,7,505,z,-4.506215279392878e-19,1.5143291683931348e-23,3.854661654497109e-22,0.00390625,0.0078125
terminal46,P8/I1,206,s8,total,1.1600963245594897e-17,7,505,y,1.1600963245594897e-17,4.9266182503507095e-22,4.7976475528075605e-22,0.00390625,0.0078125
terminal46,P8/I1,206,s9,matrix,3.0710114216796844e-21,7,505,z,-3.0710114216796844e-21,-1.0883881846234776e-25,-9.319918278643122e-26,0.001953125,0.00390625
terminal46,P8/I1,206,s9,volume,1.3484764520288461e-18,7,505,y,-1.3484764520288461e-18,-4.172252928278458e-23,-5.624828165360588e-23,0.001953125,0.00390625
terminal46,P8/I1,206,s9,passiveFiber,0,0,76,x,0,0.0,0,0.001953125,0.00390625
terminal46,P8/I1,206,s9,activePotential,1.8211208365967457e-19,7,505,z,-1.8211208365967457e-19,-3.2328967370389057e-24,6.927637630131607e-23,0.001953125,0.00390625
terminal46,P8/I1,206,s9,total,1.3213713977167085e-18,7,505,y,-1.3213713977167085e-18,-2.485540731765521e-23,1.7577588016751838e-23,0.001953125,0.00390625
terminal46,P8/I1,206,s10,matrix,1.0902563590875683e-21,7,505,z,-1.0902563590875683e-21,-4.4436353298545693e-26,-3.5391455651835474e-26,0.0009765625,0.001953125
terminal46,P8/I1,206,s10,volume,4.836558128822055e-19,7,505,y,-4.836558128822055e-19,-2.0804413488509808e-23,-2.2269253053576042e-23,0.0009765625,0.001953125
terminal46,P8/I1,206,s10,passiveFiber,0,0,76,x,0,0.0,0,0.0009765625,0.001953125
terminal46,P8/I1,206,s10,activePotential,6.220398206398768e-20,7,505,z,-6.220398206398768e-20,-1.8246964346056155e-24,2.752960476153045e-23,0.0009765625,0.001953125
terminal46,P8/I1,206,s10,total,6.2765141391543655e-19,7,505,y,-6.2765141391543655e-19,-1.2335247275815971e-23,5.7644148937289116e-24,0.0009765625,0.001953125
terminal46,P8/I1,206,s11,matrix,5.199969138825173e-23,7,505,z,5.199969138825173e-23,1.932851846846839e-27,1.135959703518257e-27,0.00048828125,0.0009765625
terminal46,P8/I1,206,s11,volume,7.940933880509066e-21,1,92,y,-7.940933880509066e-21,1.2290141225895037e-24,5.202190571134276e-25,0.00048828125,0.0009765625
terminal46,P8/I1,206,s11,passiveFiber,0,0,76,x,0,0.0,0,0.00048828125,0.0009765625
terminal46,P8/I1,206,s11,activePotential,3.0043199847925965e-21,7,505,z,3.0043199847925965e-21,3.827270343877547e-26,-6.526972020926234e-25,0.00048828125,0.0009765625
terminal46,P8/I1,206,s11,total,1.8422966602781032e-20,7,505,y,1.8422966602781032e-20,-3.718530884033223e-25,-2.6818746422617694e-25,0.00048828125,0.0009765625
terminal46,P8/I1,206,s12,matrix,4.027608237696398e-24,7,505,z,4.027608237696398e-24,-9.60014905982301e-30,2.5046333740767125e-29,0.000244140625,0.00048828125
terminal46,P8/I1,206,s12,volume,1.0058516248644817e-21,1,92,y,1.0058516248644817e-21,-9.21688906858528e-26,-5.533385933582265e-26,0.000244140625,0.00048828125
terminal46,P8/I1,206,s12,passiveFiber,0,0,76,x,0,0.0,0,0.000244140625,0.00048828125
terminal46,P8/I1,206,s12,activePotential,2.928219368437718e-22,7,505,z,2.928219368437718e-22,2.786513333603879e-27,-7.270142102516845e-27,0.000244140625,0.00048828125
terminal46,P8/I1,206,s12,total,2.2234614865425384e-21,7,505,y,-2.2234614865425384e-21,5.706422248048565e-27,-6.179620787139318e-26,0.000244140625,0.00048828125
terminal46,P8/I1,206,s13,matrix,9.746029385207304e-25,7,505,x,-9.746029385207304e-25,-1.2102487100832056e-29,-1.3509243001909827e-29,0.0001220703125,0.000244140625
terminal46,P8/I1,206,s13,volume,5.757177063369073e-22,7,505,y,-5.757177063369073e-22,-3.2070208383401327e-27,-1.3959682578791025e-26,0.0001220703125,0.000244140625
terminal46,P8/I1,206,s13,passiveFiber,0,0,76,x,0,0.0,0,0.0001220703125,0.000244140625
terminal46,P8/I1,206,s13,activePotential,3.608575422262583e-23,7,505,z,-3.608575422262583e-23,-8.57112368548107e-28,9.390600215750925e-27,0.0001220703125,0.000244140625
terminal46,P8/I1,206,s13,total,5.145063410079832e-22,7,505,y,-5.145063410079832e-22,-1.2352958760997118e-26,-5.604067870690068e-27,0.0001220703125,0.000244140625
terminal46,P8/I1,206,s14,matrix,1.1498397111456207e-25,7,505,z,1.1498397111456207e-25,3.2159250290081954e-30,8.227572722422272e-31,6.103515625e-05,0.0001220703125
terminal46,P8/I1,206,s14,volume,4.3220187005895696e-23,7,505,y,-4.3220187005895696e-23,6.9673231557082865e-28,-6.721094912483021e-28,6.103515625e-05,0.0001220703125
terminal46,P8/I1,206,s14,passiveFiber,0,0,76,x,0,0.0,0,6.103515625e-05,0.0001220703125
terminal46,P8/I1,206,s14,activePotential,4.691665036824204e-24,1,92,z,-4.691665036824204e-24,3.7246686950920596e-28,-1.337908095254836e-27,6.103515625e-05,0.0001220703125
terminal46,P8/I1,206,s14,total,5.37667398159468e-23,7,505,y,-5.37667398159468e-23,5.603028375222483e-28,-2.394981708250992e-27,6.103515625e-05,0.0001220703125
terminal46,P8/I1,206,s15,matrix,1.51376491255123e-26,7,505,z,1.51376491255123e-26,5.467081360897723e-31,4.125341940877459e-31,3.0517578125e-05,6.103515625e-05
terminal46,P8/I1,206,s15,volume,3.412120026781239e-24,7,505,y,3.412120026781239e-24,1.600594734339008e-28,2.409970065450191e-28,3.0517578125e-05,6.103515625e-05
terminal46,P8/I1,206,s15,passiveFiber,0,0,76,x,0,0.0,0,3.0517578125e-05,6.103515625e-05
terminal46,P8/I1,206,s15,activePotential,6.397725050214823e-25,7,505,z,6.397725050214823e-25,2.503516683240454e-29,-3.541985464442343e-28,3.0517578125e-05,6.103515625e-05
terminal46,P8/I1,206,s15,total,4.3685476100456774e-24,7,505,y,4.3685476100456774e-24,1.6114437242944154e-28,-1.329230625297405e-28,3.0517578125e-05,6.103515625e-05
terminal46,P8/I1,206,s16,matrix,5.065959962740363e-27,7,505,z,5.065959962740363e-27,1.44386856023784e-31,8.459647280720933e-32,1.52587890625e-05,3.0517578125e-05
terminal46,P8/I1,206,s16,volume,1.8740810753154533e-25,7,505,y,-1.8740810753154533e-25,-8.027712058017468e-30,-1.0846837446788912e-30,1.52587890625e-05,3.0517578125e-05
terminal46,P8/I1,206,s16,passiveFiber,0,0,76,x,0,0.0,0,1.52587890625e-05,3.0517578125e-05
terminal46,P8/I1,206,s16,activePotential,1.1672617042374267e-25,7,505,z,1.1672617042374267e-25,5.115401457155097e-30,-5.807988414689699e-29,1.52587890625e-05,3.0517578125e-05
terminal46,P8/I1,206,s16,total,2.5849394142282115e-25,7,505,y,-2.5849394142282115e-25,3.977760933908456e-30,-5.807988414689699e-29,1.52587890625e-05,3.0517578125e-05
terminal46,P8/I1,206,s17,matrix,1.1579307123238266e-27,7,505,z,1.1579307123238266e-27,3.9717192080855174e-32,2.9803765889392475e-32,7.62939453125e-06,1.52587890625e-05
terminal46,P8/I1,206,s17,volume,4.620579202932928e-25,7,505,y,4.620579202932928e-25,1.1828121238578407e-29,1.4834282803648245e-29,7.62939453125e-06,1.52587890625e-05
terminal46,P8/I1,206,s17,passiveFiber,0,0,76,x,0,0.0,0,7.62939453125e-06,1.52587890625e-05
terminal46,P8/I1,206,s17,activePotential,5.846405940773963e-26,7,505,z,5.846405940773963e-26,1.9839321832704705e-30,-2.01159530831358e-29,7.62939453125e-06,1.52587890625e-05
terminal46,P8/I1,206,s17,total,4.838683466008433e-25,7,505,y,4.838683466008433e-25,1.0881256665116098e-29,-5.374114916818143e-30,7.62939453125e-06,1.52587890625e-05
terminal46,P8/I1,206,s18,matrix,7.357273869502845e-29,7,505,z,-7.357273869502845e-29,-2.686274646514875e-33,-1.9612888144599703e-33,3.814697265625e-06,7.62939453125e-06
terminal46,P8/I1,206,s18,volume,3.7007042785728106e-26,7,505,y,-3.7007042785728106e-26,-5.6284470203571975e-31,-1.1262838314776555e-30,3.814697265625e-06,7.62939453125e-06
terminal46,P8/I1,206,s18,passiveFiber,0,0,76,x,0,0.0,0,3.814697265625e-06,7.62939453125e-06
terminal46,P8/I1,206,s18,activePotential,4.414465625616782e-27,7,505,z,-4.414465625616782e-27,-1.5751709870033761e-31,1.435973366535123e-30,3.814697265625e-06,7.62939453125e-06
terminal46,P8/I1,206,s18,total,3.513902016216475e-26,7,505,y,-3.513902016216475e-26,-8.704686443629704e-31,3.5822296965602587e-31,3.814697265625e-06,7.62939453125e-06
terminal46,P8/I1,206,s19,matrix,1.4323514145334598e-29,7,505,z,1.4323514145334598e-29,4.741006793751866e-34,3.801078532818949e-34,1.9073486328125e-06,3.814697265625e-06
terminal46,P8/I1,206,s19,volume,5.824948924151951e-27,7,505,y,5.824948924151951e-27,1.1750690153309718e-31,2.136819273297638e-31,1.9073486328125e-06,3.814697265625e-06
terminal46,P8/I1,206,s19,passiveFiber,0,0,76,x,0,0.0,0,1.9073486328125e-06,3.814697265625e-06
terminal46,P8/I1,206,s19,activePotential,7.332462114029305e-28,7,505,z,7.332462114029305e-28,2.6123027530664415e-32,-2.7945243493058792e-31,1.9073486328125e-06,3.814697265625e-06
terminal46,P8/I1,206,s19,total,5.99534287967969e-27,7,505,y,5.99534287967969e-27,1.3026137371449243e-31,-7.732608726714752e-32,1.9073486328125e-06,3.814697265625e-06
terminal46,P8/I1,206,s20,matrix,1.6893159090243425e-30,7,505,z,-1.6893159090243425e-30,-3.969751765366903e-35,-1.966602048925687e-35,9.5367431640625e-07,1.9073486328125e-06
terminal46,P8/I1,206,s20,volume,1.3805065841367707e-28,1,92,y,-1.3805065841367707e-28,1.3752920189381118e-32,4.9231584203398716e-33,9.5367431640625e-07,1.9073486328125e-06
terminal46,P8/I1,206,s20,passiveFiber,0,0,76,x,0,0.0,0,9.5367431640625e-07,1.9073486328125e-06
terminal46,P8/I1,206,s20,activePotential,8.968362416231378e-29,7,505,z,-8.968362416231378e-29,-2.0867846808562773e-33,1.9090780573738475e-32,9.5367431640625e-07,1.9073486328125e-06
terminal46,P8/I1,206,s20,total,2.469134633341767e-28,7,505,y,2.469134633341767e-28,1.4880885805387833e-33,2.423060611282191e-32,9.5367431640625e-07,1.9073486328125e-06
terminal46,P8/I1,206,core,matrix,9.178936975966494e-32,7,505,z,-9.178936975966494e-32,-2.1543739490532363e-36,-1.077046698940921e-36,0,9.5367431640625e-07
terminal46,P8/I1,206,core,volume,1.064962222048366e-29,7,505,y,1.064962222048366e-29,5.322888719186055e-34,1.8356519782440842e-34,0,9.5367431640625e-07
terminal46,P8/I1,206,core,passiveFiber,0,0,76,x,0,0.0,0,0,9.5367431640625e-07
terminal46,P8/I1,206,core,activePotential,5.706915611208257e-30,7,505,z,-5.706915611208257e-30,-1.015689465535799e-34,1.6400497182672555e-33,0,9.5367431640625e-07
terminal46,P8/I1,206,core,total,1.8242408433235898e-29,7,505,y,1.8242408433235898e-29,4.6974111606888786e-35,1.804054690093981e-33,0,9.5367431640625e-07
terminal46,P8/I1,246,s1,matrix,5.174917439010329e-11,4,505,y,-5.174917439010329e-11,-1.1931654549023176e-15,-3.896283794734001e-16,0.5,1
terminal46,P8/I1,246,s1,volume,1.9467873313416817e-08,4,505,y,-1.9467873313416817e-08,-4.464787477710057e-13,-1.455892698065675e-13,0.5,1
terminal46,P8/I1,246,s1,passiveFiber,1.4921397450962104e-13,6,573,z,1.4921397450962104e-13,1.2383545680662803e-17,2.255140518769849e-16,0.5,1
terminal46,P8/I1,246,s1,activePotential,0,0,92,x,0,0.0,6.036837696399289e-16,0.5,1
terminal46,P8/I1,246,s1,total,1.9519887262120506e-08,4,505,y,-1.9519887262120506e-08,-4.476432065451062e-13,-1.4636902800901908e-13,0.5,1
terminal46,P8/I1,246,s2,matrix,7.611133945317761e-13,4,505,y,-7.611133945317761e-13,-1.799855732633713e-17,-3.9666552919918885e-18,0.25,0.5
terminal46,P8/I1,246,s2,volume,2.6972557520821283e-10,4,505,y,-2.6972557520821283e-10,-6.367149049059163e-15,-1.415425936179826e-15,0.25,0.5
terminal46,P8/I1,246,s2,passiveFiber,6.772360450213455e-14,4,505,z,6.772360450213455e-14,-9.372839829013402e-19,-3.165870343657673e-17,0.25,0.5
terminal46,P8/I1,246,s2,activePotential,0,0,92,x,0,0.0,8.716985466783456e-17,0.25,0.5
terminal46,P8/I1,246,s2,total,2.703828272387909e-10,4,505,y,-2.703828272387909e-10,-6.384553153001924e-15,-1.510944147575799e-15,0.25,0.5
terminal46,P8/I1,246,s3,matrix,3.734859643778066e-15,4,505,y,-3.734859643778066e-15,-8.009651262763156e-20,-2.763444990417155e-20,0.125,0.25
terminal46,P8/I1,246,s3,volume,1.2518874825673265e-12,4,505,y,-1.2518874825673265e-12,-3.0196020317769047e-17,-2.520770051028798e-18,0.125,0.25
terminal46,P8/I1,246,s3,passiveFiber,2.220446049250313e-15,4,505,z,2.220446049250313e-15,-2.04155444290211e-19,5.421010862427522e-20,0.125,0.25
terminal46,P8/I1,246,s3,activePotential,0,0,92,x,0,0.0,4.065758146820642e-18,0.125,0.25
terminal46,P8/I1,246,s3,total,1.270095140171179e-12,4,505,y,-1.270095140171179e-12,-2.8625250632698784e-17,-1.1384122811097797e-17,0.125,0.25
terminal46,P8/I1,246,s4,matrix,2.313416385540945e-17,4,505,z,-2.313416385540945e-17,-3.7363365439259092e-22,3.970466940254533e-22,0.0625,0.125
terminal46,P8/I1,246,s4,volume,4.954370247389761e-15,4,505,y,-4.954370247389761e-15,-2.1280265900136024e-20,-4.523685333929998e-20,0.0625,0.125
terminal46,P8/I1,246,s4,passiveFiber,1.0061396160665481e-15,4,505,z,-1.0061396160665481e-15,9.757222542952526e-21,5.421010862427522e-19,0.0625,0.125
terminal46,P8/I1,246,s4,activePotential,0,0,92,x,0,0.0,1.179069862577986e-18,0.0625,0.125
terminal46,P8/I1,246,s4,total,3.1225022567582528e-15,4,505,y,-3.1225022567582528e-15,-1.4877914446058588e-19,9.351243737687476e-19,0.0625,0.125
terminal46,P8/I1,246,s5,matrix,1.4301304281441607e-17,4,505,z,-1.4301304281441607e-17,-6.252957248887139e-22,-2.9778502051908996e-23,0.03125,0.0625
terminal46,P8/I1,246,s5,volume,8.469787371456761e-16,4,505,y,8.469787371456761e-16,1.828073803783788e-20,4.098679935200252e-22,0.03125,0.0625
terminal46,P8/I1,246,s5,passiveFiber,1.196959198423997e-16,4,505,z,-1.196959198423997e-16,5.7441175602346345e-21,-2.541098841762901e-20,0.03125,0.0625
terminal46,P8/I1,246,s5,activePotential,0,0,92,x,0,0.0,2.964615315390051e-20,0.03125,0.0625
terminal46,P8/I1,246,s5,total,8.808058449272238e-16,4,505,y,8.808058449272238e-16,1.555484763681811e-20,-2.896852679609707e-19,0.03125,0.0625
terminal46,P8/I1,246,s6,matrix,2.699599882017862e-18,4,505,z,-2.699599882017862e-18,-7.68438270667417e-23,-5.624828165360588e-23,0.015625,0.03125
terminal46,P8/I1,246,s6,volume,3.741039596161233e-16,4,505,y,-3.741039596161233e-16,-7.569846200080103e-21,-3.5383943171662873e-22,0.015625,0.03125
terminal46,P8/I1,246,s6,passiveFiber,4.412702842016003e-17,4,505,z,-4.412702842016003e-17,-6.880635809368814e-22,2.4669834588781497e-20,0.015625,0.03125
terminal46,P8/I1,246,s6,activePotential,0,0,92,x,0,0.0,-3.1763735522036263e-22,0.015625,0.03125
terminal46,P8/I1,246,s6,total,3.7795287732844685e-16,4,505,y,-3.7795287732844685e-16,-7.383131847727654e-21,-1.7575933655526732e-20,0.015625,0.03125
terminal46,P8/I1,246,s7,matrix,2.600391148070702e-19,4,505,y,-2.600391148070702e-19,-4.871314412875706e-24,-1.0856745539758488e-23,0.0078125,0.015625
terminal46,P8/I1,246,s7,volume,9.719872476332547e-17,4,505,y,-9.719872476332547e-17,-1.7918604765608745e-21,-1.2093639049466687e-22,0.0078125,0.015625
terminal46,P8/I1,246,s7,passiveFiber,3.7269449679189215e-18,4,505,z,-3.7269449679189215e-18,-9.964963403512393e-23,2.2565487110446595e-21,0.0078125,0.015625
terminal46,P8/I1,246,s7,activePotential,0,0,92,x,0,0.0,3.970466940254533e-23,0.0078125,0.015625
terminal46,P8/I1,246,s7,total,9.704964696460872e-17,4,505,y,-9.704964696460872e-17,-1.864231875581914e-21,1.376428539288238e-21,0.0078125,0.015625
terminal46,P8/I1,246,s8,matrix,6.530425499983643e-20,4,505,z,-6.530425499983643e-20,-2.3498603225128756e-24,-1.3183191012563879e-24,0.00390625,0.0078125
terminal46,P8/I1,246,s8,volume,1.9363173174233306e-18,4,505,y,-1.9363173174233306e-18,-3.946749215589822e-23,-2.6802590551278768e-24,0.00390625,0.0078125
terminal46,P8/I1,246,s8,passiveFiber,7.403067959002585e-19,4,505,z,7.403067959002585e-19,9.499852035016827e-24,-5.633099971486118e-22,0.00390625,0.0078125
terminal46,P8/I1,246,s8,activePotential,0,0,92,x,0,0.0,3.523789409475898e-22,0.00390625,0.0078125
terminal46,P8/I1,246,s8,total,2.087089182034596e-18,4,505,y,-2.087089182034596e-18,-2.8550877247242e-23,-6.0218748593860415e-22,0.00390625,0.0078125
terminal46,P8/I1,246,s9,matrix,2.567568621364598e-21,4,505,y,2.567568621364598e-21,4.2856365519339216e-26,3.1907845894379486e-26,0.001953125,0.00390625
terminal46,P8/I1,246,s9,volume,8.082811899174161e-19,4,505,y,8.082811899174161e-19,1.2700376951108658e-23,1.3080197332778223e-24,0.001953125,0.00390625
terminal46,P8/I1,246,s9,passiveFiber,8.978549240895584e-20,4,505,z,8.978549240895584e-20,-2.7137770252235965e-25,-2.6573177178266014e-23,0.001953125,0.00390625
terminal46,P8/I1,246,s9,activePotential,0,0,92,x,0,0.0,3.908428394313056e-23,0.001953125,0.00390625
terminal46,P8/I1,246,s9,total,8.118810799432469e-19,4,505,y,8.118810799432469e-19,1.6637233781231657e-23,-1.4475660719677984e-23,0.001953125,0.00390625
terminal46,P8/I1,246,s10,matrix,9.617396337606772e-22,4,505,z,-9.617396337606772e-22,-2.6629045340803133e-26,-8.986703432277766e-27,0.0009765625,0.001953125
terminal46,P8/I1,246,s10,volume,3.380190855136692e-20,4,505,y,3.380190855136692e-20,4.89460691398262e-25,5.578824321722995e-26,0.0009765625,0.001953125
terminal46,P8/I1,246,s10,passiveFiber,1.6437733132653766e-20,4,505,z,1.6437733132653766e-20,-6.947119783172236e-26,-8.323504913814841e-24,0.0009765625,0.001953125
terminal46,P8/I1,246,s10,activePotential,0,0,92,x,0,0.0,1.4217166778255163e-24,0.0009765625,0.001953125
terminal46,P8/I1,246,s10,total,2.736975210815458e-20,4,505,y,2.736975210815458e-20,1.1076575818855506e-24,-9.977866138920896e-24,0.0009765625,0.001953125
terminal46,P8/I1,246,s11,matrix,2.2273130462697384e-22,4,505,z,-2.2273130462697384e-22,-4.293144600268485e-27,-1.3126645462877636e-27,0.00048828125,0.0009765625
terminal46,P8/I1,246,s11,volume,9.800435897528272e-21,4,505,y,9.800435897528272e-21,1.8630535396758085e-25,1.7894520774033432e-26,0.00048828125,0.0009765625
terminal46,P8/I1,246,s11,passiveFiber,1.5881867761018131e-21,4,505,z,1.5881867761018131e-21,1.580614005475572e-26,-1.247233267365112e-24,0.00048828125,0.0009765625
terminal46,P8/I1,246,s11,activePotential,0,0,92,x,0,0.0,-9.693522803355793e-26,0.00048828125,0.0009765625
terminal46,P8/I1,246,s11,total,9.51588576681003e-21,4,505,y,9.51588576681003e-21,2.6380157601069377e-25,-1.7642211502107543e-24,0.00048828125,0.0009765625
terminal46,P8/I1,246,s12,matrix,1.088320077907598e-23,4,505,z,-1.088320077907598e-23,-2.3557700792625968e-28,-7.415292509077511e-29,0.000244140625,0.00048828125
terminal46,P8/I1,246,s12,volume,5.029258124322408e-22,4,505,y,-5.029258124322408e-22,-1.3455791759452856e-26,-1.0199971504507683e-27,0.000244140625,0.00048828125
terminal46,P8/I1,246,s12,passiveFiber,1.5675072607879874e-22,4,505,z,-1.5675072607879874e-22,-2.5545976119813066e-27,8.138520186984135e-26,0.000244140625,0.00048828125
terminal46,P8/I1,246,s12,activePotential,0,0,92,x,0,0.0,-1.2116903504194741e-26,0.000244140625,0.00048828125
terminal46,P8/I1,246,s12,total,5.562789619419111e-22,4,505,y,-5.562789619419111e-22,-1.5820609569971003e-26,1.6155871338926322e-27,0.000244140625,0.00048828125
terminal46,P8/I1,246,s13,matrix,1.236050375172699e-24,4,505,z,-1.236050375172699e-24,-4.5214749005109995e-29,-8.67746995743113e-30,0.0001220703125,0.000244140625
terminal46,P8/I1,246,s13,volume,1.943874439499615e-22,4,505,y,-1.943874439499615e-22,-4.182700084010535e-27,-3.6376348492003907e-28,0.0001220703125,0.000244140625
terminal46,P8/I1,246,s13,passiveFiber,3.934277788455338e-23,4,505,z,-3.934277788455338e-23,-3.0135145608251086e-28,2.6278534474722345e-26,0.0001220703125,0.000244140625
terminal46,P8/I1,246,s13,activePotential,0,0,92,x,0,0.0,9.996445390960662e-27,0.0001220703125,0.000244140625
terminal46,P8/I1,246,s13,total,2.001777082378327e-22,4,505,y,-2.001777082378327e-22,-4.4447069950075665e-27,1.5953922947189743e-26,0.0001220703125,0.000244140625
terminal46,P8/I1,246,s14,matrix,8.966508593104109e-26,4,505,y,8.966508593104109e-26,3.281665087753975e-30,2.9212505396465593e-30,6.103515625e-05,0.0001220703125
terminal46,P8/I1,246,s14,volume,3.309368685065668e-23,4,505,y,3.309368685065668e-23,6.834609244781666e-28,6.045262983838207e-29,6.103515625e-05,0.0001220703125
terminal46,P8/I1,246,s14,passiveFiber,3.8321726815933235e-24,4,505,z,3.8321726815933235e-24,9.999746473912075e-29,-2.8398992587956425e-27,6.103515625e-05,0.0001220703125
terminal46,P8/I1,246,s14,activePotential,0,0,92,x,0,0.0,2.076281902541703e-27,6.103515625e-05,0.0001220703125
terminal46,P8/I1,246,s14,total,3.4172899056096956e-23,4,505,y,3.4172899056096956e-23,6.721808901453906e-28,-1.602965359409096e-27,6.103515625e-05,0.0001220703125
terminal46,P8/I1,246,s15,matrix,2.4396706785317622e-26,4,505,z,2.4396706785317622e-26,-4.840411565087503e-32,-7.303126349116398e-31,3.0517578125e-05,6.103515625e-05
terminal46,P8/I1,246,s15,volume,7.786322191795541e-24,4,505,y,-7.786322191795541e-24,-1.4900620781834484e-28,-1.4149422115424144e-29,3.0517578125e-05,6.103515625e-05
terminal46,P8/I1,246,s15,passiveFiber,2.609173221236601e-25,4,505,z,2.609173221236601e-25,-2.8296061580229734e-30,-8.795799093214282e-29,3.0517578125e-05,6.103515625e-05
terminal46,P8/I1,246,s15,activePotential,0,0,92,x,0,0.0,2.1614788803055723e-28,3.0517578125e-05,6.103515625e-05
terminal46,P8/I1,246,s15,total,7.953535460153428e-24,4,505,y,-7.953535460153428e-24,-1.3567782365297084e-28,-9.781875224740546e-29,3.0517578125e-05,6.103515625e-05
terminal46,P8/I1,246,s16,matrix,4.576231414993666e-27,4,505,z,4.576231414993666e-27,1.4221993397697532e-31,6.952607099237921e-32,1.52587890625e-05,3.0517578125e-05
terminal46,P8/I1,246,s16,volume,7.195421197574311e-25,4,505,y,7.195421197574311e-25,1.303284200221206e-29,1.3181064539386242e-30,1.52587890625e-05,3.0517578125e-05
terminal46,P8/I1,246,s16,passiveFiber,9.754107320876767e-26,4,505,z,9.754107320876767e-26,1.0336146481163007e-30,-5.857292221266013e-29,1.52587890625e-05,3.0517578125e-05
terminal46,P8/I1,246,s16,activePotential,0,0,92,x,0,0.0,4.526089443705555e-29,1.52587890625e-05,3.0517578125e-05
terminal46,P8/I1,246,s16,total,6.952073385531733e-25,4,505,y,6.952073385531733e-25,1.653798949094363e-29,-2.544076419337763e-29,1.52587890625e-05,3.0517578125e-05
terminal46,P8/I1,246,s17,matrix,2.6382466898985214e-28,4,505,z,2.6382466898985214e-28,8.608836706675094e-33,4.405564747785802e-33,7.62939453125e-06,1.52587890625e-05
terminal46,P8/I1,246,s17,volume,2.8701915175561294e-26,4,505,y,-2.8701915175561294e-26,-5.035687032345672e-31,-5.197603437415053e-32,7.62939453125e-06,1.52587890625e-05
terminal46,P8/I1,246,s17,passiveFiber,1.0627534115137471e-26,4,505,z,-1.0627534115137471e-26,-1.744872393880788e-31,6.421820806564799e-30,7.62939453125e-06,1.52587890625e-05
terminal46,P8/I1,246,s17,activePotential,0,0,92,x,0,0.0,2.1816934410018608e-30,7.62939453125e-06,1.52587890625e-05
terminal46,P8/I1,246,s17,total,2.798247402999973e-26,4,505,y,-2.798247402999973e-26,-6.933121472976415e-31,5.374114916818143e-30,7.62939453125e-06,1.52587890625e-05
terminal46,P8/I1,246,s18,matrix,3.579456357440341e-29,4,505,y,-3.579456357440341e-29,-1.779518226672082e-33,-1.5347254244335786e-33,3.814697265625e-06,7.62939453125e-06
terminal46,P8/I1,246,s18,volume,1.2080615902554575e-26,4,505,y,-1.2080615902554575e-26,-2.286521932828416e-31,-2.1675739670970719e-32,3.814697265625e-06,7.62939453125e-06
terminal46,P8/I1,246,s18,passiveFiber,2.0194839173657902e-28,4,505,z,2.0194839173657902e-28,4.0122681217084444e-33,-1.6948183510607676e-31,3.814697265625e-06,7.62939453125e-06
terminal46,P8/I1,246,s18,activePotential,0,0,92,x,0,0.0,1.9721522630525295e-31,3.814697265625e-06,7.62939453125e-06
terminal46,P8/I1,246,s18,total,1.1970175375823633e-26,4,505,y,-1.1970175375823633e-26,-2.2479355454079556e-31,-3.6361557350031013e-31,3.814697265625e-06,7.62939453125e-06
terminal46,P8/I1,246,s19,matrix,2.6657759325235925e-30,4,505,z,-2.6657759325235925e-30,-1.156896326212658e-34,6.319457630020618e-35,1.9073486328125e-06,3.814697265625e-06
terminal46,P8/I1,246,s19,volume,9.417027056075828e-30,1,93,y,-9.417027056075828e-30,1.469450786055389e-33,-3.423039549594501e-35,1.9073486328125e-06,3.814697265625e-06
terminal46,P8/I1,246,s19,passiveFiber,1.8459345182171676e-28,4,505,z,-1.8459345182171676e-28,-1.0160691056030607e-33,1.0525207146076244e-31,1.9073486328125e-06,3.814697265625e-06
terminal46,P8/I1,246,s19,activePotential,0,0,92,x,0,0.0,3.774822690998982e-32,1.9073486328125e-06,3.814697265625e-06
terminal46,P8/I1,246,s19,total,1.433754695239189e-28,4,505,z,-1.433754695239189e-28,-3.0540180644649237e-33,9.128907936395498e-32,1.9073486328125e-06,3.814697265625e-06
terminal46,P8/I1,246,s20,matrix,1.0760290969913011e-30,4,505,z,1.0760290969913011e-30,3.055729640446936e-35,2.412114407887334e-35,9.5367431640625e-07,1.9073486328125e-06
terminal46,P8/I1,246,s20,volume,1.5779683294749052e-28,4,505,y,1.5779683294749052e-28,2.9168327771407228e-33,2.863739337473257e-34,9.5367431640625e-07,1.9073486328125e-06
terminal46,P8/I1,246,s20,passiveFiber,1.8488927466117464e-30,4,505,z,1.8488927466117464e-30,9.082997683385893e-35,-3.009265538105056e-34,9.5367431640625e-07,1.9073486328125e-06
terminal46,P8/I1,246,s20,activePotential,0,0,92,x,0,0.0,9.7018720948507e-33,9.5367431640625e-07,1.9073486328125e-06
terminal46,P8/I1,246,s20,total,1.5656423778308269e-28,4,505,y,1.5656423778308269e-28,3.2055907022761944e-33,4.959269606797132e-33,9.5367431640625e-07,1.9073486328125e-06
terminal46,P8/I1,246,core,matrix,7.010384997569539e-32,4,505,y,-7.010384997569539e-32,-2.6090924841770712e-36,-1.5634074865936424e-36,0,9.5367431640625e-07
terminal46,P8/I1,246,core,volume,4.076192208696697e-29,4,505,y,-4.076192208696697e-29,-8.164295982603838e-34,-7.544322743577441e-35,0,9.5367431640625e-07
terminal46,P8/I1,246,core,passiveFiber,6.56665073838272e-30,4,505,z,-6.56665073838272e-30,-8.601883832278098e-35,3.76158192263132e-33,0,9.5367431640625e-07
terminal46,P8/I1,246,core,activePotential,0,0,92,x,0,0.0,-5.416677968589101e-35,0,9.5367431640625e-07
terminal46,P8/I1,246,core,total,4.0866692675941635e-29,4,505,y,-4.0866692675941635e-29,-9.151809796243389e-34,2.6180610181513987e-33,0,9.5367431640625e-07
terminal46,P8/I1,247,s1,matrix,1.0818710580173807e-09,5,505,y,1.0818710580173807e-09,8.575041038075084e-14,6.614171965116031e-15,0.5,1
terminal46,P8/I1,247,s1,volume,3.986769403496737e-07,5,505,y,3.986769403496737e-07,3.063328704662434e-11,1.6212738616905309e-12,0.5,1
terminal46,P8/I1,247,s1,passiveFiber,1.4432899320127035e-13,9,575,z,1.4432899320127035e-13,-1.3518915410282175e-18,-1.734723475976807e-18,0.5,1
terminal46,P8/I1,247,s1,activePotential,0,0,92,x,0,0.0,-7.563394355258879e-16,0.5,1
terminal46,P8/I1,247,s1,total,3.997588287063536e-07,5,505,y,3.997588287063536e-07,3.071905579050682e-11,1.6275383818431521e-12,0.5,1
terminal46,P8/I1,247,s2,matrix,4.588123908577657e-10,5,505,y,4.588123908577657e-10,3.4652618869952195e-14,1.312729120555873e-15,0.25,0.5
terminal46,P8/I1,247,s2,volume,1.2481919320350698e-07,5,505,y,1.2481919320350698e-07,9.31673227911425e-12,1.71440823776986e-13,0.25,0.5
terminal46,P8/I1,247,s2,passiveFiber,2.2426505097428162e-14,6,573,z,-2.2426505097428162e-14,8.611560408429759e-19,-6.5052130349130266e-18,0.25,0.5
terminal46,P8/I1,247,s2,activePotential,0,0,92,x,0,0.0,-1.0104764247564901e-16,0.25,0.5
terminal46,P8/I1,247,s2,total,1.2527766379832883e-07,5,505,y,1.2527766379832883e-07,9.351422170050527e-12,1.7274549846124643e-13,0.25,0.5
terminal46,P8/I1,247,s3,matrix,1.8786926181402208e-10,5,505,y,1.8786926181402208e-10,1.3873846757602286e-14,2.6034256436042406e-16,0.125,0.25
terminal46,P8/I1,247,s3,volume,3.735328313325681e-08,5,505,y,3.735328313325681e-08,2.7451590846050325e-12,1.7538786178591947e-14,0.125,0.25
terminal46,P8/I1,247,s3,passiveFiber,9.43689570931383e-16,5,505,z,-9.43689570931383e-16,8.976698396528488e-20,9.486769009248164e-19,0.125,0.25
terminal46,P8/I1,247,s3,activePotential,0,0,92,x,0,0.0,-1.111307226797642e-17,0.125,0.25
terminal46,P8/I1,247,s3,total,3.754109556552976e-08,5,505,y,3.754109556552976e-08,2.759066834996728e-12,1.7806394379815682e-14,0.125,0.25
terminal46,P8/I1,247,s4,matrix,7.569883261893118e-11,5,505,y,7.569883261893118e-11,5.529707793145041e-15,5.162533464616952e-17,0.0625,0.125
terminal46,P8/I1,247,s4,volume,1.0841424646912401e-08,5,505,y,1.0841424646912401e-08,7.903143012247335e-13,1.7031189826488546e-15,0.0625,0.125
terminal46,P8/I1,247,s4,passiveFiber,1.8561541192951836e-15,5,505,z,-1.8561541192951836e-15,1.653428176529462e-22,6.2341624917916505e-19,0.0625,0.125
terminal46,P8/I1,247,s4,activePotential,0,0,92,x,0,0.0,-1.4772254600114998e-18,0.0625,0.125
terminal46,P8/I1,247,s4,total,1.0917050374814607e-08,5,505,y,1.0917050374814607e-08,7.958453363004919e-13,1.7563939668993611e-15,0.0625,0.125
terminal46,P8/I1,247,s5,matrix,3.026764949787264e-11,5,505,y,3.026764949787264e-11,2.199234184580356e-15,1.0243963524534305e-17,0.03125,0.0625
terminal46,P8/I1,247,s5,volume,3.0799212069609894e-09,5,505,y,3.0799212069609894e-09,2.235818538055652e-13,1.5322487202651391e-16,0.03125,0.0625
terminal46,P8/I1,247,s5,passiveFiber,5.811323644522304e-17,5,505,z,5.811323644522304e-17,-2.6764386492169726e-21,-2.541098841762901e-20,0.03125,0.0625
terminal46,P8/I1,247,s5,activePotential,0,0,92,x,0,0.0,-2.0921713797181218e-19,0.03125,0.0625
terminal46,P8/I1,247,s5,total,3.1101841102554317e-09,5,505,y,3.1101841102554317e-09,2.2578343233339389e-13,1.6335538607567535e-16,0.03125,0.0625
terminal46,P8/I1,247,s6,matrix,1.2056533722770713e-11,5,505,y,1.2056533722770713e-11,8.737195458650514e-16,2.0313322456648467e-18,0.015625,0.03125
terminal46,P8/I1,247,s6,volume,8.612617286019031e-10,5,505,y,8.612617286019031e-10,6.238780811217621e-14,1.1411227865409934e-17,0.015625,0.03125
terminal46,P8/I1,247,s6,passiveFiber,2.959871930885427e-17,5,505,z,-2.959871930885427e-17,-1.8637692205245296e-22,8.205631676526035e-21,0.015625,0.03125
terminal46,P8/I1,247,s6,activePotential,0,0,92,x,0,0.0,-2.583450489125616e-20,0.015625,0.03125
terminal46,P8/I1,247,s6,total,8.733085365975057e-10,5,505,y,8.733085365975057e-10,6.326236509833846e-14,1.3359403644094825e-17,0.015625,0.03125
terminal46,P8/I1,247,s7,matrix,4.794806262101159e-12,5,505,y,4.794806262101159e-12,3.470097017599759e-16,4.040744205097038e-19,0.0078125,0.015625
terminal46,P8/I1,247,s7,volume,2.3812471439121907e-10,5,505,y,2.3812471439121907e-10,1.7230159952196953e-14,6.526388858594384e-19,0.0078125,0.015625
terminal46,P8/I1,247,s7,passiveFiber,1.7889335846010823e-18,5,505,z,1.7889335846010823e-18,-3.758673336666863e-24,-1.0257039595657543e-21,0.0078125,0.015625
terminal46,P8/I1,247,s7,activePotential,0,0,92,x,0,0.0,-4.433688083284228e-21,0.0078125,0.015625
terminal46,P8/I1,247,s7,total,2.429184908780968e-10,5,505,y,2.429184908780968e-10,1.757723404562893e-14,1.0452386569118066e-18,0.0078125,0.015625
terminal46,P8/I1,247,s8,matrix,1.902676583995233e-12,5,505,y,1.902676583995233e-12,1.3761002212900853e-16,7.957105261484477e-20,0.00390625,0.0078125
terminal46,P8/I1,247,s8,volume,6.502486049608791e-11,5,505,y,6.502486049608791e-11,4.702444629761544e-15,-9.567501837033339e-20,0.00390625,0.0078125
terminal46,P8/I1,247,s8,passiveFiber,7.453889935837843e-20,5,505,z,-7.453889935837843e-20,2.917690313520574e-24,4.632211430296955e-23,0.00390625,0.0078125
terminal46,P8/I1,247,s8,activePotential,0,0,92,x,0,0.0,-3.0936554909483235e-22,0.00390625,0.0078125
terminal46,P8/I1,247,s8,total,6.692688070408792e-11,5,505,y,6.692688070408792e-11,4.839946342960942e-15,-1.6808310047077522e-20,0.00390625,0.0078125
terminal46,P8/I1,247,s9,matrix,7.554598494084047e-13,5,505,y,7.554598494084047e-13,5.4619232901910034e-17,1.5868581172428998e-20,0.001953125,0.00390625
terminal46,P8/I1,247,s9,volume,1.7668394525216513e-11,5,505,y,1.7668394525216513e-11,1.27737940172781e-15,-1.8085476912859397e-20,0.001953125,0.00390625
terminal46,P8/I1,247,s9,passiveFiber,1.4823076576950256e-20,5,505,z,-1.4823076576950256e-20,7.1630619774103945e-25,-1.1063540692896745e-23,0.001953125,0.00390625
terminal46,P8/I1,247,s9,activePotential,0,0,92,x,0,0.0,-4.011825970882184e-23,0.001953125,0.00390625
terminal46,P8/I1,247,s9,total,1.8423994968541635e-11,5,505,y,1.8423994968541635e-11,1.3319532793963402e-15,-2.097730033434478e-21,0.001953125,0.00390625
terminal46,P8/I1,247,s10,matrix,2.995880588963287e-13,5,505,y,2.995880588963287e-13,2.1656545371849007e-17,3.133705895997522e-21,0.0009765625,0.001953125
terminal46,P8/I1,247,s10,volume,4.75624747919845e-12,5,505,y,4.75624747919845e-12,3.4382380729940933e-16,-4.361723369992115e-21,0.0009765625,0.001953125
terminal46,P8/I1,247,s10,passiveFiber,7.967403660110763e-21,5,505,z,-7.967403660110763e-21,-8.530001029238164e-26,3.4767435121369444e-24,0.0009765625,0.001953125
terminal46,P8/I1,247,s10,activePotential,0,0,92,x,0,0.0,-7.961613395822891e-24,0.0009765625,0.001953125
terminal46,P8/I1,247,s10,total,5.055888867289138e-12,5,505,y,5.055888867289138e-12,3.6546476689495646e-16,-1.2672406984312384e-21,0.0009765625,0.001953125
terminal46,P8/I1,247,s11,matrix,1.1665461755209702e-13,5,505,y,1.1665461755209702e-13,8.432009625954765e-18,5.404583249332675e-22,0.00048828125,0.0009765625
terminal46,P8/I1,247,s11,volume,1.2200444647614272e-12,5,505,y,1.2200444647614272e-12,8.818773786223614e-17,-3.6844692434643235e-21,0.00048828125,0.0009765625
terminal46,P8/I1,247,s11,passiveFiber,9.562207881113e-22,5,505,z,-9.562207881113e-22,-7.556575451627951e-27,6.333101564859118e-25,0.00048828125,0.0009765625
terminal46,P8/I1,247,s11,activePotential,0,0,92,x,0,0.0,-7.043959903771876e-25,0.00048828125,0.0009765625
terminal46,P8/I1,247,s11,total,1.3367210983938893e-12,5,505,y,1.3367210983938893e-12,9.661650555579961e-17,-3.1423040507240984e-21,0.00048828125,0.0009765625
terminal46,P8/I1,247,s12,matrix,4.6979730354427054e-14,5,505,y,4.6979730354427054e-14,3.395652545630644e-18,1.2326606714174005e-22,0.000244140625,0.00048828125
terminal46,P8/I1,247,s12,volume,3.3809836440940044e-13,5,505,y,3.3809836440940044e-13,2.4438806526126627e-17,-6.400309989629052e-23,0.000244140625,0.00048828125
terminal46,P8/I1,247,s12,passiveFiber,7.320548421094295e-23,5,505,z,7.320548421094295e-23,2.13949234631619e-27,-6.119036269618344e-26,0.000244140625,0.00048828125
terminal46,P8/I1,247,s12,activePotential,0,0,92,x,0,0.0,-1.2076513825847426e-25,0.000244140625,0.00048828125
terminal46,P8/I1,247,s12,total,3.850881202457912e-13,5,505,y,3.850881202457912e-13,2.783302102498871e-17,5.88978445531898e-23,0.000244140625,0.00048828125
terminal46,P8/I1,247,s13,matrix,1.7759360334320545e-14,5,505,y,1.7759360334320545e-14,1.283595484730462e-18,1.630937736019509e-23,0.0001220703125,0.000244140625
terminal46,P8/I1,247,s13,volume,7.939876783390892e-14,5,505,y,7.939876783390892e-14,5.738628825846293e-18,-1.5112848285285238e-22,0.0001220703125,0.000244140625
terminal46,P8/I1,247,s13,passiveFiber,7.134432783269864e-24,5,505,z,-7.134432783269864e-24,-5.729795201717518e-29,2.8272774843121063e-27,0.0001220703125,0.000244140625
terminal46,P8/I1,247,s13,activePotential,0,0,92,x,0,0.0,-1.1813980916589873e-26,0.0001220703125,0.000244140625
terminal46,P8/I1,247,s13,total,9.715966638006168e-14,5,505,y,9.715966638006168e-14,7.0222498581973e-18,-1.3490152568003479e-22,0.0001220703125,0.000244140625
terminal46,P8/I1,247,s14,matrix,7.439248547828079e-15,5,505,y,7.439248547828079e-15,5.376927325511181e-19,5.776216252871018e-24,6.103515625e-05,0.0001220703125
terminal46,P8/I1,247,s14,volume,2.452648273278818e-14,5,505,y,2.452648273278818e-14,1.7727525348043698e-18,1.5848303938311512e-23,6.103515625e-05,0.0001220703125
terminal46,P8/I1,247,s14,passiveFiber,1.1050615995825604e-24,5,505,z,1.1050615995825604e-24,3.21765022325245e-29,-8.614361085013449e-28,6.103515625e-05,0.0001220703125
terminal46,P8/I1,247,s14,activePotential,0,0,92,x,0,0.0,-1.8932661725304283e-29,6.103515625e-05,0.0001220703125
terminal46,P8/I1,247,s14,total,3.1965708834243156e-14,5,505,y,3.1965708834243156e-14,2.31035125851943e-18,2.161655585148342e-23,6.103515625e-05,0.0001220703125
terminal46,P8/I1,247,s15,matrix,3.0123253990562153e-15,5,505,y,3.0123253990562153e-15,2.177247305082666e-19,1.0096938381676766e-24,3.0517578125e-05,6.103515625e-05
terminal46,P8/I1,247,s15,volume,6.415154797895055e-15,5,505,y,6.415154797895055e-15,4.637026901942047e-19,-7.8744726647885575e-25,3.0517578125e-05,6.103515625e-05
terminal46,P8/I1,247,s15,passiveFiber,6.058451752097371e-26,5,505,z,-6.058451752097371e-26,2.485919177050986e-30,4.3781780239766155e-29,3.0517578125e-05,6.103515625e-05
terminal46,P8/I1,247,s15,activePotential,0,0,92,x,0,0.0,-7.809722961688017e-29,3.0517578125e-05,6.103515625e-05
terminal46,P8/I1,247,s15,total,9.42755462997151e-15,5,505,y,9.42755462997151e-15,6.813814943907922e-19,2.2148689863709304e-25,3.0517578125e-05,6.103515625e-05
terminal46,P8/I1,247,s16,matrix,1.0335791425137328e-15,5,505,y,1.0335791425137328e-15,7.470348381087582e-20,3.154692230871824e-25,1.52587890625e-05,3.0517578125e-05
terminal46,P8/I1,247,s16,volume,1.6222552882733283e-15,5,505,y,1.6222552882733283e-15,1.1725134557316404e-19,1.5369282353112346e-24,1.52587890625e-05,3.0517578125e-05
terminal46,P8/I1,247,s16,passiveFiber,8.451540194175832e-26,5,505,z,8.451540194175832e-26,1.1911348788252227e-30,-4.43241221121056e-29,1.52587890625e-05,3.0517578125e-05
terminal46,P8/I1,247,s16,activePotential,0,0,92,x,0,0.0,-5.32481111024183e-30,1.52587890625e-05,3.0517578125e-05
terminal46,P8/I1,247,s16,total,2.6558264898531806e-15,5,505,y,2.6558264898531806e-15,1.9195472494104146e-19,1.8526240586934418e-24,1.52587890625e-05,3.0517578125e-05
terminal46,P8/I1,247,s17,matrix,2.972002501481293e-16,5,505,y,2.972002501481293e-16,2.1480302832318308e-20,-2.061397083336314e-26,7.62939453125e-06,1.52587890625e-05
terminal46,P8/I1,247,s17,volume,1.5218058628166777e-16,5,505,y,1.5218058628166777e-16,1.0998863090234111e-20,-2.6225207477529405e-25,7.62939453125e-06,1.52587890625e-05
terminal46,P8/I1,247,s17,passiveFiber,6.3108872417680944e-27,5,505,z,-6.3108872417680944e-27,-9.0172854828243e-32,3.5683630009606706e-30,7.62939453125e-06,1.52587890625e-05
terminal46,P8/I1,247,s17,activePotential,0,0,92,x,0,0.0,-2.6500796034768365e-30,7.62939453125e-06,1.52587890625e-05
terminal46,P8/I1,247,s17,total,4.493858127483622e-16,5,505,y,4.493858127483622e-16,3.247899937494953e-20,-2.828910426385914e-25,7.62939453125e-06,1.52587890625e-05
terminal46,P8/I1,247,s18,matrix,9.215897798883589e-17,5,505,y,-9.215897798883589e-17,-6.661107041798923e-21,-6.686297518396623e-26,3.814697265625e-06,7.62939453125e-06
terminal46,P8/I1,247,s18,volume,2.798642385749123e-16,5,505,y,-2.798642385749123e-16,-2.0227386785209036e-20,-2.1833737147299815e-25,3.814697265625e-06,7.62939453125e-06
terminal46,P8/I1,247,s18,passiveFiber,4.070522270940421e-28,5,505,z,-4.070522270940421e-28,-1.1594325133008597e-32,2.8118577188053643e-31,3.814697265625e-06,7.62939453125e-06
terminal46,P8/I1,247,s18,activePotential,0,0,92,x,0,0.0,-1.5561513950648866e-31,3.814697265625e-06,7.62939453125e-06
terminal46,P8/I1,247,s18,total,3.720232496509727e-16,5,505,y,-3.720232496509727e-16,-2.6888586925904077e-20,-2.852023064832758e-25,3.814697265625e-06,7.62939453125e-06
terminal46,P8/I1,247,s19,matrix,4.932756917956257e-17,5,505,y,-4.932756917956257e-17,-3.565192944096525e-21,-1.2258084954326014e-26,1.9073486328125e-06,3.814697265625e-06
terminal46,P8/I1,247,s19,volume,7.249253393226104e-17,5,505,y,-7.249253393226104e-17,-5.239453958055391e-21,-2.6187137543281505e-26,1.9073486328125e-06,3.814697265625e-06
terminal46,P8/I1,247,s19,passiveFiber,3.865418435582958e-29,5,505,z,-3.865418435582958e-29,-6.349570731018786e-34,3.75556339155511e-32,1.9073486328125e-06,3.814697265625e-06
terminal46,P8/I1,247,s19,activePotential,0,0,92,x,0,0.0,-2.3881531310401725e-32,1.9073486328125e-06,3.814697265625e-06
terminal46,P8/I1,247,s19,total,1.2181954393772953e-16,5,505,y,-1.2181954393772953e-16,-8.804685579904513e-21,-3.8445062260236146e-26,1.9073486328125e-06,3.814697265625e-06
terminal46,P8/I1,247,s20,matrix,4.6300825982724885e-17,5,505,y,-4.6300825982724885e-17,-3.3464710550431096e-21,-6.421750510121829e-27,9.5367431640625e-07,1.9073486328125e-06
terminal46,P8/I1,247,s20,volume,4.686502519903199e-17,5,505,y,-4.686502519903199e-17,-3.387263756210069e-21,-1.0364385832744088e-26,9.5367431640625e-07,1.9073486328125e-06
terminal46,P8/I1,247,s20,passiveFiber,1.6516775203064935e-30,5,505,z,-1.6516775203064935e-30,-2.3383090534785088e-35,2.2388935603501617e-33,9.5367431640625e-07,1.9073486328125e-06
terminal46,P8/I1,247,s20,activePotential,0,0,92,x,0,0.0,-1.9981523173017572e-33,9.5367431640625e-07,1.9073486328125e-06
terminal46,P8/I1,247,s20,total,9.316609189131513e-17,5,505,y,-9.316609189131513e-17,-6.7337171716935705e-21,-1.6786104950207823e-26,9.5367431640625e-07,1.9073486328125e-06
terminal46,P8/I1,247,core,matrix,1.0640465313331239e-17,5,505,y,-1.0640465313331239e-17,-7.690543772832232e-22,-1.178935241335054e-27,0,9.5367431640625e-07
terminal46,P8/I1,247,core,volume,9.425696196671842e-18,5,505,y,-9.425696196671842e-18,-6.812548029828516e-22,-1.6564638414042846e-27,0,9.5367431640625e-07
terminal46,P8/I1,247,core,passiveFiber,1.4082399753359469e-30,5,505,z,1.4082399753359469e-30,2.4866566060349445e-35,-8.200248591336278e-34,0,9.5367431640625e-07
terminal46,P8/I1,247,core,activePotential,0,0,92,x,0,0.0,-3.009265538105056e-34,0,9.5367431640625e-07
terminal46,P8/I1,247,core,total,2.0066169575014054e-17,5,505,y,-2.0066169575014054e-17,-1.4503100380906041e-21,-2.8354145383271424e-27,0,9.5367431640625e-07
terminal46,P8/I1,248,s1,matrix,4.8482759473778e-11,5,576,y,-4.8482759473778e-11,-1.2461432093021511e-15,-5.091481164627709e-16,0.5,1
terminal46,P8/I1,248,s1,volume,1.81621864214776e-08,5,576,y,-1.81621864214776e-08,-4.666943452034114e-13,-1.889478157268698e-13,0.5,1
terminal46,P8/I1,248,s1,passiveFiber,8.79296635503124e-14,6,573,z,-8.79296635503124e-14,3.3682570829750338e-18,1.214306433183765e-17,0.5,1
terminal46,P8/I1,248,s1,activePotential,0,0,92,x,0,0.0,-3.3584246494910985e-15,0.5,1
terminal46,P8/I1,248,s1,total,1.8210418062380995e-08,5,576,y,-1.8210418062380995e-08,-4.679491305708853e-13,-1.8993140393774866e-13,0.5,1
terminal46,P8/I1,248,s2,matrix,7.49372786046365e-13,5,576,y,-7.49372786046365e-13,-1.9282966145585913e-17,-5.020787794849865e-18,0.25,0.5
terminal46,P8/I1,248,s2,volume,2.60845567368051e-10,5,576,y,-2.60845567368051e-10,-6.713052148053005e-15,-1.7735379137517882e-15,0.25,0.5
terminal46,P8/I1,248,s2,passiveFiber,6.106226635438361e-15,0,92,z,-6.106226635438361e-15,6.060501897335236e-19,-2.2985086056692694e-17,0.25,0.5
terminal46,P8/I1,248,s2,activePotential,0,0,92,x,0,0.0,-3.89011739487799e-16,0.25,0.5
terminal46,P8/I1,248,s2,total,2.6133584185572545e-10,5,576,y,-2.6133584185572545e-10,-6.721594392511529e-15,-1.844011054963346e-15,0.25,0.5
terminal46,P8/I1,248,s3,matrix,3.135512682828079e-15,5,576,y,-3.135512682828079e-15,-8.23608797929697e-20,-1.3552527156068805e-20,0.125,0.25
terminal46,P8/I1,248,s3,volume,1.038835684141759e-12,5,576,y,-1.038835684141759e-12,-2.678281396031251e-17,-6.0139339255055324e-18,0.125,0.25
terminal46,P8/I1,248,s3,passiveFiber,9.686695889854491e-15,4,566,z,9.686695889854491e-15,-3.783993818229537e-21,7.020209066843641e-18,0.125,0.25
terminal46,P8/I1,248,s3,activePotential,0,0,92,x,0,0.0,-4.954803928258755e-17,0.125,0.25
terminal46,P8/I1,248,s3,total,1.0456080445919724e-12,5,576,y,-1.0456080445919724e-12,-2.7251161035148922e-17,2.3852447794681098e-18,0.125,0.25
terminal46,P8/I1,248,s4,matrix,3.3393426912553537e-17,5,576,y,-3.3393426912553537e-17,-1.0401079993553425e-21,-2.541098841762901e-21,0.0625,0.125
terminal46,P8/I1,248,s4,volume,4.6629367034256575e-15,5,576,y,-4.6629367034256575e-15,-1.2330201530323864e-19,2.8772650427044515e-20,0.0625,0.125
terminal46,P8/I1,248,s4,passiveFiber,1.2836953722228372e-15,4,566,z,-1.2836953722228372e-15,7.135265779578058e-21,-5.319366908757006e-19,0.0625,0.125
terminal46,P8/I1,248,s4,activePotential,0,0,92,x,0,0.0,-6.071532165918825e-18,0.0625,0.125
terminal46,P8/I1,248,s4,total,3.039235529911366e-15,5,576,y,-3.039235529911366e-15,-3.9778788593134864e-20,-4.87890977618477e-19,0.0625,0.125
terminal46,P8/I1,248,s5,matrix,5.854691731421724e-18,5,576,y,-5.854691731421724e-18,-1.6363224349646565e-22,-2.812414082680294e-23,0.03125,0.0625
terminal46,P8/I1,248,s5,volume,1.2755367508748838e-15,5,576,y,-1.2755367508748838e-15,-3.2363376913557545e-20,1.340497881430466e-21,0.03125,0.0625
terminal46,P8/I1,248,s5,passiveFiber,8.847089727481716e-17,4,566,z,-8.847089727481716e-17,-4.270886293330109e-22,-4.828087799349512e-20,0.03125,0.0625
terminal46,P8/I1,248,s5,activePotential,0,0,92,x,0,0.0,-6.810144895924575e-19,0.03125,0.0625
terminal46,P8/I1,248,s5,total,1.2820775392935815e-15,5,576,y,-1.2820775392935815e-15,-3.402037733749927e-20,-3.3881317890172014e-21,0.03125,0.0625
terminal46,P8/I1,248,s6,matrix,5.18807680193259e-19,5,576,z,5.18807680193259e-19,-1.779060457588646e-23,-2.274746684520826e-23,0.015625,0.03125
terminal46,P8/I1,248,s6,volume,1.6371452804531117e-17,5,576,y,-1.6371452804531117e-17,-3.9765514030150912e-22,-1.8508166205873994e-23,0.015625,0.03125
terminal46,P8/I1,248,s6,passiveFiber,2.6346112791397758e-17,4,566,z,-2.6346112791397758e-17,-4.418613222839152e-22,-1.6887719385882613e-20,0.015625,0.03125
terminal46,P8/I1,248,s6,activePotential,0,0,92,x,0,0.0,-8.512681119905718e-20,0.015625,0.03125
terminal46,P8/I1,248,s6,total,3.122502256758253e-17,4,566,z,-3.122502256758253e-17,-5.010248614269599e-22,-1.0164395367051604e-20,0.015625,0.03125
terminal46,P8/I1,248,s7,matrix,8.58150254687013e-20,5,576,z,-8.58150254687013e-20,-1.5785703470177319e-24,-9.564275832644382e-25,0.0078125,0.015625
terminal46,P8/I1,248,s7,volume,1.7211709488207383e-17,5,576,y,-1.7211709488207383e-17,-4.272421347615827e-22,-5.242257132054813e-23,0.0078125,0.015625
terminal46,P8/I1,248,s7,passiveFiber,1.7042302898756523e-18,5,576,z,1.7042302898756523e-18,-3.8321279377655743e-23,1.2904017555827232e-21,0.0078125,0.015625
terminal46,P8/I1,248,s7,activePotential,0,0,92,x,0,0.0,-1.1871696151361053e-20,0.0078125,0.015625
terminal46,P8/I1,248,s7,total,2.0721814021629203e-17,5,576,y,-2.0721814021629203e-17,-5.802693906605794e-22,-5.293955920339377e-23,0.0078125,0.015625
terminal46,P8/I1,248,s8,matrix,1.1329065669526267e-20,5,576,y,1.1329065669526267e-20,3.73951581121061e-25,2.8757450983288853e-25,0.00390625,0.0078125
terminal46,P8/I1,248,s8,volume,3.1492684978914887e-18,5,576,y,3.1492684978914887e-18,8.645942984378252e-23,9.683829280552437e-24,0.00390625,0.0078125
terminal46,P8/I1,248,s8,passiveFiber,4.54009659728305e-19,4,566,z,-4.54009659728305e-19,-5.290244071271186e-24,-3.316994256337641e-22,0.00390625,0.0078125
terminal46,P8/I1,248,s8,activePotential,0,0,92,x,0,0.0,-1.4194419311409955e-21,0.00390625,0.0078125
terminal46,P8/I1,248,s8,total,3.223807397249867e-18,5,576,y,3.223807397249867e-18,7.558135801208978e-23,-2.5808035111654463e-22,0.00390625,0.0078125
terminal46,P8/I1,248,s9,matrix,1.4227506535912076e-21,4,566,y,1.4227506535912076e-21,-3.1900227819978146e-27,-3.473512337869159e-26,0.001953125,0.00390625
terminal46,P8/I1,248,s9,volume,4.476569126238977e-19,5,576,y,-4.476569126238977e-19,-1.1804932150713017e-23,-1.3841542769625126e-24,0.001953125,0.00390625
terminal46,P8/I1,248,s9,passiveFiber,4.743384504624082e-20,4,566,z,4.743384504624082e-20,-1.042851566424892e-24,2.874452628621771e-23,0.001953125,0.00390625
terminal46,P8/I1,248,s9,activePotential,0,0,92,x,0,0.0,-1.8942436027464334e-22,0.001953125,0.00390625
terminal46,P8/I1,248,s9,total,4.1186977060240354e-19,5,576,y,-4.1186977060240354e-19,-8.356851845624807e-24,2.5229008682867344e-23,0.001953125,0.00390625
terminal46,P8/I1,248,s10,matrix,1.6409195401520687e-22,5,576,z,1.6409195401520687e-22,4.244767322564679e-27,-1.2116903504194741e-27,0.0009765625,0.001953125
terminal46,P8/I1,248,s10,volume,4.3886894579613436e-20,5,576,y,4.3886894579613436e-20,1.1407789104359332e-24,1.560051326165073e-25,0.0009765625,0.001953125
terminal46,P8/I1,248,s10,passiveFiber,7.967403660110763e-21,4,566,z,-7.967403660110763e-21,-4.754155688989788e-26,-4.446095792472524e-24,0.0009765625,0.001953125
terminal46,P8/I1,248,s10,activePotential,0,0,92,x,0,0.0,-2.1454997138094155e-23,0.0009765625,0.001953125
terminal46,P8/I1,248,s10,total,4.7963240638274757e-20,5,576,y,4.7963240638274757e-20,1.1995257939724995e-24,-5.118180040171859e-24,0.0009765625,0.001953125
terminal46,P8/I1,248,s11,matrix,2.993359841676269e-23,5,576,z,-2.993359841676269e-23,-4.599073026900218e-28,-2.8398992587956425e-28,0.00048828125,0.0009765625
terminal46,P8/I1,248,s11,volume,1.2722037821065566e-20,5,576,y,-1.2722037821065566e-20,-3.1027304507692814e-25,-4.311598163575962e-26,0.00048828125,0.0009765625
terminal46,P8/I1,248,s11,passiveFiber,1.2010662494269962e-21,4,566,z,1.2010662494269962e-21,-7.702783372785491e-27,6.769310091010129e-25,0.00048828125,0.0009765625
terminal46,P8/I1,248,s11,activePotential,0,0,92,x,0,0.0,-3.030841463182578e-24,0.00048828125,0.0009765625
terminal46,P8/I1,248,s11,total,1.2970192004831474e-20,5,576,y,-1.2970192004831474e-20,-3.0750705988223996e-25,5.751490196657771e-25,0.00048828125,0.0009765625
terminal46,P8/I1,248,s12,matrix,7.609415400634298e-24,5,576,z,-7.609415400634298e-24,-1.1436336970010232e-29,8.519697776386927e-29,0.000244140625,0.00048828125
terminal46,P8/I1,248,s12,volume,1.8776999904953728e-22,5,576,y,1.8776999904953728e-22,4.397030767382223e-27,8.04638123325432e-28,0.000244140625,0.00048828125
terminal46,P8/I1,248,s12,passiveFiber,2.030728403817683e-22,4,566,z,-2.030728403817683e-22,-1.820130332591127e-27,-1.3066060945356663e-25,0.000244140625,0.00048828125
terminal46,P8/I1,248,s12,activePotential,0,0,92,x,0,0.0,-3.9622274458716804e-25,0.000244140625,0.00048828125
terminal46,P8/I1,248,s12,total,2.5808035111654463e-22,5,576,y,2.5808035111654463e-22,2.3698640559345383e-27,-1.3651711281392742e-25,0.000244140625,0.00048828125
terminal46,P8/I1,248,s13,matrix,1.2763138357751794e-25,5,576,y,1.2763138357751794e-25,7.240328158639788e-30,2.5637979419682884e-30,0.0001220703125,0.000244140625
terminal46,P8/I1,248,s13,volume,4.756288522179909e-23,5,576,y,4.756288522179909e-23,1.334536110703446e-27,1.6950648700936491e-28,0.0001220703125,0.000244140625
terminal46,P8/I1,248,s13,passiveFiber,1.9387045606711586e-24,0,92,z,1.9387045606711586e-24,-1.9529439799603814e-28,-2.928251680180396e-27,0.0001220703125,0.000244140625
terminal46,P8/I1,248,s13,activePotential,0,0,92,x,0,0.0,-4.054113964111824e-26,0.0001220703125,0.000244140625
terminal46,P8/I1,248,s13,total,5.779924530214281e-23,5,576,y,5.779924530214281e-23,1.2999394641308312e-27,-2.5243548967072378e-27,0.0001220703125,0.000244140625
terminal46,P8/I1,248,s14,matrix,8.966508593104109e-26,5,576,y,-8.966508593104109e-26,-2.850506085298712e-30,-1.5037661005775538e-30,6.103515625e-05,0.0001220703125
terminal46,P8/I1,248,s14,volume,3.114205759291438e-23,5,576,y,-3.114205759291438e-23,-8.183532910190848e-28,-1.0857930803268583e-28,6.103515625e-05,0.0001220703125
terminal46,P8/I1,248,s14,passiveFiber,2.5720147171570704e-24,4,566,z,2.5720147171570704e-24,2.934746488820132e-29,1.470436727331966e-27,6.103515625e-05,0.0001220703125
terminal46,P8/I1,248,s14,activePotential,0,0,92,x,0,0.0,-5.427363027920561e-27,6.103515625e-05,0.0001220703125
terminal46,P8/I1,248,s14,total,3.1962775856931835e-23,5,576,y,-3.1962775856931835e-23,-8.56232251716599e-28,5.174927538249837e-28,6.103515625e-05,0.0001220703125
terminal46,P8/I1,248,s15,matrix,1.891372906357898e-26,5,576,z,1.891372906357898e-26,-4.899108074863079e-31,-5.746974954051512e-31,3.0517578125e-05,6.103515625e-05
terminal46,P8/I1,248,s15,volume,4.543031020506082e-24,5,576,y,-4.543031020506082e-24,-1.1772157263583846e-28,-1.4917482977245774e-29,3.0517578125e-05,6.103515625e-05
terminal46,P8/I1,248,s15,passiveFiber,2.9484465193540537e-25,4,566,z,2.9484465193540537e-25,5.00268724701942e-30,2.99372713531374e-28,3.0517578125e-05,6.103515625e-05
terminal46,P8/I1,248,s15,activePotential,0,0,92,x,0,0.0,-6.3818847232379855e-28,3.0517578125e-05,6.103515625e-05
terminal46,P8/I1,248,s15,total,4.481638709418162e-24,5,576,y,-4.481638709418162e-24,-1.0983431387925557e-28,3.9600817442094793e-28,3.0517578125e-05,6.103515625e-05
terminal46,P8/I1,248,s16,matrix,8.67746995743113e-28,5,576,y,-8.67746995743113e-28,-2.4234058851150607e-32,-1.290373062739448e-32,1.52587890625e-05,3.0517578125e-05
terminal46,P8/I1,248,s16,volume,1.1622129944440123e-25,5,576,y,-1.1622129944440123e-25,-3.215832987848934e-30,-3.6400075948918758e-31,1.52587890625e-05,3.0517578125e-05
terminal46,P8/I1,248,s16,passiveFiber,3.4432200791086723e-26,4,566,z,3.4432200791086723e-26,1.053024040366138e-33,2.208810534618833e-29,1.52587890625e-05,3.0517578125e-05
terminal46,P8/I1,248,s16,activePotential,0,0,92,x,0,0.0,-8.38164711797325e-29,1.52587890625e-05,3.0517578125e-05
terminal46,P8/I1,248,s16,total,1.0137809265176267e-25,5,576,y,-1.0137809265176267e-25,-1.4949281699506827e-30,1.479114197289397e-29,1.52587890625e-05,3.0517578125e-05
terminal46,P8/I1,248,s17,matrix,1.5476464884304725e-28,5,576,z,-1.5476464884304725e-28,-4.521594574134154e-33,6.98149604840373e-34,7.62939453125e-06,1.52587890625e-05
terminal46,P8/I1,248,s17,volume,1.6004410045123888e-26,5,576,y,1.6004410045123888e-26,3.6678342665811926e-31,5.57075236414008e-32,7.62939453125e-06,1.52587890625e-05
terminal46,P8/I1,248,s17,passiveFiber,5.62931141965714e-27,4,566,z,-5.62931141965714e-27,-6.487051475625253e-32,-4.7146765038599534e-30,7.62939453125e-06,1.52587890625e-05
terminal46,P8/I1,248,s17,activePotential,0,0,92,x,0,0.0,-1.1438483125704671e-29,7.62939453125e-06,1.52587890625e-05
terminal46,P8/I1,248,s17,total,1.4136387421560532e-26,5,576,y,1.4136387421560532e-26,3.797484296188747e-31,-7.14905195356542e-30,7.62939453125e-06,1.52587890625e-05
terminal46,P8/I1,248,s18,matrix,6.286235338479938e-29,5,576,y,6.286235338479938e-29,1.7288687863109156e-33,1.928939209925341e-33,3.814697265625e-06,7.62939453125e-06
terminal46,P8/I1,248,s18,volume,1.8800133093227153e-26,5,576,y,1.8800133093227153e-26,4.860609340085132e-31,6.388971663950844e-32,3.814697265625e-06,7.62939453125e-06
terminal46,P8/I1,248,s18,passiveFiber,1.3031982154251115e-27,4,566,z,-1.3031982154251115e-27,-3.2145049735455527e-32,-1.2780471110953697e-30,3.814697265625e-06,7.62939453125e-06
terminal46,P8/I1,248,s18,activePotential,0,0,92,x,0,0.0,-1.5915885060416117e-30,3.814697265625e-06,7.62939453125e-06
terminal46,P8/I1,248,s18,total,1.8822221198573342e-26,5,576,y,1.8822221198573342e-26,4.752483611556924e-31,-1.5561513950648866e-30,3.814697265625e-06,7.62939453125e-06
terminal46,P8/I1,248,s19,matrix,1.0908467205009304e-30,5,576,y,-1.0908467205009304e-30,-3.847636564157483e-35,-7.899322037525772e-36,1.9073486328125e-06,3.814697265625e-06
terminal46,P8/I1,248,s19,volume,3.6484816866471796e-29,5,576,y,3.6484816866471796e-29,1.4757691026489808e-33,3.723966103405007e-35,1.9073486328125e-06,3.814697265625e-06
terminal46,P8/I1,248,s19,passiveFiber,3.0371144851008955e-29,4,566,z,3.0371144851008955e-29,9.057247436224839e-34,1.0785207688568521e-32,1.9073486328125e-06,3.814697265625e-06
terminal46,P8/I1,248,s19,activePotential,0,0,92,x,0,0.0,-1.6774849815612824e-31,1.9073486328125e-06,3.814697265625e-06
terminal46,P8/I1,248,s19,total,3.6780639705929675e-29,0,92,z,-3.6780639705929675e-29,4.220034569456449e-34,2.7733391199176196e-32,1.9073486328125e-06,3.814697265625e-06
terminal46,P8/I1,248,s20,matrix,4.337194234760055e-31,5,576,y,-4.337194234760055e-31,-1.2188844891919548e-35,-1.095560734966372e-35,9.5367431640625e-07,1.9073486328125e-06
terminal46,P8/I1,248,s20,volume,1.4653091314480294e-28,5,576,y,-1.4653091314480294e-28,-3.744910216119877e-33,-5.0532151153148495e-34,9.5367431640625e-07,1.9073486328125e-06
terminal46,P8/I1,248,s20,passiveFiber,1.6713990429370188e-29,4,566,z,1.6713990429370188e-29,5.009922754397074e-35,1.1976876841658123e-32,9.5367431640625e-07,1.9073486328125e-06
terminal46,P8/I1,248,s20,activePotential,0,0,92,x,0,0.0,-2.3231529954171032e-32,9.5367431640625e-07,1.9073486328125e-06
terminal46,P8/I1,248,s20,total,1.4628439411192138e-28,5,576,y,-1.4628439411192138e-28,-3.578124272686274e-33,1.1459283169104053e-32,9.5367431640625e-07,1.9073486328125e-06
terminal46,P8/I1,248,core,matrix,3.774822690998982e-32,5,576,y,-3.774822690998982e-32,-8.597006950423406e-37,-1.0168026134612787e-36,0,9.5367431640625e-07
terminal46,P8/I1,248,core,volume,1.085916339843299e-29,5,576,y,-1.085916339843299e-29,-2.9391635277994866e-34,-3.504148659801239e-35,0,9.5367431640625e-07
terminal46,P8/I1,248,core,passiveFiber,1.224891444630282e-31,5,576,z,1.224891444630282e-31,3.2503423310962454e-36,-6.620384183831123e-35,0,9.5367431640625e-07
terminal46,P8/I1,248,core,activePotential,0,0,92,x,0,0.0,4.333342374871281e-34,0,9.5367431640625e-07
terminal46,P8/I1,248,core,total,1.100707481816193e-29,5,576,y,-1.100707481816193e-29,-2.8213083607161606e-34,-3.1898214703913594e-34,0,9.5367431640625e-07
terminal46,I0/P8,197,s1,matrix,1.1453830939256449e-11,8,494,y,1.1453830939256449e-11,-1.6997359101770395e-17,-2.408068082231877e-16,0.5,1
terminal46,I0/P8,197,s1,volume,1.0978231657077231e-08,8,494,y,1.0978231657077231e-08,-8.369398581607892e-15,-2.280966214518454e-13,0.5,1
terminal46,I0/P8,197,s1,passiveFiber,0,0,68,x,0,0.0,0,0.5,1
terminal46,I0/P8,197,s1,activePotential,2.2026824808563106e-13,7,489,z,-2.2026824808563106e-13,9.999784227708335e-18,-2.1163626406917047e-16,0.5,1
terminal46,I0/P8,197,s1,total,1.0989339216394e-08,8,494,y,1.0989339216394e-08,-8.381681773113727e-15,-2.287024736258303e-13,0.5,1
terminal46,I0/P8,197,s2,matrix,2.8254959136275737e-14,3,92,y,-2.8254959136275737e-14,-3.399455947230934e-20,-5.168489165027334e-19,0.25,0.5
terminal46,I0/P8,197,s2,volume,2.587796643638285e-11,3,92,y,-2.587796643638285e-11,-1.745269209298666e-17,-4.813315544749397e-16,0.25,0.5
terminal46,I0/P8,197,s2,passiveFiber,0,0,68,x,0,0.0,0,0.25,0.5
terminal46,I0/P8,197,s2,activePotential,2.7533531010703882e-14,7,489,z,2.7533531010703882e-14,1.327373394595202e-18,3.686287386450715e-17,0.25,0.5
terminal46,I0/P8,197,s2,total,2.58890686666291e-11,3,92,y,-2.58890686666291e-11,-2.0947086461727544e-17,-4.44956571588051e-16,0.25,0.5
terminal46,I0/P8,197,s3,matrix,5.0889739471038364e-17,8,494,x,5.0889739471038364e-17,-1.3889416838522994e-22,2.7991791928794457e-21,0.125,0.25
terminal46,I0/P8,197,s3,volume,2.0344836926255994e-14,6,490,y,2.0344836926255994e-14,-9.722445868772222e-19,3.876022766635678e-18,0.125,0.25
terminal46,I0/P8,197,s3,passiveFiber,0,0,68,x,0,0.0,0,0.125,0.25
terminal46,I0/P8,197,s3,activePotential,8.43769498715119e-15,8,494,z,8.43769498715119e-15,-1.7971552666847692e-19,-2.0599841277224584e-18,0.125,0.25
terminal46,I0/P8,197,s3,total,2.0001361678012586e-14,6,490,y,2.0001361678012586e-14,-3.6031088396598444e-20,4.228388472693467e-18,0.125,0.25
terminal46,I0/P8,197,s4,matrix,4.4316763800344994e-17,3,92,z,-4.4316763800344994e-17,6.60482795293998e-22,1.8644651006945244e-21,0.0625,0.125
terminal46,I0/P8,197,s4,volume,1.1601830607332886e-14,3,92,y,-1.1601830607332886e-14,2.40307529754946e-19,-1.5026364484291288e-18,0.0625,0.125
terminal46,I0/P8,197,s4,passiveFiber,0,0,68,x,0,0.0,0,0.0625,0.125
terminal46,I0/P8,197,s4,activePotential,9.728329253277934e-15,8,494,z,9.728329253277934e-15,1.1115843429489707e-19,7.03376159399971e-18,0.0625,0.125
terminal46,I0/P8,197,s4,total,1.5515366769136563e-14,8,494,y,1.5515366769136563e-14,1.6793223058874838e-19,5.407458335271453e-18,0.0625,0.125
terminal46,I0/P8,197,s5,matrix,7.576709713189717e-18,8,494,z,-7.576709713189717e-18,-8.783870422631396e-23,-3.455547008940273e-22,0.03125,0.0625
terminal46,I0/P8,197,s5,volume,1.7225804116449694e-15,8,494,y,-1.7225804116449694e-15,-9.909316764901949e-21,1.90370654895404e-19,0.03125,0.0625
terminal46,I0/P8,197,s5,passiveFiber,0,0,68,x,0,0.0,0,0.03125,0.0625
terminal46,I0/P8,197,s5,activePotential,1.6028844918025698e-15,8,494,z,-1.6028844918025698e-15,-1.5985965359488483e-20,-1.07742590890747e-18,0.03125,0.0625
terminal46,I0/P8,197,s5,total,2.1337098754514727e-15,8,494,y,-2.1337098754514727e-15,-2.714383984747695e-20,-8.919256934587783e-19,0.03125,0.0625
terminal46,I0/P8,197,s6,matrix,3.801060350803673e-20,3,92,x,-3.801060350803673e-20,5.207536462104311e-25,1.5251142543946448e-24,0.015625,0.03125
terminal46,I0/P8,197,s6,volume,7.3075226425523e-17,3,92,y,-7.3075226425523e-17,3.069131818118983e-21,-8.655617929754882e-21,0.015625,0.03125
terminal46,I0/P8,197,s6,passiveFiber,0,0,68,x,0,0.0,0,0.015625,0.03125
terminal46,I0/P8,197,s6,activePotential,3.209238430557093e-17,8,494,z,3.209238430557093e-17,3.9655962949613663e-22,2.149346103657787e-20,0.015625,0.03125
terminal46,I0/P8,197,s6,total,8.283304597789254e-17,3,92,y,-8.283304597789254e-17,2.4849836263314037e-21,1.095848875510251e-20,0.015625,0.03125
terminal46,I0/P8,197,s7,matrix,4.7817656850465424e-20,8,494,z,4.7817656850465424e-20,8.40157650781744e-25,8.368741353563835e-25,0.0078125,0.015625
terminal46,I0/P8,197,s7,volume,2.574980159653073e-17,3,92,y,-2.574980159653073e-17,4.596790609400696e-22,-2.5874209560658706e-21,0.0078125,0.015625
terminal46,I0/P8,197,s7,passiveFiber,0,0,68,x,0,0.0,0,0.0078125,0.015625
terminal46,I0/P8,197,s7,activePotential,1.8512752095189988e-17,8,494,z,1.8512752095189988e-17,5.669558218605626e-23,1.0693790959085542e-20,0.0078125,0.015625
terminal46,I0/P8,197,s7,total,2.981555974335137e-17,8,494,y,2.981555974335137e-17,5.781661681175499e-22,7.663001194691248e-21,0.0078125,0.015625
terminal46,I0/P8,197,s8,matrix,1.2440796412797536e-21,8,494,y,-1.2440796412797536e-21,-3.724500803859732e-26,4.079357513078896e-26,0.00390625,0.0078125
terminal46,I0/P8,197,s8,volume,1.043544591017298e-18,3,92,y,1.043544591017298e-18,-2.8583712878540005e-23,9.512577044359818e-23,0.00390625,0.0078125
terminal46,I0/P8,197,s8,passiveFiber,0,0,68,x,0,0.0,0,0.00390625,0.0078125
terminal46,I0/P8,197,s8,activePotential,1.9312351197398048e-19,3,92,z,1.9312351197398048e-19,-1.0417724902908364e-23,-1.3565762045869654e-22,0.00390625,0.0078125
terminal46,I0/P8,197,s8,total,1.0503208545953324e-18,8,494,y,-1.0503208545953324e-18,-2.923532973003719e-23,-8.519960309296185e-23,0.00390625,0.0078125
terminal46,I0/P8,197,s9,matrix,2.063815628319804e-22,8,494,y,2.063815628319804e-22,7.512365321028459e-27,2.877764582246251e-27,0.001953125,0.00390625
terminal46,I0/P8,197,s9,volume,1.5415999640028266e-19,8,494,y,1.5415999640028266e-19,-6.271525439209589e-24,-8.788794008375919e-24,0.001953125,0.00390625
terminal46,I0/P8,197,s9,passiveFiber,0,0,68,x,0,0.0,0,0.001953125,0.00390625
terminal46,I0/P8,197,s9,activePotential,5.759824041329242e-20,3,92,z,5.759824041329242e-20,-4.4270510519321126e-24,-9.926167350636332e-24,0.001953125,0.00390625
terminal46,I0/P8,197,s9,total,1.2197274440461925e-19,3,92,y,-1.2197274440461925e-19,1.6581220948779034e-24,-6.824240053562478e-24,0.001953125,0.00390625
terminal46,I0/P8,197,s10,matrix,3.357836299082447e-23,3,92,z,3.357836299082447e-23,-4.239417374778887e-28,-1.3473744261174882e-27,0.0009765625,0.001953125
terminal46,I0/P8,197,s10,volume,1.6093625997831706e-20,8,494,y,-1.6093625997831706e-20,7.878773753119406e-26,1.2666203129718236e-24,0.0009765625,0.001953125
terminal46,I0/P8,197,s10,passiveFiber,0,0,68,x,0,0.0,0,0.0009765625,0.001953125
terminal46,I0/P8,197,s10,activePotential,1.1064367873509298e-20,8,494,z,-1.1064367873509298e-20,8.01087757148021e-27,-4.3943970041879595e-24,0.0009765625,0.001953125
terminal46,I0/P8,197,s10,total,1.3870164511289168e-20,8,494,y,-1.3870164511289168e-20,3.30793836218534e-25,-4.006656092053728e-24,0.0009765625,0.001953125
terminal46,I0/P8,197,s11,matrix,1.1147551223859162e-23,8,494,z,-1.1147551223859162e-23,-2.1440085216770387e-28,-2.5598536374421833e-28,0.00048828125,0.0009765625
terminal46,I0/P8,197,s11,volume,7.093900933254765e-21,8,494,y,-7.093900933254765e-21,-8.205306491457401e-26,7.092427517788655e-25,0.00048828125,0.0009765625
terminal46,I0/P8,197,s11,passiveFiber,0,0,68,x,0,0.0,0,0.00048828125,0.0009765625
terminal46,I0/P8,197,s11,activePotential,1.9852334701272664e-21,8,494,z,-1.9852334701272664e-21,-5.419811166081002e-26,-1.760989975942969e-24,0.00048828125,0.0009765625
terminal46,I0/P8,197,s11,total,8.278423570430701e-21,8,494,y,-8.278423570430701e-21,-1.5460967659521058e-25,-1.0905213153775267e-24,0.00048828125,0.0009765625
terminal46,I0/P8,197,s12,matrix,4.919462822703065e-25,3,92,z,-4.919462822703065e-25,1.1262704612717592e-29,-8.874685183736383e-31,0.000244140625,0.00048828125
terminal46,I0/P8,197,s12,volume,3.3252660624631713e-22,8,494,y,3.3252660624631713e-22,-3.598622149038028e-27,-3.453317498695501e-26,0.000244140625,0.00048828125
terminal46,I0/P8,197,s12,passiveFiber,0,0,68,x,0,0.0,0,0.000244140625,0.00048828125
terminal46,I0/P8,197,s12,activePotential,7.279189390466644e-23,8,494,z,7.279189390466644e-23,-2.3064874184979133e-27,4.4024749398574227e-26,0.000244140625,0.00048828125
terminal46,I0/P8,197,s12,total,3.1763735522036263e-22,3,92,y,-3.1763735522036263e-22,3.0078130276728135e-27,1.1107161545511846e-26,0.000244140625,0.00048828125
terminal46,I0/P8,197,s13,matrix,3.46341491828233e-26,8,494,y,-3.46341491828233e-26,-1.4897101615063216e-31,-2.4035605705952703e-31,0.0001220703125,0.000244140625
terminal46,I0/P8,197,s13,volume,8.995589161514176e-23,8,494,y,-8.995589161514176e-23,-1.2998000801501715e-27,8.847863912958868e-27,0.0001220703125,0.000244140625
terminal46,I0/P8,197,s13,passiveFiber,0,0,68,x,0,0.0,0,0.0001220703125,0.000244140625
terminal46,I0/P8,197,s13,activePotential,1.6336817097922297e-23,8,494,z,-1.6336817097922297e-23,-2.0446846641845346e-28,-1.6711229416201914e-26,0.0001220703125,0.000244140625
terminal46,I0/P8,197,s13,total,9.078307222769479e-23,3,92,y,9.078307222769479e-23,-1.3016290037698121e-27,-6.285643692801022e-27,0.0001220703125,0.000244140625
terminal46,I0/P8,197,s14,matrix,7.446846945286351e-27,8,494,y,-7.446846945286351e-27,-1.1447538879257487e-31,6.170679541816704e-31,6.103515625e-05,0.0001220703125
terminal46,I0/P8,197,s14,volume,1.0701649174904796e-23,8,494,y,-1.0701649174904796e-23,-6.651072789023375e-29,1.0902057710154383e-27,6.103515625e-05,0.0001220703125
terminal46,I0/P8,197,s14,passiveFiber,0,0,68,x,0,0.0,0,6.103515625e-05,0.0001220703125
terminal46,I0/P8,197,s14,activePotential,5.977672395402739e-25,6,490,z,-5.977672395402739e-25,-1.3055419697425866e-29,-8.204153414298523e-28,6.103515625e-05,0.0001220703125
terminal46,I0/P8,197,s14,total,1.0171736594988012e-23,8,494,y,-1.0171736594988012e-23,-1.2896705960873954e-28,-1.262177448353619e-29,6.103515625e-05,0.0001220703125
terminal46,I0/P8,197,s15,matrix,1.2992539108990064e-27,8,494,z,-1.2992539108990064e-27,-1.253649058084964e-32,-5.681493335942346e-32,3.0517578125e-05,6.103515625e-05
terminal46,I0/P8,197,s15,volume,2.714186384939622e-25,8,494,y,-2.714186384939622e-25,-3.464477303107522e-30,3.668203209277705e-29,3.0517578125e-05,6.103515625e-05
terminal46,I0/P8,197,s15,passiveFiber,0,0,68,x,0,0.0,0,3.0517578125e-05,6.103515625e-05
terminal46,I0/P8,197,s15,activePotential,2.2941337301275377e-25,8,494,z,-2.2941337301275377e-25,4.022080095465335e-30,-1.6250534647552843e-28,3.0517578125e-05,6.103515625e-05
terminal46,I0/P8,197,s15,total,4.976008372389307e-25,8,494,y,-4.976008372389307e-25,-1.2827884014656083e-29,-9.229672591085838e-29,3.0517578125e-05,6.103515625e-05
terminal46,I0/P8,197,s16,matrix,2.5983106065717076e-28,8,494,z,-2.5983106065717076e-28,-2.5753090404822884e-33,-1.348150961071065e-32,1.52587890625e-05,3.0517578125e-05
terminal46,I0/P8,197,s16,volume,1.4136387421560532e-26,3,92,y,1.4136387421560532e-26,-7.4515900827312715e-31,1.7009813268828067e-30,1.52587890625e-05,3.0517578125e-05
terminal46,I0/P8,197,s16,passiveFiber,0,0,68,x,0,0.0,0,1.52587890625e-05,3.0517578125e-05
terminal46,I0/P8,197,s16,activePotential,2.6051342534018694e-26,8,494,z,-2.6051342534018694e-26,-1.5361320893129107e-30,-2.6131017485446016e-29,1.52587890625e-05,3.0517578125e-05
terminal46,I0/P8,197,s16,total,3.27156394613258e-26,8,494,z,-3.27156394613258e-26,-1.5331373141546241e-33,-2.0313168309441054e-29,1.52587890625e-05,3.0517578125e-05
terminal46,I0/P8,197,s17,matrix,4.317780860920632e-29,8,494,z,4.317780860920632e-29,6.3121378474912445e-34,1.8100732211701912e-33,7.62939453125e-06,1.52587890625e-05
terminal46,I0/P8,197,s17,volume,2.2971629560035864e-26,8,494,y,2.2971629560035864e-26,3.434725058573131e-32,-2.2125083201120565e-30,7.62939453125e-06,1.52587890625e-05
terminal46,I0/P8,197,s17,passiveFiber,0,0,68,x,0,0.0,0,7.62939453125e-06,1.52587890625e-05
terminal46,I0/P8,197,s17,activePotential,9.163408275047273e-27,8,494,z,9.163408275047273e-27,2.1924151817183437e-31,6.976488630548323e-30,7.62939453125e-06,1.52587890625e-05
terminal46,I0/P8,197,s17,total,2.3956127969751687e-26,8,494,y,2.3956127969751687e-26,4.104083717804196e-31,5.010499343317833e-30,7.62939453125e-06,1.52587890625e-05
terminal46,I0/P8,197,s18,matrix,8.52801779374668e-30,8,494,z,-8.52801779374668e-30,-1.1460129574582263e-34,-3.0826163855963668e-34,3.814697265625e-06,7.62939453125e-06
terminal46,I0/P8,197,s18,volume,2.1898778728935288e-27,3,92,y,2.1898778728935288e-27,-3.9849456121997676e-32,2.7155612215860026e-31,3.814697265625e-06,7.62939453125e-06
terminal46,I0/P8,197,s18,passiveFiber,0,0,68,x,0,0.0,0,3.814697265625e-06,7.62939453125e-06
terminal46,I0/P8,197,s18,activePotential,2.1583234366846883e-27,8,494,z,-2.1583234366846883e-27,-7.140388409520081e-33,-1.291143434717203e-30,3.814697265625e-06,7.62939453125e-06
terminal46,I0/P8,197,s18,total,2.868298251383599e-27,8,494,y,-2.868298251383599e-27,-3.181327946508904e-33,-9.98402083170343e-31,3.814697265625e-06,7.62939453125e-06
terminal46,I0/P8,197,s19,matrix,1.5270698529046393e-30,8,494,z,-1.5270698529046393e-30,-1.466696778487905e-35,-8.390678676169488e-35,1.9073486328125e-06,3.814697265625e-06
terminal46,I0/P8,197,s19,volume,1.7749370367472766e-28,8,494,y,-1.7749370367472766e-28,3.6627352317766684e-33,1.3240768367662246e-32,1.9073486328125e-06,3.814697265625e-06
terminal46,I0/P8,197,s19,passiveFiber,0,0,68,x,0,0.0,0,1.9073486328125e-06,3.814697265625e-06
terminal46,I0/P8,197,s19,activePotential,1.9484864358958992e-28,8,494,z,-1.9484864358958992e-28,-4.126309147489882e-33,-1.3365953814047417e-31,1.9073486328125e-06,3.814697265625e-06
terminal46,I0/P8,197,s19,total,2.1220358350445218e-28,8,494,y,-2.1220358350445218e-28,-6.757767676316822e-33,-1.1757802310484075e-31,1.9073486328125e-06,3.814697265625e-06
terminal46,I0/P8,197,s20,matrix,2.2268564981977415e-31,8,494,z,-2.2268564981977415e-31,-2.545725822049228e-36,-1.0100435209440505e-35,9.5367431640625e-07,1.9073486328125e-06
terminal46,I0/P8,197,s20,volume,2.889203065371956e-29,8,494,y,-2.889203065371956e-29,3.6867710562461167e-34,2.088430283444909e-33,9.5367431640625e-07,1.9073486328125e-06
terminal46,I0/P8,197,s20,passiveFiber,0,0,68,x,0,0.0,0,9.5367431640625e-07,1.9073486328125e-06
terminal46,I0/P8,197,s20,activePotential,4.185893178328994e-29,8,494,z,-4.185893178328994e-29,-3.30519595049406e-34,-2.2461157976416138e-32,9.5367431640625e-07,1.9073486328125e-06
terminal46,I0/P8,197,s20,total,4.476785637129242e-29,8,494,z,-4.476785637129242e-29,2.2060724937360533e-34,-2.045096859696196e-32,9.5367431640625e-07,1.9073486328125e-06
terminal46,I0/P8,197,core,matrix,1.9181058539881627e-32,8,494,z,1.9181058539881627e-32,3.2127771913962515e-37,5.664413403024898e-37,0,9.5367431640625e-07
terminal46,I0/P8,197,core,volume,5.620633949699709e-30,8,494,y,5.620633949699709e-30,9.659795501305853e-35,-5.439247460124889e-34,0,9.5367431640625e-07
terminal46,I0/P8,197,core,passiveFiber,0,0,68,x,0,0.0,0,0,9.5367431640625e-07
terminal46,I0/P8,197,core,activePotential,3.457429436163966e-30,8,494,z,3.457429436163966e-30,-2.2789513901423515e-37,2.1817175151261656e-33,0,9.5367431640625e-07
terminal46,I0/P8,197,core,total,6.372516999988486e-30,8,494,y,6.372516999988486e-30,1.7467874635227388e-36,1.615975593962415e-33,0,9.5367431640625e-07
terminal46,I0/P8,200,s1,matrix,1.439488339725209e-11,9,494,y,1.439488339725209e-11,-4.521297463325562e-17,-3.3670787851131957e-16,0.5,1
terminal46,I0/P8,200,s1,volume,1.3831535694563968e-08,9,494,y,1.3831535694563968e-08,-3.713964035572042e-14,-3.2111552999980475e-13,0.5,1
terminal46,I0/P8,200,s1,passiveFiber,0,0,67,x,0,0.0,0,0.5,1
terminal46,I0/P8,200,s1,activePotential,3.9612757518625585e-13,7,497,z,3.9612757518625585e-13,-7.040218951946534e-18,3.0531133177191805e-16,0.5,1
terminal46,I0/P8,200,s1,total,1.3845625534969486e-08,9,494,y,1.3845625534969486e-08,-3.719641251721462e-14,-3.2110772374416285e-13,0.5,1
terminal46,I0/P8,200,s2,matrix,4.058190415656693e-14,9,494,y,4.058190415656693e-14,-1.3469580076697617e-19,-7.702705864093794e-19,0.25,0.5
terminal46,I0/P8,200,s2,volume,3.6986413931572315e-11,9,494,y,3.6986413931572315e-11,-1.08011954068139e-16,-7.258191443704209e-16,0.25,0.5
terminal46,I0/P8,200,s2,passiveFiber,0,0,67,x,0,0.0,0,0.25,0.5
terminal46,I0/P8,200,s2,activePotential,2.4646951146678475e-14,6,495,z,-2.4646951146678475e-14,3.130120264027902e-19,7.936359902593892e-17,0.25,0.5
terminal46,I0/P8,200,s2,total,3.701705608705197e-11,9,494,y,3.701705608705197e-11,-9.954590634569056e-17,-6.661338147750939e-16,0.25,0.5
terminal46,I0/P8,200,s3,matrix,7.39425881635114e-17,9,494,y,7.39425881635114e-17,5.514439949970677e-22,-4.301339185275744e-21,0.125,0.25
terminal46,I0/P8,200,s3,volume,7.693845560652335e-14,9,494,y,7.693845560652335e-14,-9.441730209904424e-19,-3.808260130855334e-18,0.125,0.25
terminal46,I0/P8,200,s3,passiveFiber,0,0,67,x,0,0.0,0,0.125,0.25
terminal46,I0/P8,200,s3,activePotential,3.7192471324942744e-15,3,92,z,3.7192471324942744e-15,-4.473194034971215e-19,1.5178830414797062e-18,0.125,0.25
terminal46,I0/P8,200,s3,total,8.149037000748649e-14,9,494,y,8.149037000748649e-14,-1.001995902139524e-18,-7.589415207398531e-19,0.125,0.25
terminal46,I0/P8,200,s4,matrix,2.7281237165166505e-17,9,494,z,2.7281237165166505e-17,6.787780261108221e-23,6.27002904315195e-22,0.0625,0.125
terminal46,I0/P8,200,s4,volume,8.992806499463768e-15,9,494,y,8.992806499463768e-15,-8.157718405161204e-20,-9.58841296291868e-19,0.0625,0.125
terminal46,I0/P8,200,s4,passiveFiber,0,0,67,x,0,0.0,0,0.0625,0.125
terminal46,I0/P8,200,s4,activePotential,4.371503159461554e-15,9,494,z,4.371503159461554e-15,-2.288755143227916e-20,3.3745792618611326e-18,0.0625,0.125
terminal46,I0/P8,200,s4,total,1.0047518372857667e-14,9,494,y,1.0047518372857667e-14,1.331749169180517e-22,2.256495771485456e-18,0.0625,0.125
terminal46,I0/P8,200,s5,matrix,1.7982509470208796e-18,9,494,z,-1.7982509470208796e-18,-1.40684571994699e-23,-3.7223127564886245e-24,0.03125,0.0625
terminal46,I0/P8,200,s5,volume,1.3704315460216776e-15,9,494,y,-1.3704315460216776e-15,-1.5080657665412682e-20,1.4759549105906183e-19,0.03125,0.0625
terminal46,I0/P8,200,s5,passiveFiber,0,0,67,x,0,0.0,0,0.03125,0.0625
terminal46,I0/P8,200,s5,activePotential,4.40619762898109e-16,9,494,z,-4.40619762898109e-16,-3.083192632967764e-21,-3.6845933205562065e-19,0.03125,0.0625
terminal46,I0/P8,200,s5,total,1.6653345369377348e-15,9,494,y,-1.6653345369377348e-15,-1.752664042887393e-20,-2.558039500707987e-19,0.03125,0.0625
terminal46,I0/P8,200,s6,matrix,1.8137092983082706e-19,9,494,z,1.8137092983082706e-19,-5.788668365043782e-25,9.40917946779069e-24,0.015625,0.03125
terminal46,I0/P8,200,s6,volume,1.3660947373317356e-17,3,92,y,-1.3660947373317356e-17,1.060745613305423e-21,-1.3234889800848443e-22,0.015625,0.03125
terminal46,I0/P8,200,s6,passiveFiber,0,0,67,x,0,0.0,0,0.015625,0.03125
terminal46,I0/P8,200,s6,activePotential,2.2551405187698492e-17,9,494,z,2.2551405187698492e-17,8.771262112188428e-22,1.9164120431628545e-20,0.015625,0.03125
terminal46,I0/P8,200,s6,total,7.068998164605489e-17,9,494,y,7.068998164605489e-17,-4.3028181693808335e-21,1.7893571010747095e-20,0.015625,0.03125
terminal46,I0/P8,200,s7,matrix,4.3992773698020224e-20,9,494,z,4.3992773698020224e-20,1.2387735411935935e-25,1.7771458472818954e-25,0.0078125,0.015625
terminal46,I0/P8,200,s7,volume,3.1929753979698106e-17,9,494,y,3.1929753979698106e-17,2.2881177392731984e-22,-3.2160782216061716e-21,0.0078125,0.015625
terminal46,I0/P8,200,s7,passiveFiber,0,0,67,x,0,0.0,0,0.0078125,0.015625
terminal46,I0/P8,200,s7,activePotential,7.37257477290143e-18,9,494,z,7.37257477290143e-18,9.776284199446966e-23,7.99387343971246e-21,0.0078125,0.015625
terminal46,I0/P8,200,s7,total,3.301395615218361e-17,9,494,y,3.301395615218361e-17,4.210562306128645e-22,4.2616345158731986e-21,0.0078125,0.015625
terminal46,I0/P8,200,s8,matrix,2.4583807805075982e-21,9,494,z,-2.4583807805075982e-21,-3.315217521220234e-26,-1.0178198943523583e-25,0.00390625,0.0078125
terminal46,I0/P8,200,s8,volume,5.454892180317694e-19,3,92,y,5.454892180317694e-19,-5.76062254796707e-23,1.0546552810051103e-22,0.00390625,0.0078125
terminal46,I0/P8,200,s8,passiveFiber,0,0,67,x,0,0.0,0,0.00390625,0.0078125
terminal46,I0/P8,200,s8,activePotential,2.744386749103933e-19,9,494,z,-2.744386749103933e-19,2.579228211771651e-23,-3.771943593241806e-22,0.00390625,0.0078125
terminal46,I0/P8,200,s8,total,8.876905287225068e-19,9,494,y,-8.876905287225068e-19,-1.2933041640540827e-23,-2.2830184906463564e-22,0.00390625,0.0078125
terminal46,I0/P8,200,s9,matrix,9.010064822233854e-22,9,494,z,-9.010064822233854e-22,-4.3234180964865e-27,-3.5744865337374487e-26,0.001953125,0.00390625
terminal46,I0/P8,200,s9,volume,2.0328790734103208e-20,9,494,y,-2.0328790734103208e-20,2.3037213718359244e-24,2.0679515313825692e-24,0.001953125,0.00390625
terminal46,I0/P8,200,s9,passiveFiber,0,0,67,x,0,0.0,0,0.001953125,0.00390625
terminal46,I0/P8,200,s9,activePotential,1.0926725019580474e-19,9,494,z,-1.0926725019580474e-19,1.3928673598369442e-24,-6.762201507621001e-23,0.001953125,0.00390625
terminal46,I0/P8,200,s9,total,9.994988777600744e-20,9,494,z,-9.994988777600744e-20,-3.47304910506931e-24,-6.534726839168919e-23,0.001953125,0.00390625
terminal46,I0/P8,200,s10,matrix,1.5938736428131152e-22,9,494,z,1.5938736428131152e-22,2.405893876721504e-28,6.235156594866877e-27,0.0009765625,0.001953125
terminal46,I0/P8,200,s10,volume,4.658681209898652e-20,9,494,y,4.658681209898652e-20,5.050594255044759e-25,-4.8596860987490376e-24,0.0009765625,0.001953125
terminal46,I0/P8,200,s10,passiveFiber,0,0,67,x,0,0.0,0,0.0009765625,0.001953125
terminal46,I0/P8,200,s10,activePotential,2.106994456295072e-20,9,494,z,2.106994456295072e-20,5.34617761984711e-25,2.1971985020939798e-23,0.0009765625,0.001953125
terminal46,I0/P8,200,s10,total,5.738648217647885e-20,9,494,y,5.738648217647885e-20,5.3028358997224485e-25,1.770683498746325e-23,0.0009765625,0.001953125
terminal46,I0/P8,200,s11,matrix,1.7409566954827004e-23,9,494,z,1.7409566954827004e-23,1.511071045256915e-29,7.3837380728686705e-28,0.00048828125,0.0009765625
terminal46,I0/P8,200,s11,volume,1.5881867761018131e-21,3,92,y,-1.5881867761018131e-21,1.238932654831415e-25,-3.101927297073854e-25,0.00048828125,0.0009765625
terminal46,I0/P8,200,s11,passiveFiber,0,0,67,x,0,0.0,0,0.00048828125,0.0009765625
terminal46,I0/P8,200,s11,activePotential,3.533715576826534e-21,9,494,z,3.533715576826534e-21,1.1756551161316611e-26,2.2650531617174703e-24,0.00048828125,0.0009765625
terminal46,I0/P8,200,s11,total,3.3947492339176256e-21,9,494,z,3.3947492339176256e-21,9.86894306054788e-26,2.051795660043643e-24,0.00048828125,0.0009765625
terminal46,I0/P8,200,s12,matrix,1.3857698640964053e-24,9,494,z,-1.3857698640964053e-24,4.153348348799571e-31,-6.143254299408629e-29,0.000244140625,0.00048828125
terminal46,I0/P8,200,s12,volume,1.3400325923359048e-22,9,494,y,-1.3400325923359048e-22,-2.3334913480599873e-27,1.474223259677027e-26,0.000244140625,0.00048828125
terminal46,I0/P8,200,s12,passiveFiber,0,0,67,x,0,0.0,0,0.000244140625,0.00048828125
terminal46,I0/P8,200,s12,activePotential,2.299562102897417e-22,9,494,z,-2.299562102897417e-22,5.873207615034796e-27,-1.3167035141224952e-25,0.000244140625,0.00048828125
terminal46,I0/P8,200,s12,total,1.6378176128549948e-22,3,92,y,1.6378176128549948e-22,-1.4544826795084727e-26,-1.1309109937248425e-25,0.000244140625,0.00048828125
terminal46,I0/P8,200,s13,matrix,1.088501831460161e-25,9,494,x,-1.088501831460161e-25,-3.2064587027323194e-31,4.7947951895464624e-30,0.0001220703125,0.000244140625
terminal46,I0/P8,200,s13,volume,1.0236360080343717e-22,9,494,y,-1.0236360080343717e-22,-1.8940881267998804e-27,1.1119783319995382e-26,0.0001220703125,0.000244140625
terminal46,I0/P8,200,s13,passiveFiber,0,0,67,x,0,0.0,0,0.0001220703125,0.000244140625
terminal46,I0/P8,200,s13,activePotential,3.070908024103115e-23,9,494,z,-3.070908024103115e-23,-5.5140025645531356e-28,-2.069971015299935e-26,0.0001220703125,0.000244140625
terminal46,I0/P8,200,s13,total,1.1890721305449773e-22,9,494,y,-1.1890721305449773e-22,-2.2932487727318174e-27,-1.0955700251709412e-26,0.0001220703125,0.000244140625
terminal46,I0/P8,200,s14,matrix,5.109925399659626e-26,9,494,z,-5.109925399659626e-26,-7.97465648601664e-32,-1.7687740609252374e-30,6.103515625e-05,0.0001220703125
terminal46,I0/P8,200,s14,volume,6.875938841847043e-24,9,494,y,-6.875938841847043e-24,-7.930444075294557e-29,5.1118186658321565e-28,6.103515625e-05,0.0001220703125
terminal46,I0/P8,200,s14,passiveFiber,0,0,67,x,0,0.0,0,6.103515625e-05,0.0001220703125
terminal46,I0/P8,200,s14,activePotential,3.334571844354393e-24,9,494,z,-3.334571844354393e-24,-4.7190158394384636e-29,-4.127320256116334e-27,6.103515625e-05,0.0001220703125
terminal46,I0/P8,200,s14,total,7.444625512977249e-24,9,494,y,-7.444625512977249e-24,-9.113017712856313e-29,-3.3763246743459305e-27,6.103515625e-05,0.0001220703125
terminal46,I0/P8,200,s15,matrix,1.8435679355015046e-27,9,494,z,1.8435679355015046e-27,1.9313002623209208e-33,9.167426535283243e-32,3.0517578125e-05,6.103515625e-05
terminal46,I0/P8,200,s15,volume,2.3264454728053903e-25,3,92,y,-2.3264454728053903e-25,2.0193978784051724e-29,-3.411823415080876e-29,3.0517578125e-05,6.103515625e-05
terminal46,I0/P8,200,s15,passiveFiber,0,0,67,x,0,0.0,0,3.0517578125e-05,6.103515625e-05
terminal46,I0/P8,200,s15,activePotential,1.5671195198758532e-25,9,494,z,1.5671195198758532e-25,4.475472533078095e-30,1.7276053824340159e-28,3.0517578125e-05,6.103515625e-05
terminal46,I0/P8,200,s15,total,2.649562899583917e-25,9,494,y,2.649562899583917e-25,1.15047037905486e-29,1.475169892763292e-28,3.0517578125e-05,6.103515625e-05
terminal46,I0/P8,200,s16,matrix,3.363505684636089e-28,9,494,z,-3.363505684636089e-28,-9.346050897954148e-34,-1.658707164603507e-32,1.52587890625e-05,3.0517578125e-05
terminal46,I0/P8,200,s16,volume,3.110005232743317e-26,9,494,y,-3.110005232743317e-26,1.591143069271107e-30,2.0954117794933126e-30,1.52587890625e-05,3.0517578125e-05
terminal46,I0/P8,200,s16,passiveFiber,0,0,67,x,0,0.0,0,1.52587890625e-05,3.0517578125e-05
terminal46,I0/P8,200,s16,activePotential,4.4428646182047385e-26,9,494,z,-4.4428646182047385e-26,-7.4336743511828624e-31,-3.756950061115069e-29,1.52587890625e-05,3.0517578125e-05
terminal46,I0/P8,200,s16,total,5.129489150109107e-26,9,494,z,-5.129489150109107e-26,2.581995564596487e-30,-3.362519608504563e-29,1.52587890625e-05,3.0517578125e-05
terminal46,I0/P8,200,s17,matrix,5.69952004022181e-29,9,494,z,5.69952004022181e-29,-9.635411284798553e-35,2.2780140123455274e-33,7.62939453125e-06,1.52587890625e-05
terminal46,I0/P8,200,s17,volume,3.811775894027929e-27,3,92,y,-3.811775894027929e-27,3.955972115138477e-31,-3.112302790129773e-31,7.62939453125e-06,1.52587890625e-05
terminal46,I0/P8,200,s17,passiveFiber,0,0,67,x,0,0.0,0,7.62939453125e-06,1.52587890625e-05
terminal46,I0/P8,200,s17,activePotential,1.8554008490798198e-27,3,92,z,-1.8554008490798198e-27,8.93485156123856e-32,4.425016640224113e-30,7.62939453125e-06,1.52587890625e-05
terminal46,I0/P8,200,s17,total,4.6448130099413175e-27,9,494,y,4.6448130099413175e-27,2.038708685893484e-31,4.3757128336478e-30,7.62939453125e-06,1.52587890625e-05
terminal46,I0/P8,200,s18,matrix,1.9351744081202946e-30,9,494,z,-1.9351744081202946e-30,-3.232237576883316e-35,2.9340338996524296e-35,3.814697265625e-06,7.62939453125e-06
terminal46,I0/P8,200,s18,volume,3.761288796093784e-27,9,494,y,-3.761288796093784e-27,-5.116863549366544e-32,4.032897303546872e-31,3.814697265625e-06,7.62939453125e-06
terminal46,I0/P8,200,s18,passiveFiber,0,0,67,x,0,0.0,0,3.814697265625e-06,7.62939453125e-06
terminal46,I0/P8,200,s18,activePotential,1.404172411293401e-27,9,494,z,-1.404172411293401e-27,-2.107829604867758e-32,-1.1725061501429492e-30,3.814697265625e-06,7.62939453125e-06
terminal46,I0/P8,200,s18,total,4.215672677501087e-27,9,494,y,-4.215672677501087e-27,-1.6822919510205212e-32,-7.0103849975695385e-31,3.814697265625e-06,7.62939453125e-06
terminal46,I0/P8,200,s19,matrix,6.578976690026798e-31,9,494,z,-6.578976690026798e-31,-3.125146772712301e-38,-1.5610564978919978e-35,1.9073486328125e-06,3.814697265625e-06
terminal46,I0/P8,200,s19,volume,1.735493991486226e-29,9,494,y,-1.735493991486226e-29,1.616518441263787e-33,-2.4074124304840448e-33,1.9073486328125e-06,3.814697265625e-06
terminal46,I0/P8,200,s19,passiveFiber,0,0,67,x,0,0.0,0,1.9073486328125e-06,3.814697265625e-06
terminal46,I0/P8,200,s19,activePotential,1.34106353887572e-29,3,92,z,-1.34106353887572e-29,2.3146868621893503e-33,6.162975822039155e-33,1.9073486328125e-06,3.814697265625e-06
terminal46,I0/P8,200,s19,total,8.67746995743113e-29,9,494,y,8.67746995743113e-29,-7.201989987022886e-33,-7.703719777548943e-34,1.9073486328125e-06,3.814697265625e-06
terminal46,I0/P8,200,s20,matrix,1.1726505948887782e-31,9,494,z,-1.1726505948887782e-31,1.1088696098538495e-37,-6.25362994637457e-36,9.5367431640625e-07,1.9073486328125e-06
terminal46,I0/P8,200,s20,volume,5.423418723394456e-30,9,494,y,-5.423418723394456e-30,-2.2901053815133132e-34,9.208352546601471e-34,9.5367431640625e-07,1.9073486328125e-06
terminal46,I0/P8,200,s20,passiveFiber,0,0,67,x,0,0.0,0,9.5367431640625e-07,1.9073486328125e-06
terminal46,I0/P8,200,s20,activePotential,1.6073040943878116e-29,9,494,z,-1.6073040943878116e-29,6.113919827954914e-36,-1.4179659215551024e-32,9.5367431640625e-07,1.9073486328125e-06
terminal46,I0/P8,200,s20,total,1.493905339262291e-29,9,494,z,-1.493905339262291e-29,-1.1473189138705498e-33,-1.2181506898249267e-32,9.5367431640625e-07,1.9073486328125e-06
terminal46,I0/P8,200,core,matrix,1.7989389386792025e-32,9,494,z,-1.7989389386792025e-32,1.6099999545259525e-38,-9.051306501331614e-37,0,9.5367431640625e-07
terminal46,I0/P8,200,core,volume,1.2572470676959876e-30,9,494,y,1.2572470676959876e-30,6.419898201735464e-35,-1.903360452851448e-34,0,9.5367431640625e-07
terminal46,I0/P8,200,core,passiveFiber,0,0,67,x,0,0.0,0,0,9.5367431640625e-07
terminal46,I0/P8,200,core,activePotential,1.8119148916795115e-30,9,494,z,-1.8119148916795115e-30,1.1985351813665528e-35,-1.447456723828532e-33,0,9.5367431640625e-07
terminal46,I0/P8,200,core,total,2.4528643771715836e-30,9,494,z,-2.4528643771715836e-30,-9.980517889309574e-35,-1.5226883622811583e-33,0,9.5367431640625e-07
terminal46,I0/P8,203,s1,matrix,7.584830913299687e-11,7,498,y,7.584830913299687e-11,-1.4775667665730283e-15,-2.3450573012856295e-15,0.5,1
terminal46,I0/P8,203,s1,volume,7.095103615739617e-08,7,498,y,7.095103615739617e-08,-1.2436824741771896e-12,-2.1699326363533444e-12,0.5,1
terminal46,I0/P8,203,s1,passiveFiber,0,0,67,x,0,0.0,0,0.5,1
terminal46,I0/P8,203,s1,activePotential,6.354916592954396e-13,7,498,y,-6.354916592954396e-13,2.6532137143284975e-17,-4.0245584642661925e-16,0.5,1
terminal46,I0/P8,203,s1,total,7.102629595578946e-08,7,498,y,7.102629595578946e-08,-1.2450734836907582e-12,-2.1721652254669266e-12,0.5,1
terminal46,I0/P8,203,s2,matrix,2.3948204530555017e-13,7,498,y,2.3948204530555017e-13,-4.487585417871e-18,-6.090378648995233e-18,0.25,0.5
terminal46,I0/P8,203,s2,volume,2.1193535815200448e-10,7,498,y,2.1193535815200448e-10,-3.652295483774269e-15,-5.40995200026817e-15,0.25,0.5
terminal46,I0/P8,203,s2,passiveFiber,0,0,67,x,0,0.0,0,0.25,0.5
terminal46,I0/P8,203,s2,activePotential,4.440892098500626e-14,9,500,z,4.440892098500626e-14,-2.052532265986241e-18,4.683753385137379e-17,0.25,0.5
terminal46,I0/P8,203,s2,total,2.1225154966941773e-10,7,498,y,2.1225154966941773e-10,-3.66651499343889e-15,-5.368969158148218e-15,0.25,0.5
terminal46,I0/P8,203,s3,matrix,3.7665183472146424e-16,7,498,y,3.7665183472146424e-16,-9.622152467275017e-21,-2.064642808932357e-20,0.125,0.25
terminal46,I0/P8,203,s3,volume,3.5216274341109965e-13,7,498,y,3.5216274341109965e-13,-5.18948551312206e-18,-1.3064636178450328e-17,0.125,0.25
terminal46,I0/P8,203,s3,passiveFiber,0,0,67,x,0,0.0,0,0.125,0.25
terminal46,I0/P8,203,s3,activePotential,1.3100631690576847e-14,7,498,z,-1.3100631690576847e-14,1.9115862887720474e-20,-6.071532165918825e-18,0.125,0.25
terminal46,I0/P8,203,s3,total,3.3661962106634746e-13,7,498,y,3.3661962106634746e-13,-2.9549396039690196e-18,-1.7564075194265172e-17,0.125,0.25
terminal46,I0/P8,203,s4,matrix,9.351243737687476e-18,7,498,y,9.351243737687476e-18,3.208646213831563e-22,1.9521462456251453e-22,0.0625,0.125
terminal46,I0/P8,203,s4,volume,1.0380585280245214e-14,7,498,y,1.0380585280245214e-14,-1.7448223753442213e-19,-1.81603863891322e-18,0.0625,0.125
terminal46,I0/P8,203,s4,passiveFiber,0,0,67,x,0,0.0,0,0.0625,0.125
terminal46,I0/P8,203,s4,activePotential,3.2751579226442118e-15,7,498,z,-3.2751579226442118e-15,1.3674707886925422e-19,1.599198204416119e-18,0.0625,0.125
terminal46,I0/P8,203,s4,total,1.149080830487037e-14,7,498,y,1.149080830487037e-14,-3.6378847874725065e-20,-1.3552527156068805e-19,0.0625,0.125
terminal46,I0/P8,203,s5,matrix,2.1074179727686992e-18,7,498,x,-2.1074179727686992e-18,5.613012064103514e-24,1.1745964698252993e-22,0.03125,0.0625
terminal46,I0/P8,203,s5,volume,1.2420620087993939e-15,7,498,y,-1.2420620087993939e-15,-5.465144392355528e-20,2.56650983018053e-19,0.03125,0.0625
terminal46,I0/P8,203,s5,passiveFiber,0,0,67,x,0,0.0,0,0.03125,0.0625
terminal46,I0/P8,203,s5,activePotential,4.718447854656915e-16,7,498,z,-4.718447854656915e-16,2.873427954428361e-22,-4.777265822514254e-19,0.03125,0.0625
terminal46,I0/P8,203,s5,total,2.7200464103316335e-15,7,498,y,-2.7200464103316335e-15,5.97337424974719e-20,-1.6432439176733427e-19,0.03125,0.0625
terminal46,I0/P8,203,s6,matrix,3.89211639263351e-19,7,498,z,3.89211639263351e-19,9.324583320681406e-24,2.0576117737256563e-23,0.015625,0.03125
terminal46,I0/P8,203,s6,volume,3.3566899260151217e-16,7,498,y,3.3566899260151217e-16,-5.063643245787524e-21,-4.256340559952859e-20,0.015625,0.03125
terminal46,I0/P8,203,s6,passiveFiber,0,0,67,x,0,0.0,0,0.015625,0.03125
terminal46,I0/P8,203,s6,activePotential,1.3964523981613297e-16,7,498,z,1.3964523981613297e-16,2.4688573026532384e-21,1.266314256145179e-19,0.015625,0.03125
terminal46,I0/P8,203,s6,total,3.4954678040932663e-16,7,498,y,3.4954678040932663e-16,4.851137144805611e-21,7.792703114739563e-20,0.015625,0.03125
terminal46,I0/P8,203,s7,matrix,7.183898183900535e-20,7,498,z,-7.183898183900535e-20,-1.0900131318031945e-24,-3.974344349375875e-24,0.0078125,0.015625
terminal46,I0/P8,203,s7,volume,1.5287250632045613e-17,7,498,y,-1.5287250632045613e-17,-7.571701629072267e-22,2.3425754947501744e-21,0.0078125,0.015625
terminal46,I0/P8,203,s7,passiveFiber,0,0,67,x,0,0.0,0,0.0078125,0.015625
terminal46,I0/P8,203,s7,activePotential,1.7997756063259374e-17,7,498,z,-1.7997756063259374e-17,-4.758957639953248e-22,-1.2387856853594142e-20,0.0078125,0.015625
terminal46,I0/P8,203,s7,total,2.3852447794681098e-17,7,498,y,-2.3852447794681098e-17,-3.4847725529002155e-22,-8.4967992521447e-21,0.0078125,0.015625
terminal46,I0/P8,203,s8,matrix,3.705769144237564e-21,7,498,y,3.705769144237564e-21,9.733040488415567e-26,-1.2278462217584005e-25,0.00390625,0.0078125
terminal46,I0/P8,203,s8,volume,1.9786689647860456e-18,7,498,y,1.9786689647860456e-18,1.3079730016566645e-23,-3.7223127564886245e-22,0.00390625,0.0078125
terminal46,I0/P8,203,s8,passiveFiber,0,0,67,x,0,0.0,0,0.00390625,0.0078125
terminal46,I0/P8,203,s8,activePotential,3.049318610115481e-19,5,495,z,3.049318610115481e-19,-1.2905819093504839e-23,5.823351512373315e-22,0.00390625,0.0078125
terminal46,I0/P8,203,s8,total,2.588532686809142e-18,7,498,y,2.588532686809142e-18,1.7985332878297211e-23,-1.1249656330721176e-22,0.00390625,0.0078125
terminal46,I0/P8,203,s9,matrix,1.0819522412193602e-21,7,498,z,1.0819522412193602e-21,1.422171888290213e-26,5.0689046325881335e-26,0.001953125,0.00390625
terminal46,I0/P8,203,s9,volume,2.710505431213761e-19,7,498,y,2.710505431213761e-19,1.1707644728413396e-23,-4.5908523996693036e-23,0.001953125,0.00390625
terminal46,I0/P8,203,s9,passiveFiber,0,0,67,x,0,0.0,0,0.001953125,0.00390625
terminal46,I0/P8,203,s9,activePotential,1.3552527156068805e-19,7,498,z,1.3552527156068805e-19,3.685754764025268e-24,1.737079286361358e-22,0.001953125,0.00390625
terminal46,I0/P8,203,s9,total,2.642742795433417e-19,7,498,y,2.642742795433417e-19,2.2532407779306586e-23,1.0546552810051103e-22,0.001953125,0.00390625
terminal46,I0/P8,203,s10,matrix,2.7048806030484005e-22,7,498,z,2.7048806030484005e-22,4.3729048219429484e-27,1.857925203976527e-26,0.0009765625,0.001953125
terminal46,I0/P8,203,s10,volume,1.3446648037662018e-19,7,498,y,1.3446648037662018e-19,3.31604152378477e-25,-1.8146274687882045e-23,0.0009765625,0.001953125
terminal46,I0/P8,203,s10,passiveFiber,0,0,67,x,0,0.0,0,0.0009765625,0.001953125
terminal46,I0/P8,203,s10,activePotential,7.771527291058206e-20,7,498,z,7.771527291058206e-20,1.5950408752453722e-24,5.955700410381799e-23,0.0009765625,0.001953125
terminal46,I0/P8,203,s10,total,1.6940658945086007e-19,7,498,y,1.6940658945086007e-19,4.518466936861329e-25,4.5029644595855444e-23,0.0009765625,0.001953125
terminal46,I0/P8,203,s11,matrix,5.480071558163808e-24,7,498,y,5.480071558163808e-24,-1.3781261883711198e-28,-3.944304526105059e-28,0.00048828125,0.0009765625
terminal46,I0/P8,203,s11,volume,4.711620769102046e-21,7,498,y,4.711620769102046e-21,3.1165492110822823e-25,-9.208846663188003e-25,0.00048828125,0.0009765625
terminal46,I0/P8,203,s11,passiveFiber,0,0,67,x,0,0.0,0,0.00048828125,0.0009765625
terminal46,I0/P8,203,s11,activePotential,8.999725064576941e-22,7,498,z,8.999725064576941e-22,2.304114943569453e-26,1.7189847104617606e-24,0.00048828125,0.0009765625
terminal46,I0/P8,203,s11,total,8.946785505373547e-21,7,498,y,8.946785505373547e-21,1.0283101881042966e-25,3.2311742677852644e-25,0.00048828125,0.0009765625
terminal46,I0/P8,203,s12,matrix,3.1019272970738538e-24,7,498,z,-3.1019272970738538e-24,-2.6872678078086964e-29,-2.4375801971329265e-28,0.000244140625,0.00048828125
terminal46,I0/P8,203,s12,volume,6.749793798432706e-22,7,498,y,-6.749793798432706e-22,5.2765727427861915e-27,1.0097419586828951e-25,0.000244140625,0.00048828125
terminal46,I0/P8,203,s12,passiveFiber,0,0,67,x,0,0.0,0,0.000244140625,0.00048828125
terminal46,I0/P8,203,s12,activePotential,7.907846656006945e-22,7,498,z,-7.907846656006945e-22,-1.490140117242369e-26,-5.896893038708107e-25,0.000244140625,0.00048828125
terminal46,I0/P8,203,s12,total,1.0422475718168149e-21,7,498,z,-1.0422475718168149e-21,-3.677492216208914e-27,-5.266814056489981e-25,0.000244140625,0.00048828125
terminal46,I0/P8,203,s13,matrix,1.1309109937248425e-25,7,498,y,-1.1309109937248425e-25,-4.61121769022576e-31,5.423418723394456e-31,0.0001220703125,0.000244140625
terminal46,I0/P8,203,s13,volume,4.714929491552258e-23,7,498,y,-4.714929491552258e-23,-3.823197346491057e-28,6.1089388500315154e-27,0.0001220703125,0.000244140625
terminal46,I0/P8,203,s13,passiveFiber,0,0,67,x,0,0.0,0,0.0001220703125,0.000244140625
terminal46,I0/P8,203,s13,activePotential,3.1846453583291565e-23,7,498,z,3.1846453583291565e-23,-6.4487562656846675e-28,-1.8175355256292112e-27,0.0001220703125,0.000244140625
terminal46,I0/P8,203,s13,total,5.542110104105285e-23,7,498,y,-5.542110104105285e-23,-7.471861806364482e-28,6.563322731438818e-27,0.0001220703125,0.000244140625
terminal46,I0/P8,203,s14,matrix,1.37072470891203e-26,7,498,z,-1.37072470891203e-26,2.012320821237784e-33,-6.902532920683853e-31,6.103515625e-05,0.0001220703125
terminal46,I0/P8,203,s14,volume,5.0923306460295766e-24,9,500,y,5.0923306460295766e-24,-4.705303083867185e-28,8.01482679704548e-28,6.103515625e-05,0.0001220703125
terminal46,I0/P8,203,s14,passiveFiber,0,0,67,x,0,0.0,0,6.103515625e-05,0.0001220703125
terminal46,I0/P8,203,s14,activePotential,5.428372769879244e-24,7,498,z,-5.428372769879244e-24,-1.1732249168027735e-28,-2.9534952291474682e-27,6.103515625e-05,0.0001220703125
terminal46,I0/P8,203,s14,total,4.937234281175884e-24,9,500,y,4.937234281175884e-24,-5.367601593793488e-28,-1.8932661725304283e-27,6.103515625e-05,0.0001220703125
terminal46,I0/P8,203,s15,matrix,6.964064071291092e-27,7,498,z,6.964064071291092e-27,1.012088765073536e-31,6.848606882241011e-31,3.0517578125e-05,6.103515625e-05
terminal46,I0/P8,203,s15,volume,4.459020489543665e-25,7,498,y,-4.459020489543665e-25,3.041208884142923e-29,2.208810534618833e-29,3.0517578125e-05,6.103515625e-05
terminal46,I0/P8,203,s15,passiveFiber,0,0,67,x,0,0.0,0,3.0517578125e-05,6.103515625e-05
terminal46,I0/P8,203,s15,activePotential,1.234308570293971e-24,7,498,z,1.234308570293971e-24,4.1640964451286855e-30,7.699282434957075e-28,3.0517578125e-05,6.103515625e-05
terminal46,I0/P8,203,s15,total,1.2149215246872594e-24,7,498,z,1.2149215246872594e-24,1.6299659519005088e-29,8.67746995743113e-28,3.0517578125e-05,6.103515625e-05
terminal46,I0/P8,203,s16,matrix,9.758209397583916e-28,7,498,z,-9.758209397583916e-28,-1.518767570302805e-32,-6.211124070648836e-32,1.52587890625e-05,3.0517578125e-05
terminal46,I0/P8,203,s16,volume,2.1729646950855903e-25,7,498,y,-2.1729646950855903e-25,7.349062233673666e-30,2.465190328815662e-29,1.52587890625e-05,3.0517578125e-05
terminal46,I0/P8,203,s16,passiveFiber,0,0,67,x,0,0.0,0,1.52587890625e-05,3.0517578125e-05
terminal46,I0/P8,203,s16,activePotential,1.954860432010085e-25,7,498,z,-1.954860432010085e-25,-2.1550105878045053e-30,-1.5067243289721325e-28,1.52587890625e-05,3.0517578125e-05
terminal46,I0/P8,203,s16,total,2.8272774843121063e-25,7,498,z,-2.8272774843121063e-25,-8.598869528057657e-31,-1.3252863207712998e-28,1.52587890625e-05,3.0517578125e-05
terminal46,I0/P8,203,s17,matrix,3.120930956280628e-29,7,498,z,-3.120930956280628e-29,-5.1016291375625456e-34,-1.0111132208032988e-33,7.62939453125e-06,1.52587890625e-05
terminal46,I0/P8,203,s17,volume,6.361374339702239e-27,7,498,y,-6.361374339702239e-27,-1.717170388265321e-31,8.258387601532467e-31,7.62939453125e-06,1.52587890625e-05
terminal46,I0/P8,203,s17,passiveFiber,0,0,67,x,0,0.0,0,7.62939453125e-06,1.52587890625e-05
terminal46,I0/P8,203,s17,activePotential,3.2311742677852644e-27,7,498,z,-3.2311742677852644e-27,1.0318288277535567e-31,-2.1693674893577825e-30,7.62939453125e-06,1.52587890625e-05
terminal46,I0/P8,203,s17,total,7.472090494253424e-27,7,498,y,-7.472090494253424e-27,-3.2021245074576856e-31,-1.0107280348144214e-30,7.62939453125e-06,1.52587890625e-05
terminal46,I0/P8,203,s18,matrix,1.3959140236918685e-29,7,498,z,-1.3959140236918685e-29,-2.6572898765173193e-34,-6.1539480254248396e-34,3.814697265625e-06,7.62939453125e-06
terminal46,I0/P8,203,s18,volume,9.062434079178984e-27,7,498,y,-9.062434079178984e-27,1.9375203397925588e-32,1.072357793034813e-30,3.814697265625e-06,7.62939453125e-06
terminal46,I0/P8,203,s18,passiveFiber,0,0,67,x,0,0.0,0,3.814697265625e-06,7.62939453125e-06
terminal46,I0/P8,203,s18,activePotential,4.1778073540504785e-27,7,498,z,-4.1778073540504785e-27,-1.739010894207252e-31,-3.697785493223493e-30,3.814697265625e-06,7.62939453125e-06
terminal46,I0/P8,203,s18,total,8.418723580518638e-27,7,498,y,-8.418723580518638e-27,-2.145795172034818e-31,-2.6993834100531498e-30,3.814697265625e-06,7.62939453125e-06
terminal46,I0/P8,203,s19,matrix,2.3496345321524277e-30,7,498,z,2.3496345321524277e-30,3.693894572627669e-35,1.250725989274914e-34,1.9073486328125e-06,3.814697265625e-06
terminal46,I0/P8,203,s19,volume,9.182340936772577e-28,7,498,y,9.182340936772577e-28,-3.290284459013851e-33,-1.348150961071065e-31,1.9073486328125e-06,3.814697265625e-06
terminal46,I0/P8,203,s19,passiveFiber,0,0,67,x,0,0.0,0,1.9073486328125e-06,3.814697265625e-06
terminal46,I0/P8,203,s19,activePotential,6.373996114185775e-28,7,498,z,6.373996114185775e-28,1.0569070721201323e-32,4.81482486096809e-31,1.9073486328125e-06,3.814697265625e-06
terminal46,I0/P8,203,s19,total,1.199068575935938e-27,7,498,y,1.199068575935938e-27,1.4482336342115876e-33,3.7671189712214333e-31,1.9073486328125e-06,3.814697265625e-06
terminal46,I0/P8,203,s20,matrix,4.068527007518036e-31,7,498,z,-4.068527007518036e-31,-5.798740691814746e-36,-1.8502281081942805e-35,9.5367431640625e-07,1.9073486328125e-06
terminal46,I0/P8,203,s20,volume,2.4967447650245024e-28,7,498,y,-2.4967447650245024e-28,-1.2626814960676918e-34,3.490748024201865e-32,9.5367431640625e-07,1.9073486328125e-06
terminal46,I0/P8,203,s20,passiveFiber,0,0,67,x,0,0.0,0,9.5367431640625e-07,1.9073486328125e-06
terminal46,I0/P8,203,s20,activePotential,1.2542888393014088e-28,7,498,z,-1.2542888393014088e-28,-2.1190043801616295e-33,-1.0053354309701371e-31,9.5367431640625e-07,1.9073486328125e-06
terminal46,I0/P8,203,s20,total,2.699876448118913e-28,7,498,y,-2.699876448118913e-28,-2.3858912275186717e-33,-6.581865584943379e-32,9.5367431640625e-07,1.9073486328125e-06
terminal46,I0/P8,203,core,matrix,2.1197266450412015e-32,7,498,z,2.1197266450412015e-32,2.6217858619721217e-37,1.5957335812412553e-36,0,9.5367431640625e-07
terminal46,I0/P8,203,core,volume,2.8596207814261678e-30,2,92,y,2.8596207814261678e-30,-2.0249895941307933e-34,7.101866669927932e-34,0,9.5367431640625e-07
terminal46,I0/P8,203,core,passiveFiber,0,0,67,x,0,0.0,0,0,9.5367431640625e-07
terminal46,I0/P8,203,core,activePotential,6.748458525132874e-31,7,498,x,-6.748458525132874e-31,8.158527148134983e-35,-2.6481536735324493e-34,0,9.5367431640625e-07
terminal46,I0/P8,203,core,total,3.870348816240589e-30,7,498,y,-3.870348816240589e-30,-1.1689659997598878e-34,8.305572885169955e-34,0,9.5367431640625e-07
terminal46,I0/P8,206,s1,matrix,1.5126527773412501e-09,7,505,y,-1.5126527773412501e-09,-3.0760884266368595e-14,-1.1502412656247754e-14,0.5,1
terminal46,I0/P8,206,s1,volume,1.4031622583843273e-06,7,505,y,-1.4031622583843273e-06,-2.801054384924232e-11,-1.07708182650601e-11,0.5,1
terminal46,I0/P8,206,s1,passiveFiber,0,0,76,x,0,0.0,0,0.5,1
terminal46,I0/P8,206,s1,activePotential,1.1013412404281553e-12,8,500,z,-1.1013412404281553e-12,-1.0682030246178055e-17,-9.08995101411847e-16,0.5,1
terminal46,I0/P8,206,s1,total,1.404675121108312e-06,7,505,y,-1.404675121108312e-06,-2.804129559102138e-11,-1.0783138271186488e-11,0.5,1
terminal46,I0/P8,206,s2,matrix,1.0879585427003846e-11,7,505,y,-1.0879585427003846e-11,-2.1422809209785378e-16,-6.174330201979975e-17,0.25,0.5
terminal46,I0/P8,206,s2,volume,9.200476824844372e-09,7,505,y,-9.200476824844372e-09,-1.78509945638746e-13,-5.319356066735281e-14,0.25,0.5
terminal46,I0/P8,206,s2,passiveFiber,0,0,76,x,0,0.0,0,0.25,0.5
terminal46,I0/P8,206,s2,activePotential,1.1013412404281553e-13,7,505,z,1.1013412404281553e-13,3.4028593230575332e-18,-1.0278236595162582e-16,0.25,0.5
terminal46,I0/P8,206,s2,total,9.211188256585956e-09,7,505,y,-9.211188256585956e-09,-1.7874125609758748e-13,-5.334860157801824e-14,0.25,0.5
terminal46,I0/P8,206,s3,matrix,3.1977025194418474e-14,7,505,y,-3.1977025194418474e-14,-6.238552840768571e-19,-1.5614522987040993e-19,0.125,0.25
terminal46,I0/P8,206,s3,volume,2.5353052990340075e-11,7,505,y,-2.5353052990340075e-11,-4.826987121618609e-16,-1.2701428450667684e-16,0.125,0.25
terminal46,I0/P8,206,s3,passiveFiber,0,0,76,x,0,0.0,0,0.125,0.25
terminal46,I0/P8,206,s3,activePotential,1.787459069646502e-14,7,505,z,-1.787459069646502e-14,-9.391385033686918e-19,9.215718466126788e-18,0.125,0.25
terminal46,I0/P8,206,s3,total,2.5371704737153777e-11,7,505,y,-2.5371704737153777e-11,-4.850692801630576e-16,-1.1649752343356745e-16,0.125,0.25
terminal46,I0/P8,206,s4,matrix,4.6460180673372e-16,7,505,z,4.6460180673372e-16,1.2201073967901183e-20,8.566282423599155e-21,0.0625,0.125
terminal46,I0/P8,206,s4,volume,4.651834473179406e-14,7,505,y,4.651834473179406e-14,1.2572363206820856e-18,3.689675518239732e-18,0.0625,0.125
terminal46,I0/P8,206,s4,passiveFiber,0,0,76,x,0,0.0,0,0.0625,0.125
terminal46,I0/P8,206,s4,activePotential,2.4744095661333176e-14,7,505,z,2.4744095661333176e-14,7.396794911088472e-19,-9.120850776034306e-18,0.0625,0.125
terminal46,I0/P8,206,s4,total,5.10702591327572e-14,7,505,y,5.10702591327572e-14,1.5042764549933983e-18,-5.8987374446789476e-18,0.0625,0.125
terminal46,I0/P8,206,s5,matrix,2.099286456475058e-17,7,505,y,2.099286456475058e-17,5.70744123660567e-22,6.902822211755016e-22,0.03125,0.0625
terminal46,I0/P8,206,s5,volume,1.9609314172441827e-14,7,505,y,1.9609314172441827e-14,3.3519380508666895e-19,7.5089470774093725e-19,0.03125,0.0625
terminal46,I0/P8,206,s5,passiveFiber,0,0,76,x,0,0.0,0,0.03125,0.0625
terminal46,I0/P8,206,s5,activePotential,9.194034422677078e-16,7,505,z,9.194034422677078e-16,3.155583319980523e-20,-5.946171289725188e-19,0.03125,0.0625
terminal46,I0/P8,206,s5,total,1.9761969838327786e-14,7,505,y,1.9761969838327786e-14,3.742498554720939e-19,1.1265538198482195e-19,0.03125,0.0625
terminal46,I0/P8,206,s6,matrix,3.815512850466199e-18,7,505,z,-3.815512850466199e-18,-1.3304027352697553e-22,-9.926167350636332e-23,0.015625,0.03125
terminal46,I0/P8,206,s6,volume,1.56472057533108e-15,7,505,y,-1.56472057533108e-15,-1.42380331050884e-20,-4.997494388800372e-20,0.015625,0.03125
terminal46,I0/P8,206,s6,passiveFiber,0,0,76,x,0,0.0,0,0.015625,0.03125
terminal46,I0/P8,206,s6,activePotential,1.8648277366750676e-16,7,505,z,-1.8648277366750676e-16,-6.5382259947506956e-21,7.633884437129382e-20,0.015625,0.03125
terminal46,I0/P8,206,s6,total,1.6514567491299204e-15,7,505,y,-1.6514567491299204e-15,-2.9717040326555794e-20,2.2816950016662715e-20,0.015625,0.03125
terminal46,I0/P8,206,s7,matrix,6.884045211850062e-20,7,505,z,6.884045211850062e-20,-2.7795118808957436e-26,-1.4475660719677984e-24,0.0078125,0.015625
terminal46,I0/P8,206,s7,volume,8.413408858487514e-17,7,505,y,-8.413408858487514e-17,-1.6940398658229443e-21,-4.307956630176168e-21,0.0078125,0.015625
terminal46,I0/P8,206,s7,passiveFiber,0,0,76,x,0,0.0,0,0.0078125,0.015625
terminal46,I0/P8,206,s7,activePotential,2.927345865710862e-18,7,505,z,-2.927345865710862e-18,4.66729231125543e-23,2.7263872989747792e-21,0.0078125,0.015625
terminal46,I0/P8,206,s7,total,8.586881206085195e-17,7,505,y,-8.586881206085195e-17,-3.874574672852996e-21,-1.0323214044661785e-21,0.0078125,0.015625
terminal46,I0/P8,206,s8,matrix,4.3908194480386677e-20,7,505,z,4.3908194480386677e-20,6.0865441319018375e-25,3.013070004709759e-25,0.00390625,0.0078125
terminal46,I0/P8,206,s8,volume,2.2497195079074217e-17,7,505,y,-2.2497195079074217e-17,2.373381020688834e-22,-5.550381910230816e-22,0.00390625,0.0078125
terminal46,I0/P8,206,s8,passiveFiber,0,0,76,x,0,0.0,0,0.00390625,0.0078125
terminal46,I0/P8,206,s8,activePotential,1.0808140406964872e-18,7,505,z,1.0808140406964872e-18,3.730756778791174e-23,-2.928219368437718e-22,0.00390625,0.0078125
terminal46,I0/P8,206,s8,total,1.9569849213363355e-17,7,505,y,-1.9569849213363355e-17,-2.4598845221431252e-22,-8.222175288777095e-22,0.00390625,0.0078125
terminal46,I0/P8,206,s9,matrix,1.1448179677733903e-21,7,505,y,-1.1448179677733903e-21,-2.5804098363909645e-26,-2.271919407036514e-26,0.001953125,0.00390625
terminal46,I0/P8,206,s9,volume,3.3203691532368573e-19,7,505,y,-3.3203691532368573e-19,-1.3896086900187784e-23,8.168408548961148e-24,0.001953125,0.00390625
terminal46,I0/P8,206,s9,passiveFiber,0,0,76,x,0,0.0,0,0.001953125,0.00390625
terminal46,I0/P8,206,s9,activePotential,7.665648172651418e-20,7,505,z,7.665648172651418e-20,2.3223863623263722e-24,-2.957170689877074e-23,0.001953125,0.00390625
terminal46,I0/P8,206,s9,total,9.41900637346782e-19,7,505,y,-9.41900637346782e-19,-3.6997440106965606e-24,-2.4608623223452573e-23,0.001953125,0.00390625
terminal46,I0/P8,206,s10,matrix,1.1537877075407622e-21,7,505,z,1.1537877075407622e-21,3.792753935865849e-26,2.848734500934118e-26,0.0009765625,0.001953125
terminal46,I0/P8,206,s10,volume,1.9227647902672618e-19,7,505,y,1.9227647902672618e-19,8.404570843667457e-24,1.2032892973232324e-23,0.0009765625,0.001953125
terminal46,I0/P8,206,s10,passiveFiber,0,0,76,x,0,0.0,0,0.0009765625,0.001953125
terminal46,I0/P8,206,s10,activePotential,5.039846036163087e-20,7,505,z,5.039846036163087e-20,1.3252518688210042e-24,-2.1325750167382745e-23,0.0009765625,0.001953125
terminal46,I0/P8,206,s10,total,2.761327408049019e-19,7,505,y,2.761327408049019e-19,4.318575911887666e-24,-1.039145644519741e-23,0.0009765625,0.001953125
terminal46,I0/P8,206,s11,matrix,5.692036590130522e-23,7,505,y,-5.692036590130522e-23,-1.2814928689973836e-27,-1.5019911635408065e-27,0.00048828125,0.0009765625
terminal46,I0/P8,206,s11,volume,4.732796592783403e-20,7,505,y,-4.732796592783403e-20,-1.0588013940340109e-24,-1.3651711281392742e-24,0.00048828125,0.0009765625
terminal46,I0/P8,206,s11,passiveFiber,0,0,76,x,0,0.0,0,0.00048828125,0.0009765625
terminal46,I0/P8,206,s11,activePotential,4.632211430296955e-22,7,505,z,-4.632211430296955e-22,-3.887981496786544e-26,5.299125799167834e-25,0.00048828125,0.0009765625
terminal46,I0/P8,206,s11,total,5.029258124322408e-20,7,505,y,-5.029258124322408e-20,-9.900119304075958e-25,-9.338093633899414e-25,0.00048828125,0.0009765625
terminal46,I0/P8,206,s12,matrix,4.501025755024873e-24,7,505,x,4.501025755024873e-24,3.002072224459797e-29,5.443140246024981e-29,0.000244140625,0.00048828125
terminal46,I0/P8,206,s12,volume,7.808584982500581e-22,7,505,y,-7.808584982500581e-22,1.8668099304808182e-26,-1.878120043150185e-26,0.000244140625,0.00048828125
terminal46,I0/P8,206,s12,passiveFiber,0,0,76,x,0,0.0,0,0.000244140625,0.00048828125
terminal46,I0/P8,206,s12,activePotential,4.326154603652335e-22,7,505,z,-4.326154603652335e-22,-1.2565801737578967e-26,4.6044233315940017e-26,0.000244140625,0.00048828125
terminal46,I0/P8,206,s12,total,2.183756817139993e-22,2,93,y,2.183756817139993e-22,-3.7682821639651925e-26,4.180331708947186e-26,0.000244140625,0.00048828125
terminal46,I0/P8,206,s13,matrix,3.438313364278198e-24,7,505,z,-3.438313364278198e-24,-8.305650333195695e-29,-5.253320590706175e-29,0.0001220703125,0.000244140625
terminal46,I0/P8,206,s13,volume,2.8620449194334758e-22,7,505,y,2.8620449194334758e-22,-3.1072852293510893e-28,-3.332148463653554e-27,0.0001220703125,0.000244140625
terminal46,I0/P8,206,s13,passiveFiber,0,0,76,x,0,0.0,0,0.0001220703125,0.000244140625
terminal46,I0/P8,206,s13,activePotential,1.4341243870138117e-22,7,505,z,-1.4341243870138117e-22,-4.3363236069108785e-27,5.275901734118127e-26,0.0001220703125,0.000244140625
terminal46,I0/P8,206,s13,total,1.732943383298593e-22,7,505,z,-1.732943383298593e-22,5.4579650567864324e-27,4.798798658640459e-26,0.0001220703125,0.000244140625
terminal46,I0/P8,206,s14,matrix,7.960119293268403e-26,7,505,z,-7.960119293268403e-26,-2.0759146413888312e-30,-2.2001823684679782e-30,6.103515625e-05,0.0001220703125
terminal46,I0/P8,206,s14,volume,2.005912985441092e-23,7,505,y,-2.005912985441092e-23,-1.2172666847040473e-27,-9.908092969575908e-28,6.103515625e-05,0.0001220703125
terminal46,I0/P8,206,s14,passiveFiber,0,0,76,x,0,0.0,0,6.103515625e-05,0.0001220703125
terminal46,I0/P8,206,s14,activePotential,4.110053668622856e-24,7,505,z,-4.110053668622856e-24,-1.2720738263255995e-28,1.7796702021786026e-27,6.103515625e-05,0.0001220703125
terminal46,I0/P8,206,s14,total,2.7090165061111656e-23,7,505,y,-2.7090165061111656e-23,-1.4734776823630635e-27,5.143373102040997e-28,6.103515625e-05,0.0001220703125
terminal46,I0/P8,206,s15,matrix,1.7581047171821232e-26,7,505,z,1.7581047171821232e-26,3.940892209593918e-31,2.137782238269832e-31,3.0517578125e-05,6.103515625e-05
terminal46,I0/P8,206,s15,volume,8.788794008375919e-25,7,505,y,-8.788794008375919e-25,7.324684914290204e-29,-5.088152838675526e-29,3.0517578125e-05,6.103515625e-05
terminal46,I0/P8,206,s15,passiveFiber,0,0,76,x,0,0.0,0,3.0517578125e-05,6.103515625e-05
terminal46,I0/P8,206,s15,activePotential,1.2730826615073942e-24,7,505,z,1.2730826615073942e-24,2.742425052280856e-29,-2.264030797984304e-28,3.0517578125e-05,6.103515625e-05
terminal46,I0/P8,206,s15,total,1.001664023013432e-24,7,505,z,1.001664023013432e-24,1.1138598748289832e-29,-2.5085776786028175e-28,3.0517578125e-05,6.103515625e-05
terminal46,I0/P8,206,s16,matrix,5.917751014080217e-27,7,505,z,-5.917751014080217e-27,-1.3533039907365465e-31,-6.649273132996932e-32,1.52587890625e-05,3.0517578125e-05
terminal46,I0/P8,206,s16,volume,1.4604907690389395e-24,7,505,y,1.4604907690389395e-24,2.4026537931067116e-29,3.6287601640166543e-29,1.52587890625e-05,3.0517578125e-05
terminal46,I0/P8,206,s16,passiveFiber,0,0,76,x,0,0.0,0,1.52587890625e-05,3.0517578125e-05
terminal46,I0/P8,206,s16,activePotential,1.3712295798913716e-25,7,505,z,-1.3712295798913716e-25,-3.4090044478446146e-30,5.127595883936577e-29,1.52587890625e-05,3.0517578125e-05
terminal46,I0/P8,206,s16,total,1.5994312625537059e-24,7,505,y,1.5994312625537059e-24,2.047305421114754e-29,8.731704144665074e-29,1.52587890625e-05,3.0517578125e-05
terminal46,I0/P8,206,s17,matrix,1.3499120314122128e-27,7,505,z,-1.3499120314122128e-27,-4.323014454619504e-32,-3.1964418545751905e-32,7.62939453125e-06,1.52587890625e-05
terminal46,I0/P8,206,s17,volume,4.224760355129233e-25,7,505,y,-4.224760355129233e-25,-6.173739573591764e-30,-1.4760327093783776e-29,7.62939453125e-06,1.52587890625e-05
terminal46,I0/P8,206,s17,passiveFiber,0,0,76,x,0,0.0,0,7.62939453125e-06,1.52587890625e-05
terminal46,I0/P8,206,s17,activePotential,6.916732416977832e-26,7,505,z,-6.916732416977832e-26,-2.1196334058763108e-30,2.44916659167836e-29,7.62939453125e-06,1.52587890625e-05
terminal46,I0/P8,206,s17,total,4.21668241945977e-25,7,505,y,-4.21668241945977e-25,-1.1812196596121165e-29,9.306093491279124e-30,7.62939453125e-06,1.52587890625e-05
terminal46,I0/P8,206,s18,matrix,7.398642844708283e-29,7,505,z,7.398642844708283e-29,2.446773153261676e-33,1.6122140120397838e-33,3.814697265625e-06,7.62939453125e-06
terminal46,I0/P8,206,s18,volume,2.0851171446801784e-26,7,505,y,2.0851171446801784e-26,5.052517878161842e-31,6.34016137692278e-31,3.814697265625e-06,7.62939453125e-06
terminal46,I0/P8,206,s18,passiveFiber,0,0,76,x,0,0.0,0,3.814697265625e-06,7.62939453125e-06
terminal46,I0/P8,206,s18,activePotential,4.1083875943910295e-27,7,505,z,4.1083875943910295e-27,1.1282796864764135e-31,-1.1278245754331653e-30,3.814697265625e-06,7.62939453125e-06
terminal46,I0/P8,206,s18,total,2.3930884420784614e-26,7,505,y,2.3930884420784614e-26,4.155268260052174e-31,-5.292455487176124e-31,3.814697265625e-06,7.62939453125e-06
terminal46,I0/P8,206,s19,matrix,8.08890576642639e-30,7,505,y,-8.08890576642639e-30,-3.097910105403799e-34,-2.6650807921842902e-34,1.9073486328125e-06,3.814697265625e-06
terminal46,I0/P8,206,s19,volume,6.411861437636384e-27,7,505,y,-6.411861437636384e-27,-1.119784847911696e-31,-2.26778250951597e-31,1.9073486328125e-06,3.814697265625e-06
terminal46,I0/P8,206,s19,passiveFiber,0,0,76,x,0,0.0,0,1.9073486328125e-06,3.814697265625e-06
terminal46,I0/P8,206,s19,activePotential,5.498360509390452e-28,7,505,z,-5.498360509390452e-28,-1.5301535484301357e-32,2.1031154992708616e-31,1.9073486328125e-06,3.814697265625e-06
terminal46,I0/P8,206,s19,total,6.4497267610869925e-27,7,505,y,-6.4497267610869925e-27,-1.4177285317695732e-31,-1.1651876163542777e-32,1.9073486328125e-06,3.814697265625e-06
terminal46,I0/P8,206,s20,matrix,1.3588308444658e-30,7,505,z,1.3588308444658e-30,3.452581005979844e-35,1.7385561448661632e-35,9.5367431640625e-07,1.9073486328125e-06
terminal46,I0/P8,206,s20,volume,1.4199496293978212e-28,7,505,y,-1.4199496293978212e-28,-1.1464985362256509e-33,-1.5287068933573685e-33,9.5367431640625e-07,1.9073486328125e-06
terminal46,I0/P8,206,s20,passiveFiber,0,0,76,x,0,0.0,0,9.5367431640625e-07,1.9073486328125e-06
terminal46,I0/P8,206,s20,activePotential,7.9329824781288e-29,7,505,z,7.9329824781288e-29,2.2470094966366788e-33,-1.8561149839031986e-32,9.5367431640625e-07,1.9073486328125e-06
terminal46,I0/P8,206,s20,total,8.993014319519535e-29,7,505,z,8.993014319519535e-29,-3.695396129573747e-33,-2.0788006337229727e-32,9.5367431640625e-07,1.9073486328125e-06
terminal46,I0/P8,206,core,matrix,1.288007027710113e-31,7,505,z,1.288007027710113e-31,3.577715832855333e-36,2.4053553153701058e-36,0,9.5367431640625e-07
terminal46,I0/P8,206,core,volume,1.4199496293978212e-29,7,505,y,1.4199496293978212e-29,1.215726483602701e-34,5.747697177780657e-34,0,9.5367431640625e-07
terminal46,I0/P8,206,core,passiveFiber,0,0,76,x,0,0.0,0,0,9.5367431640625e-07
terminal46,I0/P8,206,core,activePotential,6.606710081225974e-30,7,505,z,6.606710081225974e-30,1.2820340912550073e-34,-2.145606328668905e-33,0,9.5367431640625e-07
terminal46,I0/P8,206,core,total,1.262177448353619e-29,7,505,y,1.262177448353619e-29,4.7606050661712435e-34,-1.5768551419670494e-33,0,9.5367431640625e-07
terminal46,I0/P8,246,s1,matrix,4.3674144162286765e-10,4,505,y,-4.3674144162286765e-10,-9.993004355846358e-15,-2.443622290192876e-15,0.5,1
terminal46,I0/P8,246,s1,volume,1.585802280601456e-07,4,505,y,-1.585802280601456e-07,-3.6068626076529023e-12,-8.859076666700716e-13,0.5,1
terminal46,I0/P8,246,s1,passiveFiber,2.2382096176443156e-13,8,575,z,-2.2382096176443156e-13,3.909968041409784e-19,-6.938893903907228e-18,0.5,1
terminal46,I0/P8,246,s1,activePotential,0,0,92,x,0,0.0,-2.0816681711721685e-16,0.5,1
terminal46,I0/P8,246,s1,total,1.5901676020391164e-07,4,505,y,-1.5901676020391164e-07,-3.616865176196161e-12,-8.885323032892245e-13,0.5,1
terminal46,I0/P8,246,s2,matrix,3.676427218213263e-12,4,505,y,-3.676427218213263e-12,-8.57641712340875e-17,-1.5976735451110613e-17,0.25,0.5
terminal46,I0/P8,246,s2,volume,1.2670824389715563e-09,4,505,y,-1.2670824389715563e-09,-2.952323770659496e-14,-5.540923622704419e-15,0.25,0.5
terminal46,I0/P8,246,s2,passiveFiber,9.481304630298837e-14,4,505,z,-9.481304630298837e-14,-8.077887748066962e-19,9.540979117872439e-17,0.25,0.5
terminal46,I0/P8,246,s2,activePotential,0,0,92,x,0,0.0,-3.599551212651875e-17,0.25,0.5
terminal46,I0/P8,246,s2,total,1.2707968011227422e-09,4,505,y,-1.2707968011227422e-09,-2.960744062454879e-14,-5.464378949326942e-15,0.25,0.5
terminal46,I0/P8,246,s3,matrix,1.1593156989953002e-14,4,505,y,-1.1593156989953002e-14,-2.7784764508062713e-19,-3.82223617448503e-20,0.125,0.25
terminal46,I0/P8,246,s3,volume,3.831379657981415e-12,4,505,y,-3.831379657981415e-12,-9.111977467101324e-17,-1.520424140321469e-17,0.125,0.25
terminal46,I0/P8,246,s3,passiveFiber,9.603429163007604e-15,4,505,z,-9.603429163007604e-15,-5.195055160100674e-20,7.047314121155779e-18,0.125,0.25
terminal46,I0/P8,246,s3,activePotential,0,0,92,x,0,0.0,-3.144186300207963e-18,0.125,0.25
terminal46,I0/P8,246,s3,total,3.836930773104541e-12,4,505,y,-3.836930773104541e-12,-9.193209325647795e-17,-8.673617379884035e-18,0.125,0.25
terminal46,I0/P8,246,s4,matrix,2.6020852139652106e-17,4,505,y,-2.6020852139652106e-17,-4.898973175409626e-22,-3.8381180422460484e-22,0.0625,0.125
terminal46,I0/P8,246,s4,volume,8.604228440844963e-15,4,505,y,-8.604228440844963e-15,-1.4374263400184875e-19,3.0228488305137843e-20,0.0625,0.125
terminal46,I0/P8,246,s4,passiveFiber,7.7021722333370235e-16,4,505,z,-7.7021722333370235e-16,-2.2173629134303987e-20,5.353248226647178e-19,0.0625,0.125
terminal46,I0/P8,246,s4,activePotential,0,0,92,x,0,0.0,-3.1170812458958252e-19,0.0625,0.125
terminal46,I0/P8,246,s4,total,7.729927808952652e-15,4,505,y,-7.729927808952652e-15,-2.2288097960710967e-19,4.607859233063394e-19,0.0625,0.125
terminal46,I0/P8,246,s5,matrix,1.655695301997981e-17,4,505,z,1.655695301997981e-17,2.375787263911906e-22,-4.963083675318166e-23,0.03125,0.0625
terminal46,I0/P8,246,s5,volume,4.1945613649119196e-15,4,505,y,-4.1945613649119196e-15,-8.119161991873345e-20,3.582932823273439e-21,0.03125,0.0625
terminal46,I0/P8,246,s5,passiveFiber,5.004677228193088e-16,4,505,z,-5.004677228193088e-16,-5.852052962740874e-21,3.4220131069073734e-19,0.03125,0.0625
terminal46,I0/P8,246,s5,activePotential,0,0,92,x,0,0.0,3.9810548520952116e-20,0.03125,0.0625
terminal46,I0/P8,246,s5,total,4.206053907940266e-15,4,505,y,-4.206053907940266e-15,-8.968782878699365e-20,4.2690460541616737e-19,0.03125,0.0625
terminal46,I0/P8,246,s6,matrix,7.047314121155779e-19,4,505,y,-7.047314121155779e-19,-2.781226317821431e-23,-2.274746684520826e-23,0.015625,0.03125
terminal46,I0/P8,246,s6,volume,1.9268983110498628e-16,4,505,y,-1.9268983110498628e-16,-3.4575130272661916e-21,9.414349346619146e-23,0.015625,0.03125
terminal46,I0/P8,246,s6,passiveFiber,5.204170427930421e-18,4,505,z,5.204170427930421e-18,5.034908439871943e-23,-4.2881042954748955e-21,0.015625,0.03125
terminal46,I0/P8,246,s6,activePotential,0,0,92,x,0,0.0,-5.823351512373315e-21,0.015625,0.03125
terminal46,I0/P8,246,s6,total,1.9287956648517124e-16,4,505,y,-1.9287956648517124e-16,-3.897589954913287e-21,3.1763735522036263e-21,0.015625,0.03125
terminal46,I0/P8,246,s7,matrix,2.786738396466648e-19,4,505,y,2.786738396466648e-19,1.177866354540903e-23,1.1322034634319566e-23,0.0078125,0.015625
terminal46,I0/P8,246,s7,volume,1.3782920117721975e-16,4,505,y,1.3782920117721975e-16,2.5955626868423634e-21,1.7925262367965533e-22,0.0078125,0.015625
terminal46,I0/P8,246,s7,passiveFiber,1.2427667402115095e-17,4,505,z,1.2427667402115095e-17,2.1601188693652986e-22,-7.30565917006834e-21,0.0078125,0.015625
terminal46,I0/P8,246,s7,activePotential,0,0,92,x,0,0.0,2.4087499437544166e-21,0.0078125,0.015625
terminal46,I0/P8,246,s7,total,1.3820867193758968e-16,4,505,y,1.3820867193758968e-16,2.7878621611407344e-21,-3.202843331805323e-21,0.0078125,0.015625
terminal46,I0/P8,246,s8,matrix,8.425330847220119e-20,4,505,z,8.425330847220119e-20,1.626687167520209e-24,4.9436966297114545e-25,0.00390625,0.0078125
terminal46,I0/P8,246,s8,volume,7.248907962602302e-18,4,505,y,-7.248907962602302e-18,-1.5308769392086627e-22,-1.1541754484528964e-23,0.00390625,0.0078125
terminal46,I0/P8,246,s8,passiveFiber,1.1909283238395463e-18,4,505,z,-1.1909283238395463e-18,-1.6417003328983636e-23,9.23960744221732e-22,0.00390625,0.0078125
terminal46,I0/P8,246,s8,activePotential,0,0,92,x,0,0.0,-9.760731228125727e-23,0.00390625,0.0078125
terminal46,I0/P8,246,s8,total,7.308200268910103e-18,4,505,y,-7.308200268910103e-18,-1.4532904658287379e-22,8.867376166568457e-22,0.00390625,0.0078125
terminal46,I0/P8,246,s9,matrix,2.686682629572234e-21,4,505,y,-2.686682629572234e-21,-4.9611524308699455e-26,-7.593259529295371e-26,0.001953125,0.00390625
terminal46,I0/P8,246,s9,volume,5.535360310306853e-19,4,505,y,-5.535360310306853e-19,-8.850928887653453e-24,-8.453559678093198e-25,0.001953125,0.00390625
terminal46,I0/P8,246,s9,passiveFiber,8.152692117322641e-20,4,505,z,8.152692117322641e-20,1.1678933463465611e-24,-5.821283560841932e-23,0.001953125,0.00390625
terminal46,I0/P8,246,s9,activePotential,0,0,92,x,0,0.0,-1.0132962503774589e-23,0.001953125,0.00390625
terminal46,I0/P8,246,s9,total,5.385011962169214e-19,4,505,y,-5.385011962169214e-19,-9.980130592143752e-24,-6.162495563520056e-23,0.001953125,0.00390625
terminal46,I0/P8,246,s10,matrix,7.807034018852044e-22,4,505,z,7.807034018852044e-22,1.8432873875824907e-26,1.040034217443382e-26,0.0009765625,0.001953125
terminal46,I0/P8,246,s10,volume,6.199222382717411e-20,4,505,y,-6.199222382717411e-20,-1.2195590429740653e-24,-1.085725041073783e-25,0.0009765625,0.001953125
terminal46,I0/P8,246,s10,passiveFiber,1.7893571010747095e-20,4,505,z,-1.7893571010747095e-20,-1.5341824899506553e-25,1.2162139943943735e-23,0.0009765625,0.001953125
terminal46,I0/P8,246,s10,activePotential,0,0,92,x,0,0.0,2.9985297205047253e-24,0.0009765625,0.001953125
terminal46,I0/P8,246,s10,total,6.021874859386041e-20,4,505,y,-6.021874859386041e-20,-1.3254642360700496e-24,1.4372263143108856e-23,0.0009765625,0.001953125
terminal46,I0/P8,246,s11,matrix,1.4940142020672116e-22,4,505,z,1.4940142020672116e-22,3.947911860857941e-27,2.7831012736197296e-27,0.00048828125,0.0009765625
terminal46,I0/P8,246,s11,volume,6.074814418589435e-21,4,505,y,6.074814418589435e-21,1.2528613110376294e-25,1.0766373634456369e-26,0.00048828125,0.0009765625
terminal46,I0/P8,246,s11,passiveFiber,2.4947767274599315e-21,4,505,z,-2.4947767274599315e-21,-3.4006483328519166e-26,1.7238314718634385e-24,0.00048828125,0.0009765625
terminal46,I0/P8,246,s11,activePotential,0,0,92,x,0,0.0,3.6835386652752014e-25,0.00048828125,0.0009765625
terminal46,I0/P8,246,s11,total,6.2931901003034346e-21,4,505,y,6.2931901003034346e-21,8.091603434458311e-26,2.1842738050228387e-24,0.00048828125,0.0009765625
terminal46,I0/P8,246,s12,matrix,4.1876018510497026e-24,4,505,y,4.1876018510497026e-24,1.2523845734105161e-28,4.338734978715565e-29,0.000244140625,0.00048828125
terminal46,I0/P8,246,s12,volume,2.1159280069106448e-21,4,505,y,2.1159280069106448e-21,4.0091637915444436e-26,3.852007800194201e-27,0.000244140625,0.00048828125
terminal46,I0/P8,246,s12,passiveFiber,3.999418261693889e-22,4,505,z,3.999418261693889e-22,5.002882477057723e-27,-2.4193417330042167e-25,0.000244140625,0.00048828125
terminal46,I0/P8,246,s12,activePotential,0,0,92,x,0,0.0,1.3328593854614215e-26,0.000244140625,0.00048828125
terminal46,I0/P8,246,s12,total,2.1237862227298986e-21,4,505,y,2.1237862227298986e-21,4.7385214371373544e-26,-2.0275618530352534e-25,0.000244140625,0.00048828125
terminal46,I0/P8,246,s13,matrix,8.088537960029331e-25,4,505,z,8.088537960029331e-25,1.8547887063050435e-29,-9.959368928415274e-30,0.0001220703125,0.000244140625
terminal46,I0/P8,246,s13,volume,1.4909930541268324e-22,4,505,y,1.4909930541268324e-22,2.9721298347145394e-27,2.7403055695114898e-28,0.0001220703125,0.000244140625
terminal46,I0/P8,246,s13,passiveFiber,6.395140110800595e-23,4,505,z,6.395140110800595e-23,8.676759501538156e-28,-4.2434405813648667e-26,0.0001220703125,0.000244140625
terminal46,I0/P8,246,s13,activePotential,0,0,92,x,0,0.0,-4.796274303743752e-27,0.0001220703125,0.000244140625
terminal46,I0/P8,246,s13,total,1.4909930541268324e-22,4,505,y,1.4909930541268324e-22,3.922068869925033e-27,-4.099552352252554e-26,0.0001220703125,0.000244140625
terminal46,I0/P8,246,s14,matrix,1.4382196479627399e-25,4,505,z,1.4382196479627399e-25,1.1738807619746057e-30,-4.930380657631324e-32,6.103515625e-05,0.0001220703125
terminal46,I0/P8,246,s14,volume,3.400487799417212e-23,4,505,y,-3.400487799417212e-23,-6.3787016594845e-28,-6.064984506468732e-29,6.103515625e-05,0.0001220703125
terminal46,I0/P8,246,s14,passiveFiber,4.045430183267151e-24,4,505,z,-4.045430183267151e-24,-5.210865405394535e-29,2.808344822586802e-27,6.103515625e-05,0.0001220703125
terminal46,I0/P8,246,s14,activePotential,0,0,92,x,0,0.0,-2.524354896707238e-29,6.103515625e-05,0.0001220703125
terminal46,I0/P8,246,s14,total,3.345557836864863e-23,4,505,y,-3.345557836864863e-23,-7.473807438582326e-28,2.9534952291474682e-27,6.103515625e-05,0.0001220703125
terminal46,I0/P8,246,s15,matrix,1.2167390602128886e-26,4,505,y,1.2167390602128886e-26,5.377577228605865e-32,2.6654870430319344e-31,3.0517578125e-05,6.103515625e-05
terminal46,I0/P8,246,s15,volume,4.09389779728393e-24,4,505,y,4.09389779728393e-24,7.926734476467894e-29,7.350119039759447e-30,3.0517578125e-05,6.103515625e-05
terminal46,I0/P8,246,s15,passiveFiber,3.3927329811745276e-26,6,573,z,-3.3927329811745276e-26,3.1592259527522895e-30,-3.7865323450608567e-29,3.0517578125e-05,6.103515625e-05
terminal46,I0/P8,246,s15,activePotential,0,0,92,x,0,0.0,-1.3016204936146695e-28,3.0517578125e-05,6.103515625e-05
terminal46,I0/P8,246,s15,total,4.080973100212789e-24,4,505,y,4.080973100212789e-24,8.164568236037157e-29,-2.997671439839845e-29,3.0517578125e-05,6.103515625e-05
terminal46,I0/P8,246,s16,matrix,2.7243804399873406e-27,4,505,z,-2.7243804399873406e-27,-6.337250993960069e-32,-3.7363040921112376e-32,1.52587890625e-05,3.0517578125e-05
terminal46,I0/P8,246,s16,volume,5.042651341662378e-25,4,505,y,-5.042651341662378e-25,-1.0387848486874338e-29,-9.351352844972224e-31,1.52587890625e-05,3.0517578125e-05
terminal46,I0/P8,246,s16,passiveFiber,8.259689222026082e-26,4,505,z,-8.259689222026082e-26,-1.1742531641247115e-30,4.3781780239766155e-29,1.52587890625e-05,3.0517578125e-05
terminal46,I0/P8,246,s16,activePotential,0,0,92,x,0,0.0,-1.8834054112151657e-29,1.52587890625e-05,3.0517578125e-05
terminal46,I0/P8,246,s16,total,5.0779923102162795e-25,4,505,y,-5.0779923102162795e-25,-1.1063395726346482e-29,3.0962790529924713e-29,1.52587890625e-05,3.0517578125e-05
terminal46,I0/P8,246,s17,matrix,5.2476506529498995e-28,4,505,z,-5.2476506529498995e-28,-1.4939558966683583e-32,-7.824090399073146e-33,7.62939453125e-06,1.52587890625e-05
terminal46,I0/P8,246,s17,volume,3.149132733642279e-26,4,505,y,3.149132733642279e-26,5.9969143153215415e-31,5.647789561915569e-32,7.62939453125e-06,1.52587890625e-05
terminal46,I0/P8,246,s17,passiveFiber,1.1511058328985004e-26,4,505,z,1.1511058328985004e-26,2.1685942263523175e-31,-8.190594867490037e-30,7.62939453125e-06,1.52587890625e-05
terminal46,I0/P8,246,s17,activePotential,0,0,92,x,0,0.0,-2.2803010541544873e-30,7.62939453125e-06,1.52587890625e-05
terminal46,I0/P8,246,s17,total,3.1869980570928877e-26,4,505,y,3.1869980570928877e-26,7.385053583563684e-31,-1.042775509089025e-29,7.62939453125e-06,1.52587890625e-05
terminal46,I0/P8,246,s18,matrix,2.978181028802646e-29,4,505,z,2.978181028802646e-29,1.1171390135811224e-33,9.840298309603533e-34,3.814697265625e-06,7.62939453125e-06
terminal46,I0/P8,246,s18,volume,2.3145178959184486e-27,4,505,y,2.3145178959184486e-27,5.216379766729654e-32,4.202439323963711e-33,3.814697265625e-06,7.62939453125e-06
terminal46,I0/P8,246,s18,passiveFiber,1.20853490679859e-27,4,505,z,-1.20853490679859e-27,-2.0521281319248184e-32,8.073498326871293e-31,3.814697265625e-06,7.62939453125e-06
terminal46,I0/P8,246,s18,activePotential,0,0,92,x,0,0.0,3.543711097672514e-32,3.814697265625e-06,7.62939453125e-06
terminal46,I0/P8,246,s18,total,2.415492091786738e-27,4,505,y,2.415492091786738e-27,4.213079507494922e-32,8.443276876193642e-31,3.814697265625e-06,7.62939453125e-06
terminal46,I0/P8,246,s19,matrix,1.9454781333227663e-30,4,505,z,1.9454781333227663e-30,-3.1328117856700604e-35,-2.5202598881629844e-35,1.9073486328125e-06,3.814697265625e-06
terminal46,I0/P8,246,s19,volume,2.301501690982302e-28,4,505,y,-2.301501690982302e-28,-4.123689906109317e-33,-3.81800565147079e-34,1.9073486328125e-06,3.814697265625e-06
terminal46,I0/P8,246,s19,passiveFiber,6.863089875422803e-29,4,505,z,6.863089875422803e-29,8.827298633727267e-34,-2.754079820473747e-32,1.9073486328125e-06,3.814697265625e-06
terminal46,I0/P8,246,s19,activePotential,0,0,92,x,0,0.0,3.659266894335748e-33,1.9073486328125e-06,3.814697265625e-06
terminal46,I0/P8,246,s19,total,2.2738915592995665e-28,4,505,y,-2.2738915592995665e-28,-3.082606585707335e-33,-1.5407439555097887e-32,1.9073486328125e-06,3.814697265625e-06
terminal46,I0/P8,246,s20,matrix,8.867222205201882e-31,4,505,z,-8.867222205201882e-31,-2.537153156337987e-35,-2.10178389927025e-35,9.5367431640625e-07,1.9073486328125e-06
terminal46,I0/P8,246,s20,volume,1.4660486885466741e-28,4,505,y,-1.4660486885466741e-28,-2.885197186226516e-33,-2.6683721763665926e-34,9.5367431640625e-07,1.9073486328125e-06
terminal46,I0/P8,246,s20,passiveFiber,6.828577210819383e-30,4,505,z,-6.828577210819383e-30,-1.3841532812584255e-34,1.721299887796092e-33,9.5367431640625e-07,1.9073486328125e-06
terminal46,I0/P8,246,s20,activePotential,0,0,92,x,0,0.0,-5.657419211637505e-33,9.5367431640625e-07,1.9073486328125e-06
terminal46,I0/P8,246,s20,total,1.488235401506015e-28,4,505,y,-1.488235401506015e-28,-2.729116352841091e-33,-2.4074124304840448e-33,9.5367431640625e-07,1.9073486328125e-06
terminal46,I0/P8,246,core,matrix,1.600447783785793e-31,4,505,y,1.600447783785793e-31,6.127926032345407e-36,5.213317445896845e-36,0,9.5367431640625e-07
terminal46,I0/P8,246,core,volume,5.887798951585106e-29,4,505,y,5.887798951585106e-29,1.1529515159636516e-33,1.0795152370776477e-34,0,9.5367431640625e-07
terminal46,I0/P8,246,core,passiveFiber,4.30175712378333e-30,4,505,z,4.30175712378333e-30,4.523565491653581e-35,-1.9560225997682864e-33,0,9.5367431640625e-07
terminal46,I0/P8,246,core,activePotential,0,0,92,x,0,0.0,4.7546395502059885e-34,0,9.5367431640625e-07
terminal46,I0/P8,246,core,total,5.910910110917753e-29,4,505,y,5.910910110917753e-29,1.2249174217215731e-33,-6.018531076210112e-34,0,9.5367431640625e-07
terminal46,I0/P8,247,s1,matrix,8.404917097373787e-08,5,505,y,-8.404917097373787e-08,-6.3157299402632386e-12,-1.0123332531140113e-12,0.5,1
terminal46,I0/P8,247,s1,volume,2.9237379419733145e-05,5,505,y,-2.9237379419733145e-05,-2.199619200412934e-09,-3.515981789568856e-10,0.5,1
terminal46,I0/P8,247,s1,passiveFiber,1.7141843500212417e-13,9,575,z,1.7141843500212417e-13,-4.341403638313924e-18,-1.3704315460216776e-16,0.5,1
terminal46,I0/P8,247,s1,activePotential,0,0,92,x,0,0.0,9.71445146547012e-17,0.5,1
terminal46,I0/P8,247,s1,total,2.9321428600681543e-05,5,505,y,-2.9321428600681543e-05,-2.2059349553914594e-09,-3.5261061431812735e-10,0.5,1
terminal46,I0/P8,247,s2,matrix,3.499655686078906e-08,5,505,y,-3.499655686078906e-08,-2.5770728817049105e-12,-2.0051116054521124e-13,0.25,0.5
terminal46,I0/P8,247,s2,volume,9.922441867260545e-06,5,505,y,-9.922441867260545e-06,-7.306690373598282e-10,-5.759338465123262e-11,0.25,0.5
terminal46,I0/P8,247,s2,passiveFiber,1.176836406102666e-14,5,505,z,1.176836406102666e-14,-5.734950196878578e-19,-1.0408340855860843e-17,0.25,0.5
terminal46,I0/P8,247,s2,activePotential,0,0,92,x,0,0.0,2.6020852139652106e-17,0.25,0.5
terminal46,I0/P8,247,s2,total,9.9574383618517e-06,5,505,y,-9.9574383618517e-06,-7.332461070204322e-10,-5.77938851289983e-11,0.25,0.5
terminal46,I0/P8,247,s3,matrix,1.4215738308731574e-08,5,505,y,-1.4215738308731574e-08,-1.0369029662774447e-12,-3.975767545383508e-14,0.125,0.25
terminal46,I0/P8,247,s3,volume,3.1060576937136375e-06,5,505,y,-3.1060576937136375e-06,-2.2652174746141237e-10,-8.90452455152256e-12,0.125,0.25
terminal46,I0/P8,247,s3,passiveFiber,5.384581669432009e-15,5,505,z,5.384581669432009e-15,3.758467406580663e-20,-4.20128341838133e-18,0.125,0.25
terminal46,I0/P8,247,s3,activePotential,0,0,92,x,0,0.0,-3.198396408832238e-18,0.125,0.25
terminal46,I0/P8,247,s3,total,3.120273399659368e-06,5,505,y,-3.120273399659368e-06,-2.2755866234740154e-10,-8.944288994346128e-12,0.125,0.25
terminal46,I0/P8,247,s4,matrix,5.706494849572197e-09,5,505,y,-5.706494849572197e-09,-4.143169099691144e-13,-7.886251445137578e-15,0.0625,0.125
terminal46,I0/P8,247,s4,volume,9.28718383086391e-07,5,505,y,-9.28718383086391e-07,-6.742014164184962e-11,-1.326232648550009e-12,0.0625,0.125
terminal46,I0/P8,247,s4,passiveFiber,6.869504964868156e-16,5,505,z,6.869504964868156e-16,-5.067189199010711e-21,-1.2536087619363645e-19,0.0625,0.125
terminal46,I0/P8,247,s4,activePotential,0,0,92,x,0,0.0,4.87890977618477e-19,0.0625,0.125
terminal46,I0/P8,247,s4,total,9.344248317333381e-07,5,505,y,-9.344248317333381e-07,-6.783446089657059e-11,-1.3341184575263107e-12,0.0625,0.125
terminal46,I0/P8,247,s5,matrix,2.2774203634057244e-09,5,505,y,-2.2774203634057244e-09,-1.6497509610460734e-13,-1.564509174436291e-15,0.03125,0.0625
terminal46,I0/P8,247,s5,volume,2.6961931443025833e-07,5,505,y,-2.6961931443025833e-07,-1.9529369524090625e-11,-1.9242011887392156e-13,0.03125,0.0625
terminal46,I0/P8,247,s5,passiveFiber,1.1275702593849246e-17,6,573,z,1.1275702593849246e-17,-1.208310753468882e-21,1.0587911840678754e-20,0.03125,0.0625
terminal46,I0/P8,247,s5,activePotential,0,0,92,x,0,0.0,8.131516293641283e-20,0.03125,0.0625
terminal46,I0/P8,247,s5,total,2.7189670870342297e-07,5,505,y,-2.7189670870342297e-07,-1.9694346741990994e-11,-1.9398462599694993e-13,0.03125,0.0625
terminal46,I0/P8,247,s6,matrix,9.062513452347265e-10,5,505,y,-9.062513452347265e-10,-6.557427239676159e-14,-3.103801026597409e-16,0.015625,0.03125
terminal46,I0/P8,247,s6,volume,7.667368284725029e-08,5,505,y,-7.667368284725029e-08,-5.547644177110819e-12,-2.7381178159096567e-14,0.015625,0.03125
terminal46,I0/P8,247,s6,passiveFiber,2.7863995832877464e-17,5,505,z,-2.7863995832877464e-17,-7.235845249913573e-22,1.9428818227645514e-20,0.015625,0.03125
terminal46,I0/P8,247,s6,activePotential,0,0,92,x,0,0.0,-3.5998900258307764e-21,0.015625,0.03125
terminal46,I0/P8,247,s6,total,7.757993347734526e-08,5,505,y,-7.757993347734526e-08,-5.613218614848034e-12,-2.7691510278663335e-14,0.015625,0.03125
terminal46,I0/P8,247,s7,matrix,3.6006253859542647e-10,5,505,y,-3.6006253859542647e-10,-2.6038650447884484e-14,-6.156862711702754e-17,0.0078125,0.015625
terminal46,I0/P8,247,s7,volume,2.147012823083827e-08,5,505,y,-2.147012823083827e-08,-1.5526092642456835e-12,-3.8379730937329495e-15,0.0078125,0.015625
terminal46,I0/P8,247,s7,passiveFiber,5.244828009398628e-18,5,505,z,-5.244828009398628e-18,-4.1018431367240866e-23,2.9778502051908996e-21,0.0078125,0.015625
terminal46,I0/P8,247,s7,activePotential,0,0,92,x,0,0.0,1.1117307432712692e-21,0.0078125,0.015625
terminal46,I0/P8,247,s7,total,2.1830189655958065e-08,5,505,y,-2.1830189655958065e-08,-1.5786481683743474e-12,-3.89953026026259e-15,0.0078125,0.015625
terminal46,I0/P8,247,s8,matrix,1.4292115559609575e-10,5,505,y,-1.4292115559609575e-10,-1.0332729589765446e-14,-1.2211130232710071e-17,0.00390625,0.0078125
terminal46,I0/P8,247,s8,volume,5.939689476375243e-09,5,505,y,-5.939689476375243e-09,-4.2941308317733183e-13,-5.315963821542514e-16,0.00390625,0.0078125
terminal46,I0/P8,247,s8,passiveFiber,3.7777669447541795e-19,5,505,z,3.7777669447541795e-19,4.899134728201506e-24,-1.3813916229635562e-22,0.00390625,0.0078125
terminal46,I0/P8,247,s8,activePotential,0,0,92,x,0,0.0,1.8694281843698425e-22,0.00390625,0.0078125
terminal46,I0/P8,247,s8,total,6.0826104847366835e-09,5,505,y,-6.0826104847366835e-09,-4.3974580010119025e-13,-5.438071694172e-16,0.00390625,0.0078125
terminal46,I0/P8,247,s9,matrix,5.667875264720075e-11,5,505,y,-5.667875264720075e-11,-4.097112020195128e-15,-2.4202833618093347e-18,0.001953125,0.00390625
terminal46,I0/P8,247,s9,volume,1.6266356490934886e-09,5,505,y,-1.6266356490934886e-09,-1.1758288745324492e-13,-7.286025211048782e-17,0.001953125,0.00390625
terminal46,I0/P8,247,s9,passiveFiber,1.1456120611614412e-19,5,505,z,1.1456120611614412e-19,7.217988732524082e-25,-6.007399198666363e-23,0.001953125,0.00390625
terminal46,I0/P8,247,s9,activePotential,0,0,92,x,0,0.0,-1.2407709188295415e-24,0.001953125,0.00390625
terminal46,I0/P8,247,s9,total,1.6833146335160087e-09,5,505,y,-1.6833146335160087e-09,-1.2167995300466927e-13,-7.528054618687102e-17,0.001953125,0.00390625
terminal46,I0/P8,247,s10,matrix,2.2452617835701932e-11,5,505,y,-2.2452617835701932e-11,-1.6229090710481206e-15,-4.793944562473193e-19,0.0009765625,0.001953125
terminal46,I0/P8,247,s10,volume,4.4160892217343095e-10,5,505,y,-4.4160892217343095e-10,-3.192000266453951e-14,-9.90565740734808e-18,0.0009765625,0.001953125
terminal46,I0/P8,247,s10,passiveFiber,2.310811759228138e-20,5,505,z,2.310811759228138e-20,2.492543527968258e-25,-1.1903646002520914e-23,0.0009765625,0.001953125
terminal46,I0/P8,247,s10,activePotential,0,0,92,x,0,0.0,2.6107888083704936e-24,0.0009765625,0.001953125
terminal46,I0/P8,247,s10,total,4.6406153399181083e-10,5,505,y,-4.6406153399181083e-10,-3.354290766215162e-14,-1.0385059030339925e-17,0.0009765625,0.001953125
terminal46,I0/P8,247,s11,matrix,8.872663224252474e-12,5,505,y,-8.872663224252474e-12,-6.413068405177617e-16,-9.466729104880646e-20,0.00048828125,0.0009765625
terminal46,I0/P8,247,s11,volume,1.1879396338149162e-10,5,505,y,-1.1879396338149162e-10,-8.5862808984045e-15,-1.3314910219331057e-18,0.00048828125,0.0009765625
terminal46,I0/P8,247,s11,passiveFiber,8.768114493062093e-22,5,505,z,8.768114493062093e-22,5.7950959515700666e-27,-3.861253250003391e-25,0.00048828125,0.0009765625
terminal46,I0/P8,247,s11,activePotential,0,0,92,x,0,0.0,2.5849394142282115e-26,0.00048828125,0.0009765625
terminal46,I0/P8,247,s11,total,1.2766662033092402e-10,5,505,y,-1.2766662033092402e-10,-9.227590958326456e-15,-1.4261546052094399e-18,0.00048828125,0.0009765625
terminal46,I0/P8,247,s12,matrix,3.4945118172980067e-12,5,505,y,-3.4945118172980067e-12,-2.5257533213242716e-16,-1.8673696335360953e-20,0.000244140625,0.00048828125
terminal46,I0/P8,247,s12,volume,3.1695190038077276e-11,5,505,y,-3.1695190038077276e-11,-2.2908527501717544e-15,-1.7865069468765814e-19,0.000244140625,0.00048828125
terminal46,I0/P8,247,s12,passiveFiber,2.1672132048889325e-22,5,505,z,-2.1672132048889325e-22,-2.058849179530347e-27,1.2157293182542057e-25,0.000244140625,0.00048828125
terminal46,I0/P8,247,s12,activePotential,0,0,92,x,0,0.0,6.058451752097371e-27,0.000244140625,0.00048828125
terminal46,I0/P8,247,s12,total,3.5189701413224084e-11,5,505,y,-3.5189701413224084e-11,-2.54342783465657e-15,-1.9732419361846617e-19,0.000244140625,0.00048828125
terminal46,I0/P8,247,s13,matrix,1.3637913879327728e-12,5,505,y,-1.3637913879327728e-12,-9.857084860416463e-17,-3.638481505210972e-21,0.0001220703125,0.000244140625
terminal46,I0/P8,247,s13,volume,8.330347425321988e-12,5,505,y,-8.330347425321988e-12,-6.02092587165484e-16,-2.3350773933030653e-20,0.0001220703125,0.000244140625
terminal46,I0/P8,247,s13,passiveFiber,4.1359030627651384e-24,5,505,z,-4.1359030627651384e-24,-2.4911593012623568e-29,1.868022623563356e-27,0.0001220703125,0.000244140625
terminal46,I0/P8,247,s13,activePotential,0,0,92,x,0,0.0,1.3126645462877636e-27,0.0001220703125,0.000244140625
terminal46,I0/P8,247,s13,total,9.694138585402898e-12,5,505,y,-9.694138585402898e-12,-7.006634690575055e-16,-2.6989281338122865e-20,0.0001220703125,0.000244140625
terminal46,I0/P8,247,s14,matrix,5.24658818621467e-13,5,505,y,-5.24658818621467e-13,-3.7920640456633383e-17,-7.044579191136911e-22,6.103515625e-05,0.0001220703125
terminal46,I0/P8,247,s14,volume,2.1549464483358073e-12,5,505,y,-2.1549464483358073e-12,-1.5575246369638326e-16,-3.086088484709954e-21,6.103515625e-05,0.0001220703125
terminal46,I0/P8,247,s14,passiveFiber,2.455692443516801e-24,5,505,z,-2.455692443516801e-24,-6.228917644230501e-29,1.735493991486226e-27,6.103515625e-05,0.0001220703125
terminal46,I0/P8,247,s14,activePotential,0,0,92,x,0,0.0,-4.543838814073028e-28,6.103515625e-05,0.0001220703125
terminal46,I0/P8,247,s14,total,2.6796053101559546e-12,5,505,y,-2.6796053101559546e-12,-1.936731203749731e-16,-3.790539203101302e-21,6.103515625e-05,0.0001220703125
terminal46,I0/P8,247,s15,matrix,1.9443974897560829e-13,5,505,y,-1.9443974897560829e-13,-1.4053443330535054e-17,-1.296739195882561e-22,3.0517578125e-05,6.103515625e-05
terminal46,I0/P8,247,s15,volume,5.327626767482815e-13,5,505,y,-5.327626767482815e-13,-3.85062689554319e-17,-3.7000542571869085e-22,3.0517578125e-05,6.103515625e-05
terminal46,I0/P8,247,s15,passiveFiber,1.357093192469811e-25,5,505,z,1.357093192469811e-25,-1.5808381028526123e-31,-8.243596459559573e-29,3.0517578125e-05,6.103515625e-05
terminal46,I0/P8,247,s15,activePotential,0,0,92,x,0,0.0,-4.1020767071492614e-29,3.0517578125e-05,6.103515625e-05
terminal46,I0/P8,247,s15,total,7.272023949130664e-13,5,505,y,-7.272023949130664e-13,-5.2559710500303876e-17,-4.996791386253898e-22,3.0517578125e-05,6.103515625e-05
terminal46,I0/P8,247,s16,matrix,6.796578720950143e-14,5,505,y,-6.796578720950143e-14,-4.91233063031896e-18,-2.3131989402064417e-23,1.52587890625e-05,3.0517578125e-05
terminal46,I0/P8,247,s16,volume,1.2510384489282508e-13,5,505,y,-1.2510384489282508e-13,-9.042071028737467e-18,-4.5849170102184207e-23,1.52587890625e-05,3.0517578125e-05
terminal46,I0/P8,247,s16,passiveFiber,6.654199507720279e-26,5,505,z,-6.654199507720279e-26,-7.999952499887088e-31,3.0371144851008955e-29,1.52587890625e-05,3.0517578125e-05
terminal46,I0/P8,247,s16,activePotential,0,0,92,x,0,0.0,-2.8596207814261678e-30,1.52587890625e-05,3.0517578125e-05
terminal46,I0/P8,247,s16,total,1.9306961865567848e-13,5,505,y,-1.9306961865567848e-13,-1.395440074899214e-17,-6.898127290300375e-23,1.52587890625e-05,3.0517578125e-05
terminal46,I0/P8,247,s17,matrix,2.1022549734359613e-14,5,505,y,-2.1022549734359613e-14,-1.5194356776675918e-18,-3.855458770831703e-24,7.62939453125e-06,1.52587890625e-05
terminal46,I0/P8,247,s17,volume,2.6502802451695015e-14,5,505,y,-2.6502802451695015e-14,-1.9155295451423717e-18,-5.982582265676835e-24,7.62939453125e-06,1.52587890625e-05
terminal46,I0/P8,247,s17,passiveFiber,9.100299402629592e-27,5,505,z,9.100299402629592e-27,1.0760498857043878e-31,-4.979684464207637e-30,7.62939453125e-06,1.52587890625e-05
terminal46,I0/P8,247,s17,activePotential,0,0,92,x,0,0.0,-2.0954117794933126e-31,7.62939453125e-06,1.52587890625e-05
terminal46,I0/P8,247,s17,total,4.7525351815477714e-14,5,505,y,-4.7525351815477714e-14,-3.434965211509877e-18,-9.838030288278704e-24,7.62939453125e-06,1.52587890625e-05
terminal46,I0/P8,247,s18,matrix,4.557402446542411e-15,5,505,y,-4.557402446542411e-15,-3.293927472573307e-19,-3.08251497094032e-25,3.814697265625e-06,7.62939453125e-06
terminal46,I0/P8,247,s18,volume,3.480133807830444e-15,5,505,y,-3.480133807830444e-15,-2.5153161526424857e-19,1.762680110432405e-26,3.814697265625e-06,7.62939453125e-06
terminal46,I0/P8,247,s18,passiveFiber,1.4862139454363862e-27,5,505,z,1.4862139454363862e-27,1.704887173538465e-32,-8.89009262329148e-31,3.814697265625e-06,7.62939453125e-06
terminal46,I0/P8,247,s18,activePotential,0,0,92,x,0,0.0,-1.371262120403712e-31,3.814697265625e-06,7.62939453125e-06
terminal46,I0/P8,247,s18,total,8.037534361783613e-15,5,505,y,-8.037534361783613e-15,-5.809242796697859e-19,-2.906260210295097e-25,3.814697265625e-06,7.62939453125e-06
terminal46,I0/P8,247,s19,matrix,6.342206110250918e-16,5,505,y,-6.342206110250918e-16,-4.583919432807904e-20,-1.4424085918141008e-26,1.9073486328125e-06,3.814697265625e-06
terminal46,I0/P8,247,s19,volume,2.9989851992372215e-16,5,505,y,-2.9989851992372215e-16,-2.1675551961850992e-20,2.5606782436071721e-26,1.9073486328125e-06,3.814697265625e-06
terminal46,I0/P8,247,s19,passiveFiber,3.1160005756229966e-29,5,505,z,-3.1160005756229966e-29,1.0254928063947258e-34,9.822242716374903e-33,1.9073486328125e-06,3.814697265625e-06
terminal46,I0/P8,247,s19,activePotential,0,0,92,x,0,0.0,-1.0785207688568521e-32,1.9073486328125e-06,3.814697265625e-06
terminal46,I0/P8,247,s19,total,9.34119130948814e-16,5,505,y,-9.34119130948814e-16,-6.7514732539626e-20,1.1183348252623894e-26,1.9073486328125e-06,3.814697265625e-06
terminal46,I0/P8,247,s20,matrix,1.4440651954612903e-17,5,505,y,-1.4440651954612903e-17,-1.0437123073650124e-21,4.6328445108949175e-27,9.5367431640625e-07,1.9073486328125e-06
terminal46,I0/P8,247,s20,volume,1.9545626883485965e-17,5,505,y,1.9545626883485965e-17,1.4126888766044834e-21,1.030822109333389e-26,9.5367431640625e-07,1.9073486328125e-06
terminal46,I0/P8,247,s20,passiveFiber,1.232595164407831e-29,5,505,z,1.232595164407831e-29,1.035097337764697e-34,-6.945384861946469e-33,9.5367431640625e-07,1.9073486328125e-06
terminal46,I0/P8,247,s20,activePotential,0,0,92,x,0,0.0,-2.1666711874356403e-33,9.5367431640625e-07,1.9073486328125e-06
terminal46,I0/P8,247,s20,total,5.104955076538361e-18,5,505,y,5.104955076538361e-18,3.689857558221479e-22,1.4940980863311254e-26,9.5367431640625e-07,1.9073486328125e-06
terminal46,I0/P8,247,core,matrix,1.332455411129766e-18,5,505,y,1.332455411129766e-18,9.630424661356681e-23,4.292288770694236e-28,0,9.5367431640625e-07
terminal46,I0/P8,247,core,volume,2.631675532427764e-18,5,505,y,2.631675532427764e-18,1.9020591365412237e-22,7.680204172927975e-28,0,9.5367431640625e-07
terminal46,I0/P8,247,core,passiveFiber,2.7733391199176196e-31,5,505,z,-2.7733391199176196e-31,-8.003217296209394e-36,2.4976903966271965e-34,0,9.5367431640625e-07
terminal46,I0/P8,247,core,activePotential,0,0,92,x,0,0.0,3.430562713439764e-34,0,9.5367431640625e-07
terminal46,I0/P8,247,core,total,3.964124119317476e-18,5,505,y,3.964124119317476e-18,2.8651178265756704e-22,1.1972601277181583e-27,0,9.5367431640625e-07
terminal46,I0/P8,248,s1,matrix,6.638174315787282e-10,5,576,y,-6.638174315787282e-10,-1.703977540739664e-14,-5.4980976368912415e-15,0.5,1
terminal46,I0/P8,248,s1,volume,2.38905744964768e-07,5,576,y,-2.38905744964768e-07,-6.131174218269245e-12,-1.9815078397544816e-12,0.5,1
terminal46,I0/P8,248,s1,passiveFiber,1.0480505352461478e-13,8,574,z,1.0480505352461478e-13,1.2259818001962275e-18,2.0122792321330962e-16,0.5,1
terminal46,I0/P8,248,s1,activePotential,0,0,92,x,0,0.0,6.245004513516506e-17,0.5,1
terminal46,I0/P8,248,s1,total,2.3956987860174195e-07,5,576,y,-2.3956987860174195e-07,-6.148205959773061e-12,-1.9869730860655466e-12,0.5,1
terminal46,I0/P8,248,s2,matrix,5.599957997315386e-12,5,576,y,-5.599957997315386e-12,-1.4383724116450164e-16,-3.4050724479622874e-17,0.25,0.5
terminal46,I0/P8,248,s2,volume,1.8977299731659514e-09,5,576,y,-1.8977299731659514e-09,-4.874068929127415e-14,-1.1629884338545948e-14,0.25,0.5
terminal46,I0/P8,248,s2,passiveFiber,3.352873534367973e-14,4,566,z,-3.352873534367973e-14,-2.595378491103361e-19,-1.973247953923618e-17,0.25,0.5
terminal46,I0/P8,248,s2,activePotential,0,0,92,x,0,0.0,4.2500725161431774e-17,0.25,0.5
terminal46,I0/P8,248,s2,total,1.903408985981514e-09,5,576,y,-1.903408985981514e-09,-4.888555564628745e-14,-1.16755563550619e-14,0.25,0.5
terminal46,I0/P8,248,s3,matrix,1.6899676102966055e-14,5,576,y,-1.6899676102966055e-14,-4.364230624557105e-19,-9.709115157902418e-20,0.125,0.25
terminal46,I0/P8,248,s3,volume,5.4787285819202225e-12,5,576,y,-5.4787285819202225e-12,-1.409943214882642e-16,-2.597426532755312e-17,0.125,0.25
terminal46,I0/P8,248,s3,passiveFiber,6.300515664747763e-15,4,566,z,-6.300515664747763e-15,-1.5577830987823729e-19,-6.261267546103788e-18,0.125,0.25
terminal46,I0/P8,248,s3,activePotential,0,0,92,x,0,0.0,-2.8189256484623115e-18,0.125,0.25
terminal46,I0/P8,248,s3,total,5.492384325123112e-12,5,576,y,-5.492384325123112e-12,-1.41019171111995e-16,-3.870601755773251e-17,0.125,0.25
terminal46,I0/P8,248,s4,matrix,4.3151246464923076e-17,5,576,y,-4.3151246464923076e-17,-1.2776715975175395e-21,-6.088049308390284e-22,0.0625,0.125
terminal46,I0/P8,248,s4,volume,1.4301060335952798e-14,5,576,y,-1.4301060335952798e-14,-3.674465623159213e-19,-5.651297944962285e-21,0.0625,0.125
terminal46,I0/P8,248,s4,passiveFiber,9.957312752106873e-16,4,566,z,9.957312752106873e-16,1.490800846641823e-20,8.063753657860939e-19,0.0625,0.125
terminal46,I0/P8,248,s4,activePotential,0,0,92,x,0,0.0,6.505213034913027e-19,0.0625,0.125
terminal46,I0/P8,248,s4,total,1.3933298959045715e-14,5,576,y,-1.3933298959045715e-14,-3.472860569219127e-19,2.168404344971009e-19,0.0625,0.125
terminal46,I0/P8,248,s5,matrix,4.2825985813177425e-18,4,566,y,-4.2825985813177425e-18,-4.251049867022179e-24,1.2076836943274204e-22,0.03125,0.0625
terminal46,I0/P8,248,s5,volume,1.2417909582562725e-15,5,576,y,1.2417909582562725e-15,3.1601149426572597e-20,-5.837310185210147e-22,0.03125,0.0625
terminal46,I0/P8,248,s5,passiveFiber,6.852157730108388e-17,4,566,z,6.852157730108388e-17,-1.2638354196079398e-21,1.2281977735187355e-20,0.03125,0.0625
terminal46,I0/P8,248,s5,activePotential,0,0,92,x,0,0.0,5.082197683525802e-20,0.03125,0.0625
terminal46,I0/P8,248,s5,total,1.2468358864901191e-15,5,576,y,1.2468358864901191e-15,2.9242090799839745e-20,3.3881317890172014e-20,0.03125,0.0625
terminal46,I0/P8,248,s6,matrix,1.1388357975834068e-18,5,576,z,-1.1388357975834068e-18,-1.1771637157214096e-23,-1.075334796318936e-23,0.015625,0.03125
terminal46,I0/P8,248,s6,volume,3.0596185307540935e-16,5,576,y,-3.0596185307540935e-16,-7.845729291344118e-21,-5.66256828080832e-22,0.015625,0.03125
terminal46,I0/P8,248,s6,passiveFiber,2.8297676701871666e-17,4,566,z,2.8297676701871666e-17,-6.747257982437453e-23,1.6887719385882613e-20,0.015625,0.03125
terminal46,I0/P8,248,s6,activePotential,0,0,92,x,0,0.0,-2.6469779601696886e-21,0.015625,0.03125
terminal46,I0/P8,248,s6,total,3.0184188481996443e-16,5,576,y,-3.0184188481996443e-16,-7.326840614859988e-21,-4.0234064994579266e-21,0.015625,0.03125
terminal46,I0/P8,248,s7,matrix,1.7634167170650465e-19,5,576,z,1.7634167170650465e-19,3.675352886920273e-24,1.34416849539867e-24,0.0078125,0.015625
terminal46,I0/P8,248,s7,volume,5.3966163135465983e-17,5,576,y,5.3966163135465983e-17,1.3806850759858662e-21,1.454028420503369e-22,0.0078125,0.015625
terminal46,I0/P8,248,s7,passiveFiber,2.3445871979999033e-18,4,566,z,-2.3445871979999033e-18,8.160291220484447e-24,-2.1308172579365993e-21,0.0078125,0.015625
terminal46,I0/P8,248,s7,activePotential,0,0,92,x,0,0.0,1.138200522872966e-21,0.0078125,0.015625
terminal46,I0/P8,248,s7,total,5.444050158592839e-17,5,576,y,5.444050158592839e-17,1.4002948733946345e-21,-7.940933880509066e-22,0.0078125,0.015625
terminal46,I0/P8,248,s8,matrix,1.8892805190711152e-20,5,576,z,-1.8892805190711152e-20,3.7607072745563414e-26,2.9403685836845906e-25,0.00390625,0.0078125
terminal46,I0/P8,248,s8,volume,5.13301966036106e-19,4,566,y,-5.13301966036106e-19,8.191531402801484e-24,1.819151112763104e-24,0.00390625,0.0078125
terminal46,I0/P8,248,s8,passiveFiber,1.0333801956502464e-19,0,92,z,1.0333801956502464e-19,-4.725477272293844e-24,-1.017432153440224e-22,0.00390625,0.0078125
terminal46,I0/P8,248,s8,activePotential,0,0,92,x,0,0.0,-2.6469779601696886e-23,0.00390625,0.0078125
terminal46,I0/P8,248,s8,total,7.436949276892757e-19,5,576,y,7.436949276892757e-19,2.168984901984027e-23,-3.110199103199384e-22,0.00390625,0.0078125
terminal46,I0/P8,248,s9,matrix,1.0389388493666028e-21,4,566,y,-1.0389388493666028e-21,1.005431393443857e-26,8.885729236409477e-27,0.001953125,0.00390625
terminal46,I0/P8,248,s9,volume,4.563390003332543e-19,5,576,y,4.563390003332543e-19,1.1579121274656937e-23,1.4495855558851642e-24,0.001953125,0.00390625
terminal46,I0/P8,248,s9,passiveFiber,5.95040645446146e-20,4,566,z,-5.95040645446146e-20,-3.283378964362832e-25,-4.311678942932657e-23,0.001953125,0.00390625
terminal46,I0/P8,248,s9,activePotential,0,0,92,x,0,0.0,2.357464745776129e-23,0.001953125,0.00390625
terminal46,I0/P8,248,s9,total,4.552802091491864e-19,5,576,y,4.552802091491864e-19,1.0503208308027496e-23,-3.88774887899923e-23,0.001953125,0.00390625
terminal46,I0/P8,248,s10,matrix,2.9695783990653694e-22,5,576,y,-2.9695783990653694e-22,-9.48779017434502e-27,-1.0349855076499675e-26,0.0009765625,0.001953125
terminal46,I0/P8,248,s10,volume,9.507944832929521e-20,5,576,y,-9.507944832929521e-20,-2.3919618001587794e-24,-3.231679138764606e-25,0.0009765625,0.001953125
terminal46,I0/P8,248,s10,passiveFiber,3.8381180422460484e-21,4,566,z,3.8381180422460484e-21,4.579487447528368e-26,3.605990482848355e-24,0.0009765625,0.001953125
terminal46,I0/P8,248,s10,activePotential,0,0,92,x,0,0.0,-4.652890945610781e-25,0.0009765625,0.001953125
terminal46,I0/P8,248,s10,total,9.86263987959226e-20,5,576,y,-9.86263987959226e-20,-2.4710374042780004e-24,1.1890721305449773e-24,0.0009765625,0.001953125
terminal46,I0/P8,248,s11,matrix,5.790264287871194e-23,5,576,y,5.790264287871194e-23,1.3587488334397791e-27,1.4451931783648936e-27,0.00048828125,0.0009765625
terminal46,I0/P8,248,s11,volume,1.807555074550876e-20,5,576,y,1.807555074550876e-20,4.626372418337662e-25,6.035732558027006e-26,0.00048828125,0.0009765625
terminal46,I0/P8,248,s11,passiveFiber,1.8727369068200547e-21,4,566,z,-1.8727369068200547e-21,-2.973250820954382e-26,-1.4685687047084026e-24,0.00048828125,0.0009765625
terminal46,I0/P8,248,s11,activePotential,0,0,92,x,0,0.0,2.81112161297318e-25,0.00048828125,0.0009765625
terminal46,I0/P8,248,s11,total,1.801268501895473e-20,5,576,y,1.801268501895473e-20,4.414865187981808e-25,-1.4023296322188047e-24,0.00048828125,0.0009765625
terminal46,I0/P8,248,s12,matrix,1.1617687079821918e-23,5,576,z,1.1617687079821918e-23,-1.3203415889197817e-28,-2.5795751600727086e-28,0.000244140625,0.00048828125
terminal46,I0/P8,248,s12,volume,1.2647591565935793e-21,5,576,y,-1.2647591565935793e-21,-3.3143928401713996e-26,-4.149408361462522e-27,0.000244140625,0.00048828125
terminal46,I0/P8,248,s12,passiveFiber,1.5385559393486315e-22,4,566,z,1.5385559393486315e-22,2.4206632546526186e-27,1.3146840302051294e-25,0.000244140625,0.00048828125
terminal46,I0/P8,248,s12,activePotential,0,0,92,x,0,0.0,8.27988406119974e-26,0.000244140625,0.00048828125
terminal46,I0/P8,248,s12,total,1.2659999275124089e-21,5,576,y,-1.2659999275124089e-21,-3.2176120610425383e-26,1.7448341046040428e-25,0.000244140625,0.00048828125
terminal46,I0/P8,248,s13,matrix,1.714541845843556e-25,5,576,z,-1.714541845843556e-25,-2.5870341399805877e-30,9.071900410041636e-30,0.0001220703125,0.000244140625
terminal46,I0/P8,248,s13,volume,2.1816888656086105e-23,5,576,y,-2.1816888656086105e-23,-5.659745463618106e-28,-6.715178455693863e-29,0.0001220703125,0.000244140625
terminal46,I0/P8,248,s13,passiveFiber,1.0132962503774589e-23,4,566,z,1.0132962503774589e-23,2.1923388514778655e-28,9.011946981244839e-27,0.0001220703125,0.000244140625
terminal46,I0/P8,248,s13,activePotential,0,0,92,x,0,0.0,1.9185097214975007e-27,0.0001220703125,0.000244140625
terminal46,I0/P8,248,s13,total,2.212708138579349e-23,5,576,y,-2.212708138579349e-23,-5.246776593687998e-28,1.0804238957906978e-26,0.0001220703125,0.000244140625
terminal46,I0/P8,248,s14,matrix,6.765271123175397e-26,5,576,y,6.765271123175397e-26,1.8965670737518686e-30,2.4898422321038185e-30,6.103515625e-05,0.0001220703125
terminal46,I0/P8,248,s14,volume,1.7661598547714255e-23,5,576,y,1.7661598547714255e-23,4.767033316887777e-28,5.867152982581275e-29,6.103515625e-05,0.0001220703125
terminal46,I0/P8,248,s14,passiveFiber,2.552627671550359e-25,0,92,z,2.552627671550359e-25,-8.971676401542293e-30,9.466330862652142e-30,6.103515625e-05,0.0001220703125
terminal46,I0/P8,248,s14,activePotential,0,0,92,x,0,0.0,-3.7865323450608567e-29,6.103515625e-05,0.0001220703125
terminal46,I0/P8,248,s14,total,1.7939479534743788e-23,5,576,y,1.7939479534743788e-23,4.622542383931398e-28,4.417621069237666e-28,6.103515625e-05,0.0001220703125
terminal46,I0/P8,248,s15,matrix,2.1356042426143232e-26,5,576,y,2.1356042426143232e-26,6.394606475011943e-31,7.611275140218356e-31,3.0517578125e-05,6.103515625e-05
terminal46,I0/P8,248,s15,volume,4.698935178926721e-24,5,576,y,4.698935178926721e-24,1.2323923635747824e-28,1.5495261960561945e-29,3.0517578125e-05,6.103515625e-05
terminal46,I0/P8,248,s15,passiveFiber,5.593970451103239e-26,5,576,z,-5.593970451103239e-26,-2.786183952147947e-32,1.4593926746588718e-29,3.0517578125e-05,6.103515625e-05
terminal46,I0/P8,248,s15,activePotential,0,0,92,x,0,0.0,-8.914128228997433e-29,3.0517578125e-05,6.103515625e-05
terminal46,I0/P8,248,s15,total,4.743363825108768e-24,5,576,y,4.743363825108768e-24,1.2474996312359195e-28,0.0,3.0517578125e-05,6.103515625e-05
terminal46,I0/P8,248,s16,matrix,1.2432447866283146e-27,5,576,y,1.2432447866283146e-27,3.487878839994652e-32,4.988158555962941e-32,1.52587890625e-05,3.0517578125e-05
terminal46,I0/P8,248,s16,volume,3.1332292977930235e-25,5,576,y,3.1332292977930235e-25,8.280082821574118e-30,1.0211280565141124e-30,1.52587890625e-05,3.0517578125e-05
terminal46,I0/P8,248,s16,passiveFiber,1.1208135741380136e-26,4,566,z,-1.1208135741380136e-26,-1.7779381220585967e-31,-5.17689969051289e-30,1.52587890625e-05,3.0517578125e-05
terminal46,I0/P8,248,s16,activePotential,0,0,92,x,0,0.0,1.00579765415679e-29,1.52587890625e-05,3.0517578125e-05
terminal46,I0/P8,248,s16,total,3.0251869082139538e-25,5,576,y,3.0251869082139538e-25,7.703843049883057e-30,0.0,1.52587890625e-05,3.0517578125e-05
terminal46,I0/P8,248,s17,matrix,3.7416658810764116e-28,5,576,z,3.7416658810764116e-28,-1.3497752430219022e-33,-6.885199551184368e-33,7.62939453125e-06,1.52587890625e-05
terminal46,I0/P8,248,s17,volume,3.854689927271952e-26,5,576,y,-3.854689927271952e-26,-9.861021643940535e-31,-1.3418916887518066e-31,7.62939453125e-06,1.52587890625e-05
terminal46,I0/P8,248,s17,passiveFiber,5.1118186658321565e-27,4,566,z,5.1118186658321565e-27,1.0086005640257475e-31,5.411092771750378e-30,7.62939453125e-06,1.52587890625e-05
terminal46,I0/P8,248,s17,activePotential,0,0,92,x,0,0.0,1.947500359764373e-30,7.62939453125e-06,1.52587890625e-05
terminal46,I0/P8,248,s17,total,3.824397668511465e-26,5,576,y,-3.824397668511465e-26,-8.988431261087272e-31,6.335539145056251e-30,7.62939453125e-06,1.52587890625e-05
terminal46,I0/P8,248,s18,matrix,5.90413083751351e-29,5,576,z,5.90413083751351e-29,-1.2742059708482812e-33,-1.7333369499485123e-33,3.814697265625e-06,7.62939453125e-06
terminal46,I0/P8,248,s18,volume,1.4395133798473023e-26,5,576,y,-1.4395133798473023e-26,-3.7462245594607464e-31,-4.8379962056114986e-32,3.814697265625e-06,7.62939453125e-06
terminal46,I0/P8,248,s18,passiveFiber,1.2590220047327348e-27,4,566,z,1.2590220047327348e-27,2.1685728562787068e-32,1.187913589698047e-30,3.814697265625e-06,7.62939453125e-06
terminal46,I0/P8,248,s18,activePotential,0,0,92,x,0,0.0,3.143117669239969e-31,3.814697265625e-06,7.62939453125e-06
terminal46,I0/P8,248,s18,total,1.4278382384500314e-26,5,576,y,-1.4278382384500314e-26,-3.435551508168395e-31,1.4082399753359469e-30,3.814697265625e-06,7.62939453125e-06
terminal46,I0/P8,248,s19,matrix,1.8504334905672562e-30,5,576,z,-1.8504334905672562e-30,-5.722790255154242e-36,1.2789378536946488e-35,1.9073486328125e-06,3.814697265625e-06
terminal46,I0/P8,248,s19,volume,2.3330561271911424e-28,5,576,y,-2.3330561271911424e-28,-6.198737026522693e-33,-7.745097178697888e-34,1.9073486328125e-06,3.814697265625e-06
terminal46,I0/P8,248,s19,passiveFiber,1.7157724688557007e-29,4,566,z,-1.7157724688557007e-29,-2.182690359831198e-34,-1.5407439555097887e-33,1.9073486328125e-06,3.814697265625e-06
terminal46,I0/P8,248,s19,activePotential,0,0,92,x,0,0.0,4.8148248609680896e-33,1.9073486328125e-06,3.814697265625e-06
terminal46,I0/P8,248,s19,total,1.9563750449481093e-28,5,576,y,-1.9563750449481093e-28,-4.848387815582054e-33,-1.9259299443872359e-32,1.9073486328125e-06,3.814697265625e-06
terminal46,I0/P8,248,s20,matrix,2.04148574105047e-31,5,576,y,2.04148574105047e-31,6.086918731816707e-36,5.2191949176509565e-36,9.5367431640625e-07,1.9073486328125e-06
terminal46,I0/P8,248,s20,volume,1.439917671061228e-28,5,576,y,1.439917671061228e-28,3.617745847289346e-33,4.953062996624791e-34,9.5367431640625e-07,1.9073486328125e-06
terminal46,I0/P8,248,s20,passiveFiber,2.1545763473848885e-29,4,566,z,-2.1545763473848885e-29,-2.5814497499958283e-34,-1.6755590516168952e-32,9.5367431640625e-07,1.9073486328125e-06
terminal46,I0/P8,248,s20,activePotential,0,0,92,x,0,0.0,1.9018558200823954e-33,9.5367431640625e-07,1.9073486328125e-06
terminal46,I0/P8,248,s20,total,1.448545837212083e-28,5,576,y,1.448545837212083e-28,3.559152497036989e-33,-1.5455587803707568e-32,9.5367431640625e-07,1.9073486328125e-06
terminal46,I0/P8,248,core,matrix,7.472608184222475e-32,5,576,y,7.472608184222475e-32,1.951711901431183e-36,2.5449452695302525e-36,0,9.5367431640625e-07
terminal46,I0/P8,248,core,volume,2.0011182494161135e-29,5,576,y,2.0011182494161135e-29,5.2872383132208356e-34,6.753215045474042e-35,0,9.5367431640625e-07
terminal46,I0/P8,248,core,passiveFiber,4.221638438096821e-31,4,566,z,-4.221638438096821e-31,-6.106553552269252e-36,-2.2870418089598426e-34,0,9.5367431640625e-07
terminal46,I0/P8,248,core,activePotential,0,0,92,x,0,0.0,-5.356492657827e-34,0,9.5367431640625e-07
terminal46,I0/P8,248,core,total,2.0516546511568346e-29,5,576,y,2.0516546511568346e-29,5.414700713261645e-34,-2.7083389842945504e-34,0,9.5367431640625e-07
